{
"type": "FeatureCollection",
"name": "Garitas TUP",
"features": [
{ "type": "Feature", "properties": { "Name": "Aeropuerto Tte. L. Candelaria - Arribos", "description": "descripción: Código: 0201<br>Coordenadas: -41.1455445 -71.1612425<br>Garita: 1<br>Código: 0201<br>Coordenadas: -41.1455445 -71.1612425<br>Garita: 1.0", "descripci__n": "Código: 0201\nCoordenadas: -41.1455445 -71.1612425\nGarita: 1", "C__digo": "0201", "Coordenadas": "-41.1455445 -71.1612425", "Garita": 1.0, "digo": "0201", "n": "Código: 0201" }, "geometry": { "type": "Point", "coordinates": [ -71.161242, -41.145544 ] } },
{ "type": "Feature", "properties": { "Name": "Diag. Capraro y Roque Sáenz Peña -b", "description": "descripción: Código: 0211<br>Coordenadas: -41.1341387 -71.2894591<br>Garita: 1<br>Código: 0211<br>Coordenadas: -41.1341387 -71.2894591<br>Garita: 1.0", "descripci__n": "Código: 0211\nCoordenadas: -41.1341387 -71.2894591\nGarita: 1", "C__digo": "0211", "Coordenadas": "-41.1341387 -71.2894591", "Garita": 1.0, "digo": "0211", "n": "Código: 0211" }, "geometry": { "type": "Point", "coordinates": [ -71.289459, -41.134139 ] } },
{ "type": "Feature", "properties": { "Name": "Neumeyer y 20 de Febrero", "description": "descripción: Código: 0302<br>Coordenadas: -41.1355677 -71.3105516<br>Garita: 1<br>Código: 0302<br>Coordenadas: -41.1355677 -71.3105516<br>Garita: 1.0", "descripci__n": "Código: 0302\nCoordenadas: -41.1355677 -71.3105516\nGarita: 1", "C__digo": "0302", "Coordenadas": "-41.1355677 -71.3105516", "Garita": 1.0, "digo": "0302", "n": "Código: 0302" }, "geometry": { "type": "Point", "coordinates": [ -71.310552, -41.135568 ] } },
{ "type": "Feature", "properties": { "Name": "Av. de Los Pioneros y Av. Boock -a", "description": "descripción: Código: 0310<br>Coordenadas: -41.1318238 -71.3580411<br>Garita: 1<br>Código: 0310<br>Coordenadas: -41.1318238 -71.3580411<br>Garita: 1.0", "descripci__n": "Código: 0310\nCoordenadas: -41.1318238 -71.3580411\nGarita: 1", "C__digo": "0310", "Coordenadas": "-41.1318238 -71.3580411", "Garita": 1.0, "digo": "0310", "n": "Código: 0310" }, "geometry": { "type": "Point", "coordinates": [ -71.358041, -41.131824 ] } },
{ "type": "Feature", "properties": { "Name": "Av. de Los Pioneros Km.5.300", "description": "descripción: Código: 0314<br>Coordenadas: -41.129429 -71.3727887<br>Garita: 1<br>Código: 0314<br>Coordenadas: -41.129429 -71.3727887<br>Garita: 1.0", "descripci__n": "Código: 0314\nCoordenadas: -41.129429 -71.3727887\nGarita: 1", "C__digo": "0314", "Coordenadas": "-41.129429 -71.3727887", "Garita": 1.0, "digo": "0314", "n": "Código: 0314" }, "geometry": { "type": "Point", "coordinates": [ -71.372789, -41.129429 ] } },
{ "type": "Feature", "properties": { "Name": "Av. de Los Pioneros y Rotonda RN 82", "description": "descripción: Código: 0319<br>Coordenadas: -41.1215839 -71.4050385<br>Garita: 1<br>Código: 0319<br>Coordenadas: -41.1215839 -71.4050385<br>Garita: 1.0", "descripci__n": "Código: 0319\nCoordenadas: -41.1215839 -71.4050385\nGarita: 1", "C__digo": "0319", "Coordenadas": "-41.1215839 -71.4050385", "Garita": 1.0, "digo": "0319", "n": "Código: 0319" }, "geometry": { "type": "Point", "coordinates": [ -71.405038, -41.121584 ] } },
{ "type": "Feature", "properties": { "Name": "Av. de Los Pioneros Km.8.600 -a", "description": "descripción: Código: 0320<br>Coordenadas: -41.1218606 -71.4065911<br>Garita: 1<br>Código: 0320<br>Coordenadas: -41.1218606 -71.4065911<br>Garita: 1.0", "descripci__n": "Código: 0320\nCoordenadas: -41.1218606 -71.4065911\nGarita: 1", "C__digo": "0320", "Coordenadas": "-41.1218606 -71.4065911", "Garita": 1.0, "digo": "0320", "n": "Código: 0320" }, "geometry": { "type": "Point", "coordinates": [ -71.406591, -41.121861 ] } },
{ "type": "Feature", "properties": { "Name": "RP 82 - Centro Atómico -a", "description": "descripción: Código: 0321<br>Coordenadas: -41.1267887 -71.4115031<br>Garita: 1<br>Código: 0321<br>Coordenadas: -41.1267887 -71.4115031<br>Garita: 1.0", "descripci__n": "Código: 0321\nCoordenadas: -41.1267887 -71.4115031\nGarita: 1", "C__digo": "0321", "Coordenadas": "-41.1267887 -71.4115031", "Garita": 1.0, "digo": "0321", "n": "Código: 0321" }, "geometry": { "type": "Point", "coordinates": [ -71.411503, -41.126789 ] } },
{ "type": "Feature", "properties": { "Name": "Esc. N°324 Maestro Alfonso Tórtora -a", "description": "descripción: Código: 0327<br>Coordenadas: -41.1591614 -71.4169596<br>Garita: 1<br>Código: 0327<br>Coordenadas: -41.1591614 -71.4169596<br>Garita: 1.0", "descripci__n": "Código: 0327\nCoordenadas: -41.1591614 -71.4169596\nGarita: 1", "C__digo": "0327", "Coordenadas": "-41.1591614 -71.4169596", "Garita": 1.0, "digo": "0327", "n": "Código: 0327" }, "geometry": { "type": "Point", "coordinates": [ -71.41696, -41.159161 ] } },
{ "type": "Feature", "properties": { "Name": "RP 82 - Centro Atómico -b", "description": "descripción: Código: 0405<br>Coordenadas: -41.1270492 -71.4114797<br>Garita: 1<br>Código: 0405<br>Coordenadas: -41.1270492 -71.4114797<br>Garita: 1.0", "descripci__n": "Código: 0405\nCoordenadas: -41.1270492 -71.4114797\nGarita: 1", "C__digo": "0405", "Coordenadas": "-41.1270492 -71.4114797", "Garita": 1.0, "digo": "0405", "n": "Código: 0405" }, "geometry": { "type": "Point", "coordinates": [ -71.41148, -41.127049 ] } },
{ "type": "Feature", "properties": { "Name": "Av. de Los Pioneros y Libra -b", "description": "descripción: Código: 0410<br>Coordenadas: -41.1260197 -71.396042<br>Garita: 1<br>Código: 0410<br>Coordenadas: -41.1260197 -71.396042<br>Garita: 1.0", "descripci__n": "Código: 0410\nCoordenadas: -41.1260197 -71.396042\nGarita: 1", "C__digo": "0410", "Coordenadas": "-41.1260197 -71.396042", "Garita": 1.0, "digo": "0410", "n": "Código: 0410" }, "geometry": { "type": "Point", "coordinates": [ -71.396042, -41.12602 ] } },
{ "type": "Feature", "properties": { "Name": "Av. de Los Pioneros y Jaime Davalos", "description": "descripción: Código: 0412<br>Coordenadas: -41.1256451 -71.3879525<br>Garita: 1<br>Código: 0412<br>Coordenadas: -41.1256451 -71.3879525<br>Garita: 1.0", "descripci__n": "Código: 0412\nCoordenadas: -41.1256451 -71.3879525\nGarita: 1", "C__digo": "0412", "Coordenadas": "-41.1256451 -71.3879525", "Garita": 1.0, "digo": "0412", "n": "Código: 0412" }, "geometry": { "type": "Point", "coordinates": [ -71.387952, -41.125645 ] } },
{ "type": "Feature", "properties": { "Name": "Av. de Los Pioneros Km.6.500 -b", "description": "descripción: Código: 0413<br>Coordenadas: -41.1269459 -71.3834193<br>Garita: 1<br>Código: 0413<br>Coordenadas: -41.1269459 -71.3834193<br>Garita: 1.0", "descripci__n": "Código: 0413\nCoordenadas: -41.1269459 -71.3834193\nGarita: 1", "C__digo": "0413", "Coordenadas": "-41.1269459 -71.3834193", "Garita": 1.0, "digo": "0413", "n": "Código: 0413" }, "geometry": { "type": "Point", "coordinates": [ -71.383419, -41.126946 ] } },
{ "type": "Feature", "properties": { "Name": "Av. de Los Pioneros y Nilpi -b", "description": "descripción: Código: 0414<br>Coordenadas: -41.1276195 -71.3798076<br>Garita: 1<br>Código: 0414<br>Coordenadas: -41.1276195 -71.3798076<br>Garita: 1.0", "descripci__n": "Código: 0414\nCoordenadas: -41.1276195 -71.3798076\nGarita: 1", "C__digo": "0414", "Coordenadas": "-41.1276195 -71.3798076", "Garita": 1.0, "digo": "0414", "n": "Código: 0414" }, "geometry": { "type": "Point", "coordinates": [ -71.379808, -41.12762 ] } },
{ "type": "Feature", "properties": { "Name": "Av. de Los Pioneros e Hilandera -b", "description": "descripción: Código: 0415<br>Coordenadas: -41.1289243 -71.3753807<br>Garita: 1<br>Código: 0415<br>Coordenadas: -41.1289243 -71.3753807<br>Garita: 1.0", "descripci__n": "Código: 0415\nCoordenadas: -41.1289243 -71.3753807\nGarita: 1", "C__digo": "0415", "Coordenadas": "-41.1289243 -71.3753807", "Garita": 1.0, "digo": "0415", "n": "Código: 0415" }, "geometry": { "type": "Point", "coordinates": [ -71.375381, -41.128924 ] } },
{ "type": "Feature", "properties": { "Name": "Av. de Los Pioneros y P.º de los Artesanos -b", "description": "descripción: Código: 0416<br>Coordenadas: -41.1298098 -71.3720408<br>Garita: 1<br>Código: 0416<br>Coordenadas: -41.1298098 -71.3720408<br>Garita: 1.0", "descripci__n": "Código: 0416\nCoordenadas: -41.1298098 -71.3720408\nGarita: 1", "C__digo": "0416", "Coordenadas": "-41.1298098 -71.3720408", "Garita": 1.0, "digo": "0416", "n": "Código: 0416" }, "geometry": { "type": "Point", "coordinates": [ -71.372041, -41.12981 ] } },
{ "type": "Feature", "properties": { "Name": "Av. de Los Pioneros y Campichuelo -b", "description": "descripción: Código: 0424<br>Coordenadas: -41.1384702 -71.3184965<br>Garita: 1<br>Código: 0424<br>Coordenadas: -41.1384702 -71.3184965<br>Garita: 1.0", "descripci__n": "Código: 0424\nCoordenadas: -41.1384702 -71.3184965\nGarita: 1", "C__digo": "0424", "Coordenadas": "-41.1384702 -71.3184965", "Garita": 1.0, "digo": "0424", "n": "Código: 0424" }, "geometry": { "type": "Point", "coordinates": [ -71.318496, -41.13847 ] } },
{ "type": "Feature", "properties": { "Name": "Onelli y 25 de Mayo", "description": "descripción: Código: 0432<br>Coordenadas: -41.1438693 -71.2987325<br>Garita: 1<br>Código: 0432<br>Coordenadas: -41.1438693 -71.2987325<br>Garita: 1.0", "descripci__n": "Código: 0432\nCoordenadas: -41.1438693 -71.2987325\nGarita: 1", "C__digo": "0432", "Coordenadas": "-41.1438693 -71.2987325", "Garita": 1.0, "digo": "0432", "n": "Código: 0432" }, "geometry": { "type": "Point", "coordinates": [ -71.298732, -41.143869 ] } },
{ "type": "Feature", "properties": { "Name": "Centro de Salud Las Quintas", "description": "descripción: Código: 0434<br>Coordenadas: -41.1477373 -71.2994293<br>Garita: 1<br>Código: 0434<br>Coordenadas: -41.1477373 -71.2994293<br>Garita: 1.0", "descripci__n": "Código: 0434\nCoordenadas: -41.1477373 -71.2994293\nGarita: 1", "C__digo": "0434", "Coordenadas": "-41.1477373 -71.2994293", "Garita": 1.0, "digo": "0434", "n": "Código: 0434" }, "geometry": { "type": "Point", "coordinates": [ -71.299429, -41.147737 ] } },
{ "type": "Feature", "properties": { "Name": "Onelli y Padre Mascardi ", "description": "descripción: Código: 0435<br>Coordenadas: -41.1495423 -71.2997702<br>Garita: 1<br>Código: 0435<br>Coordenadas: -41.1495423 -71.2997702<br>Garita: 1.0", "descripci__n": "Código: 0435\nCoordenadas: -41.1495423 -71.2997702\nGarita: 1", "C__digo": "0435", "Coordenadas": "-41.1495423 -71.2997702", "Garita": 1.0, "digo": "0435", "n": "Código: 0435" }, "geometry": { "type": "Point", "coordinates": [ -71.29977, -41.149542 ] } },
{ "type": "Feature", "properties": { "Name": "Av. Juan Herman y Beschtedt -a", "description": "descripción: Código: 0438<br>Coordenadas: -41.1550689 -71.3055965<br>Garita: 1<br>Código: 0438<br>Coordenadas: -41.1550689 -71.3055965<br>Garita: 1.0", "descripci__n": "Código: 0438\nCoordenadas: -41.1550689 -71.3055965\nGarita: 1", "C__digo": "0438", "Coordenadas": "-41.1550689 -71.3055965", "Garita": 1.0, "digo": "0438", "n": "Código: 0438" }, "geometry": { "type": "Point", "coordinates": [ -71.305596, -41.155069 ] } },
{ "type": "Feature", "properties": { "Name": "Onelli y Enrique Hermite", "description": "descripción: Código: 0440<br>Coordenadas: -41.1581407 -71.3011484<br>Garita: 1<br>Código: 0440<br>Coordenadas: -41.1581407 -71.3011484<br>Garita: 1.0", "descripci__n": "Código: 0440\nCoordenadas: -41.1581407 -71.3011484\nGarita: 1", "C__digo": "0440", "Coordenadas": "-41.1581407 -71.3011484", "Garita": 1.0, "digo": "0440", "n": "Código: 0440" }, "geometry": { "type": "Point", "coordinates": [ -71.301148, -41.158141 ] } },
{ "type": "Feature", "properties": { "Name": "Av. Juan Herman y Beschtedt", "description": "descripción: Código: 0502<br>Coordenadas: -41.15588 -71.3071936<br>Garita: 1<br>Código: 0502<br>Coordenadas: -41.15588 -71.3071936<br>Garita: 1.0", "descripci__n": "Código: 0502\nCoordenadas: -41.15588 -71.3071936\nGarita: 1", "C__digo": "0502", "Coordenadas": "-41.15588 -71.3071936", "Garita": 1.0, "digo": "0502", "n": "Código: 0502" }, "geometry": { "type": "Point", "coordinates": [ -71.307194, -41.15588 ] } },
{ "type": "Feature", "properties": { "Name": "Sobral y Elordi", "description": "descripción: Código: 0505<br>Coordenadas: -41.1548508 -71.2994399<br>Garita: 1<br>Código: 0505<br>Coordenadas: -41.1548508 -71.2994399<br>Garita: 1.0", "descripci__n": "Código: 0505\nCoordenadas: -41.1548508 -71.2994399\nGarita: 1", "C__digo": "0505", "Coordenadas": "-41.1548508 -71.2994399", "Garita": 1.0, "digo": "0505", "n": "Código: 0505" }, "geometry": { "type": "Point", "coordinates": [ -71.29944, -41.154851 ] } },
{ "type": "Feature", "properties": { "Name": "Av. de Los Pioneros 800", "description": "descripción: Código: 0519<br>Coordenadas: -41.1378677 -71.3247143<br>Garita: 1<br>Código: 0519<br>Coordenadas: -41.1378677 -71.3247143<br>Garita: 1.0", "descripci__n": "Código: 0519\nCoordenadas: -41.1378677 -71.3247143\nGarita: 1", "C__digo": "0519", "Coordenadas": "-41.1378677 -71.3247143", "Garita": 1.0, "digo": "0519", "n": "Código: 0519" }, "geometry": { "type": "Point", "coordinates": [ -71.324714, -41.137868 ] } },
{ "type": "Feature", "properties": { "Name": "RP 82 y Virgen de las Nieves -a", "description": "descripción: Código: 0534<br>Coordenadas: -41.1329714 -71.4140318<br>Garita: 1<br>Código: 0534<br>Coordenadas: -41.1329714 -71.4140318<br>Garita: 1.0", "descripci__n": "Código: 0534\nCoordenadas: -41.1329714 -71.4140318\nGarita: 1", "C__digo": "0534", "Coordenadas": "-41.1329714 -71.4140318", "Garita": 1.0, "digo": "0534", "n": "Código: 0534" }, "geometry": { "type": "Point", "coordinates": [ -71.414032, -41.132971 ] } },
{ "type": "Feature", "properties": { "Name": "RP 82 y Puente Negro -a", "description": "descripción: Código: 0535<br>Coordenadas: -41.1446572 -71.410382<br>Garita: 1<br>Código: 0535<br>Coordenadas: -41.1446572 -71.410382<br>Garita: 1.0", "descripci__n": "Código: 0535\nCoordenadas: -41.1446572 -71.410382\nGarita: 1", "C__digo": "0535", "Coordenadas": "-41.1446572 -71.410382", "Garita": 1.0, "digo": "0535", "n": "Código: 0535" }, "geometry": { "type": "Point", "coordinates": [ -71.410382, -41.144657 ] } },
{ "type": "Feature", "properties": { "Name": "RP 82 y Centro Secundario -a", "description": "descripción: Código: 0536<br>Coordenadas: -41.1483003 -71.4095696<br>Garita: 1<br>Código: 0536<br>Coordenadas: -41.1483003 -71.4095696<br>Garita: 1.0", "descripci__n": "Código: 0536\nCoordenadas: -41.1483003 -71.4095696\nGarita: 1", "C__digo": "0536", "Coordenadas": "-41.1483003 -71.4095696", "Garita": 1.0, "digo": "0536", "n": "Código: 0536" }, "geometry": { "type": "Point", "coordinates": [ -71.40957, -41.1483 ] } },
{ "type": "Feature", "properties": { "Name": "RP 82 Km.4.200 -a", "description": "descripción: Código: 0537<br>Coordenadas: -41.1506482 -71.4089954<br>Garita: 1<br>Código: 0537<br>Coordenadas: -41.1506482 -71.4089954<br>Garita: 1.0", "descripci__n": "Código: 0537\nCoordenadas: -41.1506482 -71.4089954\nGarita: 1", "C__digo": "0537", "Coordenadas": "-41.1506482 -71.4089954", "Garita": 1.0, "digo": "0537", "n": "Código: 0537" }, "geometry": { "type": "Point", "coordinates": [ -71.408995, -41.150648 ] } },
{ "type": "Feature", "properties": { "Name": "RP 82 Acceso Arelauquen -b", "description": "descripción: Código: 0601<br>Coordenadas: -41.1714741 -71.3938419<br>Garita: 1<br>Código: 0601<br>Coordenadas: -41.1714741 -71.3938419<br>Garita: 1.0", "descripci__n": "Código: 0601\nCoordenadas: -41.1714741 -71.3938419\nGarita: 1", "C__digo": "0601", "Coordenadas": "-41.1714741 -71.3938419", "Garita": 1.0, "digo": "0601", "n": "Código: 0601" }, "geometry": { "type": "Point", "coordinates": [ -71.393842, -41.171474 ] } },
{ "type": "Feature", "properties": { "Name": "Esc. N°324 Maestro Alfonso Tórtora -b", "description": "descripción: Código: 0603<br>Coordenadas: -41.1592707 -71.4170439<br>Garita: 1<br>Código: 0603<br>Coordenadas: -41.1592707 -71.4170439<br>Garita: 1.0", "descripci__n": "Código: 0603\nCoordenadas: -41.1592707 -71.4170439\nGarita: 1", "C__digo": "0603", "Coordenadas": "-41.1592707 -71.4170439", "Garita": 1.0, "digo": "0603", "n": "Código: 0603" }, "geometry": { "type": "Point", "coordinates": [ -71.417044, -41.159271 ] } },
{ "type": "Feature", "properties": { "Name": "Balcón Gutiérrez y P. Nac. Los Alerces -b", "description": "descripción: Código: 0604<br>Coordenadas: -41.161479 -71.4130635<br>Garita: 1<br>Código: 0604<br>Coordenadas: -41.161479 -71.4130635<br>Garita: 1.0", "descripci__n": "Código: 0604\nCoordenadas: -41.161479 -71.4130635\nGarita: 1", "C__digo": "0604", "Coordenadas": "-41.161479 -71.4130635", "Garita": 1.0, "digo": "0604", "n": "Código: 0604" }, "geometry": { "type": "Point", "coordinates": [ -71.413064, -41.161479 ] } },
{ "type": "Feature", "properties": { "Name": "RP 82 Km.4200 -b", "description": "descripción: Código: 0607<br>Coordenadas: -41.1506322 -71.40874<br>Garita: 1<br>Código: 0607<br>Coordenadas: -41.1506322 -71.40874<br>Garita: 1.0", "descripci__n": "Código: 0607\nCoordenadas: -41.1506322 -71.40874\nGarita: 1", "C__digo": "0607", "Coordenadas": "-41.1506322 -71.40874", "Garita": 1.0, "digo": "0607", "n": "Código: 0607" }, "geometry": { "type": "Point", "coordinates": [ -71.40874, -41.150632 ] } },
{ "type": "Feature", "properties": { "Name": "RP 82 y Puente Negro -b", "description": "descripción: Código: 0609<br>Coordenadas: -41.1443015 -71.4102141<br>Garita: 1<br>Código: 0609<br>Coordenadas: -41.1443015 -71.4102141<br>Garita: 1.0", "descripci__n": "Código: 0609\nCoordenadas: -41.1443015 -71.4102141\nGarita: 1", "C__digo": "0609", "Coordenadas": "-41.1443015 -71.4102141", "Garita": 1.0, "digo": "0609", "n": "Código: 0609" }, "geometry": { "type": "Point", "coordinates": [ -71.410214, -41.144302 ] } },
{ "type": "Feature", "properties": { "Name": "RP 82 y Virgen de las Nieves -b", "description": "descripción: Código: 0610<br>Coordenadas: -41.1328085 -71.4137968<br>Garita: 1<br>Código: 0610<br>Coordenadas: -41.1328085 -71.4137968<br>Garita: 1.0", "descripci__n": "Código: 0610\nCoordenadas: -41.1328085 -71.4137968\nGarita: 1", "C__digo": "0610", "Coordenadas": "-41.1328085 -71.4137968", "Garita": 1.0, "digo": "0610", "n": "Código: 0610" }, "geometry": { "type": "Point", "coordinates": [ -71.413797, -41.132808 ] } },
{ "type": "Feature", "properties": { "Name": "Av. de Los Pioneros y Naos", "description": "descripción: Código: 0613<br>Coordenadas: -41.1241708 -71.4010244<br>Garita: 1<br>Código: 0613<br>Coordenadas: -41.1241708 -71.4010244<br>Garita: 1.0", "descripci__n": "Código: 0613\nCoordenadas: -41.1241708 -71.4010244\nGarita: 1", "C__digo": "0613", "Coordenadas": "-41.1241708 -71.4010244", "Garita": 1.0, "digo": "0613", "n": "Código: 0613" }, "geometry": { "type": "Point", "coordinates": [ -71.401024, -41.124171 ] } },
{ "type": "Feature", "properties": { "Name": "Av. de Los Pioneros y Libra -a", "description": "descripción: Código: 0614<br>Coordenadas: -41.1259048 -71.3957457<br>Garita: 1<br>Código: 0614<br>Coordenadas: -41.1259048 -71.3957457<br>Garita: 1.0", "descripci__n": "Código: 0614\nCoordenadas: -41.1259048 -71.3957457\nGarita: 1", "C__digo": "0614", "Coordenadas": "-41.1259048 -71.3957457", "Garita": 1.0, "digo": "0614", "n": "Código: 0614" }, "geometry": { "type": "Point", "coordinates": [ -71.395746, -41.125905 ] } },
{ "type": "Feature", "properties": { "Name": "Av. de Los Pioneros y Calafate", "description": "descripción: Código: 0615<br>Coordenadas: -41.1268604 -71.3930553<br>Garita: 1<br>Código: 0615<br>Coordenadas: -41.1268604 -71.3930553<br>Garita: 1.0", "descripci__n": "Código: 0615\nCoordenadas: -41.1268604 -71.3930553\nGarita: 1", "C__digo": "0615", "Coordenadas": "-41.1268604 -71.3930553", "Garita": 1.0, "digo": "0615", "n": "Código: 0615" }, "geometry": { "type": "Point", "coordinates": [ -71.393055, -41.12686 ] } },
{ "type": "Feature", "properties": { "Name": "Av. de Los Pioneros Km.6.500 -a", "description": "descripción: Código: 0617<br>Coordenadas: -41.126735 -71.3831841<br>Garita: 1<br>Código: 0617<br>Coordenadas: -41.126735 -71.3831841<br>Garita: 1.0", "descripci__n": "Código: 0617\nCoordenadas: -41.126735 -71.3831841\nGarita: 1", "C__digo": "0617", "Coordenadas": "-41.126735 -71.3831841", "Garita": 1.0, "digo": "0617", "n": "Código: 0617" }, "geometry": { "type": "Point", "coordinates": [ -71.383184, -41.126735 ] } },
{ "type": "Feature", "properties": { "Name": "Av. de Los Pioneros y Nilpi -a", "description": "descripción: Código: 0618<br>Coordenadas: -41.1276206 -71.3792534<br>Garita: 1<br>Código: 0618<br>Coordenadas: -41.1276206 -71.3792534<br>Garita: 1.0", "descripci__n": "Código: 0618\nCoordenadas: -41.1276206 -71.3792534\nGarita: 1", "C__digo": "0618", "Coordenadas": "-41.1276206 -71.3792534", "Garita": 1.0, "digo": "0618", "n": "Código: 0618" }, "geometry": { "type": "Point", "coordinates": [ -71.379253, -41.127621 ] } },
{ "type": "Feature", "properties": { "Name": "Av. de Los Pioneros e Hilandera -a", "description": "descripción: Código: 0619<br>Coordenadas: -41.1287282 -71.3757121<br>Garita: 1<br>Código: 0619<br>Coordenadas: -41.1287282 -71.3757121<br>Garita: 1.0", "descripci__n": "Código: 0619\nCoordenadas: -41.1287282 -71.3757121\nGarita: 1", "C__digo": "0619", "Coordenadas": "-41.1287282 -71.3757121", "Garita": 1.0, "digo": "0619", "n": "Código: 0619" }, "geometry": { "type": "Point", "coordinates": [ -71.375712, -41.128728 ] } },
{ "type": "Feature", "properties": { "Name": "Av. de Los Pioneros Km.3.600 -a", "description": "descripción: Código: 0625<br>Coordenadas: -41.1326752 -71.3531509<br>Garita: 1<br>Código: 0625<br>Coordenadas: -41.1326752 -71.3531509<br>Garita: 1.0", "descripci__n": "Código: 0625\nCoordenadas: -41.1326752 -71.3531509\nGarita: 1", "C__digo": "0625", "Coordenadas": "-41.1326752 -71.3531509", "Garita": 1.0, "digo": "0625", "n": "Código: 0625" }, "geometry": { "type": "Point", "coordinates": [ -71.353151, -41.132675 ] } },
{ "type": "Feature", "properties": { "Name": "Av. de Los Pioneros y Los Maitenes -a", "description": "descripción: Código: 0627<br>Coordenadas: -41.1347798 -71.3437681<br>Garita: 1<br>Código: 0627<br>Coordenadas: -41.1347798 -71.3437681<br>Garita: 1.0", "descripci__n": "Código: 0627\nCoordenadas: -41.1347798 -71.3437681\nGarita: 1", "C__digo": "0627", "Coordenadas": "-41.1347798 -71.3437681", "Garita": 1.0, "digo": "0627", "n": "Código: 0627" }, "geometry": { "type": "Point", "coordinates": [ -71.343768, -41.13478 ] } },
{ "type": "Feature", "properties": { "Name": "Av. de Los Pioneros y Las Vertientes -a", "description": "descripción: Código: 0628<br>Coordenadas: -41.1360966 -71.3374498<br>Garita: 1<br>Código: 0628<br>Coordenadas: -41.1360966 -71.3374498<br>Garita: 1.0", "descripci__n": "Código: 0628\nCoordenadas: -41.1360966 -71.3374498\nGarita: 1", "C__digo": "0628", "Coordenadas": "-41.1360966 -71.3374498", "Garita": 1.0, "digo": "0628", "n": "Código: 0628" }, "geometry": { "type": "Point", "coordinates": [ -71.33745, -41.136097 ] } },
{ "type": "Feature", "properties": { "Name": "Av. Bustillo 12.400 -a", "description": "descripción: Código: 0708<br>Coordenadas: -41.1053913 -71.4400389<br>Garita: 1<br>Código: 0708<br>Coordenadas: -41.1053913 -71.4400389<br>Garita: 1.0", "descripci__n": "Código: 0708\nCoordenadas: -41.1053913 -71.4400389\nGarita: 1", "C__digo": "0708", "Coordenadas": "-41.1053913 -71.4400389", "Garita": 1.0, "digo": "0708", "n": "Código: 0708" }, "geometry": { "type": "Point", "coordinates": [ -71.440039, -41.105391 ] } },
{ "type": "Feature", "properties": { "Name": "Av. Bustillo Km.12.700 -a", "description": "descripción: Código: 0709<br>Coordenadas: -41.1032412 -71.4424341<br>Garita: 1<br>Código: 0709<br>Coordenadas: -41.1032412 -71.4424341<br>Garita: 1.0", "descripci__n": "Código: 0709\nCoordenadas: -41.1032412 -71.4424341\nGarita: 1", "C__digo": "0709", "Coordenadas": "-41.1032412 -71.4424341", "Garita": 1.0, "digo": "0709", "n": "Código: 0709" }, "geometry": { "type": "Point", "coordinates": [ -71.442434, -41.103241 ] } },
{ "type": "Feature", "properties": { "Name": "Av. Bustillo Km.13 -a", "description": "descripción: Código: 0710<br>Coordenadas: -41.1002918 -71.4455247<br>Garita: 1<br>Código: 0710<br>Coordenadas: -41.1002918 -71.4455247<br>Garita: 1.0", "descripci__n": "Código: 0710\nCoordenadas: -41.1002918 -71.4455247\nGarita: 1", "C__digo": "0710", "Coordenadas": "-41.1002918 -71.4455247", "Garita": 1.0, "digo": "0710", "n": "Código: 0710" }, "geometry": { "type": "Point", "coordinates": [ -71.445525, -41.100292 ] } },
{ "type": "Feature", "properties": { "Name": "Av. Bustillo Km.13.900 -a", "description": "descripción: Código: 0713<br>Coordenadas: -41.0937978 -71.4494465<br>Garita: 1<br>Código: 0713<br>Coordenadas: -41.0937978 -71.4494465<br>Garita: 1.0", "descripci__n": "Código: 0713\nCoordenadas: -41.0937978 -71.4494465\nGarita: 1", "C__digo": "0713", "Coordenadas": "-41.0937978 -71.4494465", "Garita": 1.0, "digo": "0713", "n": "Código: 0713" }, "geometry": { "type": "Point", "coordinates": [ -71.449446, -41.093798 ] } },
{ "type": "Feature", "properties": { "Name": "Av. Bustillo Km.15.500 -a", "description": "descripción: Código: 0717<br>Coordenadas: -41.0845169 -71.4616839<br>Garita: 1<br>Código: 0717<br>Coordenadas: -41.0845169 -71.4616839<br>Garita: 1.0", "descripci__n": "Código: 0717\nCoordenadas: -41.0845169 -71.4616839\nGarita: 1", "C__digo": "0717", "Coordenadas": "-41.0845169 -71.4616839", "Garita": 1.0, "digo": "0717", "n": "Código: 0717" }, "geometry": { "type": "Point", "coordinates": [ -71.461684, -41.084517 ] } },
{ "type": "Feature", "properties": { "Name": "Av. Bustillo Km.17.100 -a", "description": "descripción: Código: 0720<br>Coordenadas: -41.0730801 -71.4694049<br>Garita: 1<br>Código: 0720<br>Coordenadas: -41.0730801 -71.4694049<br>Garita: 1.0", "descripci__n": "Código: 0720\nCoordenadas: -41.0730801 -71.4694049\nGarita: 1", "C__digo": "0720", "Coordenadas": "-41.0730801 -71.4694049", "Garita": 1.0, "digo": "0720", "n": "Código: 0720" }, "geometry": { "type": "Point", "coordinates": [ -71.469405, -41.07308 ] } },
{ "type": "Feature", "properties": { "Name": "Av. Bustillo y Cerro Campanario -a", "description": "descripción: Código: 0721<br>Coordenadas: -41.0700957 -71.4735276<br>Garita: 1<br>Código: 0721<br>Coordenadas: -41.0700957 -71.4735276<br>Garita: 1.0", "descripci__n": "Código: 0721\nCoordenadas: -41.0700957 -71.4735276\nGarita: 1", "C__digo": "0721", "Coordenadas": "-41.0700957 -71.4735276", "Garita": 1.0, "digo": "0721", "n": "Código: 0721" }, "geometry": { "type": "Point", "coordinates": [ -71.473528, -41.070096 ] } },
{ "type": "Feature", "properties": { "Name": "Av. Bustillo Km.19 - Escuela 48 -a", "description": "descripción: Código: 0725<br>Coordenadas: -41.0615095 -71.4895746<br>Garita: 1<br>Código: 0725<br>Coordenadas: -41.0615095 -71.4895746<br>Garita: 1.0", "descripci__n": "Código: 0725\nCoordenadas: -41.0615095 -71.4895746\nGarita: 1", "C__digo": "0725", "Coordenadas": "-41.0615095 -71.4895746", "Garita": 1.0, "digo": "0725", "n": "Código: 0725" }, "geometry": { "type": "Point", "coordinates": [ -71.489575, -41.06151 ] } },
{ "type": "Feature", "properties": { "Name": "Av. Bustillo Km.19.700 - Bomberos  -a", "description": "descripción: Código: 0726<br>Coordenadas: -41.0591624 -71.4915188<br>Garita: 1<br>Código: 0726<br>Coordenadas: -41.0591624 -71.4915188<br>Garita: 1.0", "descripci__n": "Código: 0726\nCoordenadas: -41.0591624 -71.4915188\nGarita: 1", "C__digo": "0726", "Coordenadas": "-41.0591624 -71.4915188", "Garita": 1.0, "digo": "0726", "n": "Código: 0726" }, "geometry": { "type": "Point", "coordinates": [ -71.491519, -41.059162 ] } },
{ "type": "Feature", "properties": { "Name": "Av. Bustillo Km.24 -a", "description": "descripción: Código: 0737<br>Coordenadas: -41.0475765 -71.5220165<br>Garita: 1<br>Código: 0737<br>Coordenadas: -41.0475765 -71.5220165<br>Garita: 1.0", "descripci__n": "Código: 0737\nCoordenadas: -41.0475765 -71.5220165\nGarita: 1", "C__digo": "0737", "Coordenadas": "-41.0475765 -71.5220165", "Garita": 1.0, "digo": "0737", "n": "Código: 0737" }, "geometry": { "type": "Point", "coordinates": [ -71.522016, -41.047576 ] } },
{ "type": "Feature", "properties": { "Name": "Av. Bustillo - Puerto Pañuelo -a", "description": "descripción: Código: 0742<br>Coordenadas: -41.0547417 -71.5303588<br>Garita: 1<br>Código: 0742<br>Coordenadas: -41.0547417 -71.5303588<br>Garita: 1.0", "descripci__n": "Código: 0742\nCoordenadas: -41.0547417 -71.5303588\nGarita: 1", "C__digo": "0742", "Coordenadas": "-41.0547417 -71.5303588", "Garita": 1.0, "digo": "0742", "n": "Código: 0742" }, "geometry": { "type": "Point", "coordinates": [ -71.530359, -41.054742 ] } },
{ "type": "Feature", "properties": { "Name": "Av. Bustillo - Puerto Pañuelo -b", "description": "descripción: Código: 0802<br>Coordenadas: -41.054947 -71.5302749<br>Garita: 1<br>Código: 0802<br>Coordenadas: -41.054947 -71.5302749<br>Garita: 1.0", "descripci__n": "Código: 0802\nCoordenadas: -41.054947 -71.5302749\nGarita: 1", "C__digo": "0802", "Coordenadas": "-41.054947 -71.5302749", "Garita": 1.0, "digo": "0802", "n": "Código: 0802" }, "geometry": { "type": "Point", "coordinates": [ -71.530275, -41.054947 ] } },
{ "type": "Feature", "properties": { "Name": "Av. Bustillo Km.24.700 - Puesto Policial -b", "description": "descripción: Código: 0804<br>Coordenadas: -41.0518825 -71.5249078<br>Garita: 1<br>Código: 0804<br>Coordenadas: -41.0518825 -71.5249078<br>Garita: 1.0", "descripci__n": "Código: 0804\nCoordenadas: -41.0518825 -71.5249078\nGarita: 1", "C__digo": "0804", "Coordenadas": "-41.0518825 -71.5249078", "Garita": 1.0, "digo": "0804", "n": "Código: 0804" }, "geometry": { "type": "Point", "coordinates": [ -71.524908, -41.051882 ] } },
{ "type": "Feature", "properties": { "Name": "Av. Bustillo Km.24.300 -b", "description": "descripción: Código: 0805<br>Coordenadas: -41.0508213 -71.5224721<br>Garita: 1<br>Código: 0805<br>Coordenadas: -41.0508213 -71.5224721<br>Garita: 1.0", "descripci__n": "Código: 0805\nCoordenadas: -41.0508213 -71.5224721\nGarita: 1", "C__digo": "0805", "Coordenadas": "-41.0508213 -71.5224721", "Garita": 1.0, "digo": "0805", "n": "Código: 0805" }, "geometry": { "type": "Point", "coordinates": [ -71.522472, -41.050821 ] } },
{ "type": "Feature", "properties": { "Name": "Av. Bustillo Km.23.400 -b", "description": "descripción: Código: 0809<br>Coordenadas: -41.0445086 -71.5163896<br>Garita: 1<br>Código: 0809<br>Coordenadas: -41.0445086 -71.5163896<br>Garita: 1.0", "descripci__n": "Código: 0809\nCoordenadas: -41.0445086 -71.5163896\nGarita: 1", "C__digo": "0809", "Coordenadas": "-41.0445086 -71.5163896", "Garita": 1.0, "digo": "0809", "n": "Código: 0809" }, "geometry": { "type": "Point", "coordinates": [ -71.51639, -41.044509 ] } },
{ "type": "Feature", "properties": { "Name": "Av. Bustillo Km.23 -b", "description": "descripción: Código: 0810<br>Coordenadas: -41.0457225 -71.5132466<br>Garita: 1<br>Código: 0810<br>Coordenadas: -41.0457225 -71.5132466<br>Garita: 1.0", "descripci__n": "Código: 0810\nCoordenadas: -41.0457225 -71.5132466\nGarita: 1", "C__digo": "0810", "Coordenadas": "-41.0457225 -71.5132466", "Garita": 1.0, "digo": "0810", "n": "Código: 0810" }, "geometry": { "type": "Point", "coordinates": [ -71.513247, -41.045722 ] } },
{ "type": "Feature", "properties": { "Name": "Av. Bustillo Km.22.900 -b", "description": "descripción: Código: 0811<br>Coordenadas: -41.0460244 -71.5112915<br>Garita: 1<br>Código: 0811<br>Coordenadas: -41.0460244 -71.5112915<br>Garita: 1.0", "descripci__n": "Código: 0811\nCoordenadas: -41.0460244 -71.5112915\nGarita: 1", "C__digo": "0811", "Coordenadas": "-41.0460244 -71.5112915", "Garita": 1.0, "digo": "0811", "n": "Código: 0811" }, "geometry": { "type": "Point", "coordinates": [ -71.511292, -41.046024 ] } },
{ "type": "Feature", "properties": { "Name": "Av. Bustillo km.21 -b", "description": "descripción: Código: 0815<br>Coordenadas: -41.0533171 -71.4939022<br>Garita: 1<br>Código: 0815<br>Coordenadas: -41.0533171 -71.4939022<br>Garita: 1.0", "descripci__n": "Código: 0815\nCoordenadas: -41.0533171 -71.4939022\nGarita: 1", "C__digo": "0815", "Coordenadas": "-41.0533171 -71.4939022", "Garita": 1.0, "digo": "0815", "n": "Código: 0815" }, "geometry": { "type": "Point", "coordinates": [ -71.493902, -41.053317 ] } },
{ "type": "Feature", "properties": { "Name": "Av. Bustillo y Av. del Campanario -b", "description": "descripción: Código: 0816<br>Coordenadas: -41.0555345 -71.4891668<br>Garita: 1<br>Código: 0816<br>Coordenadas: -41.0555345 -71.4891668<br>Garita: 1.0", "descripci__n": "Código: 0816\nCoordenadas: -41.0555345 -71.4891668\nGarita: 1", "C__digo": "0816", "Coordenadas": "-41.0555345 -71.4891668", "Garita": 1.0, "digo": "0816", "n": "Código: 0816" }, "geometry": { "type": "Point", "coordinates": [ -71.489167, -41.055534 ] } },
{ "type": "Feature", "properties": { "Name": "Av. Bustillo Km.20 - b", "description": "descripción: Código: 0817<br>Coordenadas: -41.0577155 -71.491296<br>Garita: 1<br>Código: 0817<br>Coordenadas: -41.0577155 -71.491296<br>Garita: 1.0", "descripci__n": "Código: 0817\nCoordenadas: -41.0577155 -71.491296\nGarita: 1", "C__digo": "0817", "Coordenadas": "-41.0577155 -71.491296", "Garita": 1.0, "digo": "0817", "n": "Código: 0817" }, "geometry": { "type": "Point", "coordinates": [ -71.491296, -41.057716 ] } },
{ "type": "Feature", "properties": { "Name": "Av. Bustillo Km.19.700 - Bomberos -b", "description": "descripción: Código: 0818<br>Coordenadas: -41.0590314 -71.4917243<br>Garita: 1<br>Código: 0818<br>Coordenadas: -41.0590314 -71.4917243<br>Garita: 1.0", "descripci__n": "Código: 0818\nCoordenadas: -41.0590314 -71.4917243\nGarita: 1", "C__digo": "0818", "Coordenadas": "-41.0590314 -71.4917243", "Garita": 1.0, "digo": "0818", "n": "Código: 0818" }, "geometry": { "type": "Point", "coordinates": [ -71.491724, -41.059031 ] } },
{ "type": "Feature", "properties": { "Name": "Av. Bustillo Km.17.100 -b", "description": "descripción: Código: 0823<br>Coordenadas: -41.0731881 -71.4694927<br>Garita: 1<br>Código: 0823<br>Coordenadas: -41.0731881 -71.4694927<br>Garita: 1.0", "descripci__n": "Código: 0823\nCoordenadas: -41.0731881 -71.4694927\nGarita: 1", "C__digo": "0823", "Coordenadas": "-41.0731881 -71.4694927", "Garita": 1.0, "digo": "0823", "n": "Código: 0823" }, "geometry": { "type": "Point", "coordinates": [ -71.469493, -41.073188 ] } },
{ "type": "Feature", "properties": { "Name": "Av. Bustillo y Jorge Cafrune -b", "description": "descripción: Código: 0824<br>Coordenadas: -41.0783489 -71.4645929<br>Garita: 1<br>Código: 0824<br>Coordenadas: -41.0783489 -71.4645929<br>Garita: 1.0", "descripci__n": "Código: 0824\nCoordenadas: -41.0783489 -71.4645929\nGarita: 1", "C__digo": "0824", "Coordenadas": "-41.0783489 -71.4645929", "Garita": 1.0, "digo": "0824", "n": "Código: 0824" }, "geometry": { "type": "Point", "coordinates": [ -71.464593, -41.078349 ] } },
{ "type": "Feature", "properties": { "Name": "Av. Bustillo Km.15.500 -b", "description": "descripción: Código: 0826<br>Coordenadas: -41.084866 -71.4616898<br>Garita: 1<br>Código: 0826<br>Coordenadas: -41.084866 -71.4616898<br>Garita: 1.0", "descripci__n": "Código: 0826\nCoordenadas: -41.084866 -71.4616898\nGarita: 1", "C__digo": "0826", "Coordenadas": "-41.084866 -71.4616898", "Garita": 1.0, "digo": "0826", "n": "Código: 0826" }, "geometry": { "type": "Point", "coordinates": [ -71.46169, -41.084866 ] } },
{ "type": "Feature", "properties": { "Name": "Av. Bustillo y Cerro Chico", "description": "descripción: Código: 0827<br>Coordenadas: -41.087924 -71.4587027<br>Garita: 1<br>Código: 0827<br>Coordenadas: -41.087924 -71.4587027<br>Garita: 1.0", "descripci__n": "Código: 0827\nCoordenadas: -41.087924 -71.4587027\nGarita: 1", "C__digo": "0827", "Coordenadas": "-41.087924 -71.4587027", "Garita": 1.0, "digo": "0827", "n": "Código: 0827" }, "geometry": { "type": "Point", "coordinates": [ -71.458703, -41.087924 ] } },
{ "type": "Feature", "properties": { "Name": "Av. Bustillo Km.13.900 -b", "description": "descripción: Código: 0829<br>Coordenadas: -41.0938302 -71.4496363<br>Garita: 1<br>Código: 0829<br>Coordenadas: -41.0938302 -71.4496363<br>Garita: 1.0", "descripci__n": "Código: 0829\nCoordenadas: -41.0938302 -71.4496363\nGarita: 1", "C__digo": "0829", "Coordenadas": "-41.0938302 -71.4496363", "Garita": 1.0, "digo": "0829", "n": "Código: 0829" }, "geometry": { "type": "Point", "coordinates": [ -71.449636, -41.09383 ] } },
{ "type": "Feature", "properties": { "Name": "Av. Bustillo Km.13.600 -b", "description": "descripción: Código: 0830<br>Coordenadas: -41.0961587 -71.4490295<br>Garita: 1<br>Código: 0830<br>Coordenadas: -41.0961587 -71.4490295<br>Garita: 1.0", "descripci__n": "Código: 0830\nCoordenadas: -41.0961587 -71.4490295\nGarita: 1", "C__digo": "0830", "Coordenadas": "-41.0961587 -71.4490295", "Garita": 1.0, "digo": "0830", "n": "Código: 0830" }, "geometry": { "type": "Point", "coordinates": [ -71.44903, -41.096159 ] } },
{ "type": "Feature", "properties": { "Name": "Av. Bustillo Km.13.400 -b", "description": "descripción: Código: 0831<br>Coordenadas: -41.0979812 -71.448199<br>Garita: 1<br>Código: 0831<br>Coordenadas: -41.0979812 -71.448199<br>Garita: 1.0", "descripci__n": "Código: 0831\nCoordenadas: -41.0979812 -71.448199\nGarita: 1", "C__digo": "0831", "Coordenadas": "-41.0979812 -71.448199", "Garita": 1.0, "digo": "0831", "n": "Código: 0831" }, "geometry": { "type": "Point", "coordinates": [ -71.448199, -41.097981 ] } },
{ "type": "Feature", "properties": { "Name": "Av. Bustillo Km.13 -b", "description": "descripción: Código: 0832<br>Coordenadas: -41.1002713 -71.4458738<br>Garita: 1<br>Código: 0832<br>Coordenadas: -41.1002713 -71.4458738<br>Garita: 1.0", "descripci__n": "Código: 0832\nCoordenadas: -41.1002713 -71.4458738\nGarita: 1", "C__digo": "0832", "Coordenadas": "-41.1002713 -71.4458738", "Garita": 1.0, "digo": "0832", "n": "Código: 0832" }, "geometry": { "type": "Point", "coordinates": [ -71.445874, -41.100271 ] } },
{ "type": "Feature", "properties": { "Name": "Av. Bustillo Km.12.400 -b", "description": "descripción: Código: 0834<br>Coordenadas: -41.105556 -71.4401367<br>Garita: 1<br>Código: 0834<br>Coordenadas: -41.105556 -71.4401367<br>Garita: 1.0", "descripci__n": "Código: 0834\nCoordenadas: -41.105556 -71.4401367\nGarita: 1", "C__digo": "0834", "Coordenadas": "-41.105556 -71.4401367", "Garita": 1.0, "digo": "0834", "n": "Código: 0834" }, "geometry": { "type": "Point", "coordinates": [ -71.440137, -41.105556 ] } },
{ "type": "Feature", "properties": { "Name": "Av. Bustillo Km.11.400 -b", "description": "descripción: Código: 0836<br>Coordenadas: -41.1098932 -71.4303886<br>Garita: 1<br>Código: 0836<br>Coordenadas: -41.1098932 -71.4303886<br>Garita: 1.0", "descripci__n": "Código: 0836\nCoordenadas: -41.1098932 -71.4303886\nGarita: 1", "C__digo": "0836", "Coordenadas": "-41.1098932 -71.4303886", "Garita": 1.0, "digo": "0836", "n": "Código: 0836" }, "geometry": { "type": "Point", "coordinates": [ -71.430389, -41.109893 ] } },
{ "type": "Feature", "properties": { "Name": "Av. Bustillo y Cóndores -b", "description": "descripción: Código: 0838<br>Coordenadas: -41.1106997 -71.424336<br>Garita: 1<br>Código: 0838<br>Coordenadas: -41.1106997 -71.424336<br>Garita: 1.0", "descripci__n": "Código: 0838\nCoordenadas: -41.1106997 -71.424336\nGarita: 1", "C__digo": "0838", "Coordenadas": "-41.1106997 -71.424336", "Garita": 1.0, "digo": "0838", "n": "Código: 0838" }, "geometry": { "type": "Point", "coordinates": [ -71.424336, -41.1107 ] } },
{ "type": "Feature", "properties": { "Name": "Av. Bustillo Km.10.500 - Puerto Moreno -b", "description": "descripción: Código: 0839<br>Coordenadas: -41.1116615 -71.4224684<br>Garita: 1<br>Código: 0839<br>Coordenadas: -41.1116615 -71.4224684<br>Garita: 1.0", "descripci__n": "Código: 0839\nCoordenadas: -41.1116615 -71.4224684\nGarita: 1", "C__digo": "0839", "Coordenadas": "-41.1116615 -71.4224684", "Garita": 1.0, "digo": "0839", "n": "Código: 0839" }, "geometry": { "type": "Point", "coordinates": [ -71.422468, -41.111662 ] } },
{ "type": "Feature", "properties": { "Name": "Av. Bustillo Km.9.800 - Centro Atómico -b", "description": "descripción: Código: 0840<br>Coordenadas: -41.1135147 -71.4144418<br>Garita: 1<br>Código: 0840<br>Coordenadas: -41.1135147 -71.4144418<br>Garita: 1.0", "descripci__n": "Código: 0840\nCoordenadas: -41.1135147 -71.4144418\nGarita: 1", "C__digo": "0840", "Coordenadas": "-41.1135147 -71.4144418", "Garita": 1.0, "digo": "0840", "n": "Código: 0840" }, "geometry": { "type": "Point", "coordinates": [ -71.414442, -41.113515 ] } },
{ "type": "Feature", "properties": { "Name": "Av. Bustillo Km.9.500 - Ejercito -b", "description": "descripción: Código: 0841<br>Coordenadas: -41.1145573 -71.4116384<br>Garita: 1<br>Código: 0841<br>Coordenadas: -41.1145573 -71.4116384<br>Garita: 1.0", "descripci__n": "Código: 0841\nCoordenadas: -41.1145573 -71.4116384\nGarita: 1", "C__digo": "0841", "Coordenadas": "-41.1145573 -71.4116384", "Garita": 1.0, "digo": "0841", "n": "Código: 0841" }, "geometry": { "type": "Point", "coordinates": [ -71.411638, -41.114557 ] } },
{ "type": "Feature", "properties": { "Name": "Av. Bustillo Km.8.500 -b", "description": "descripción: Código: 0843<br>Coordenadas: -41.1197472 -71.4015349<br>Garita: 1<br>Código: 0843<br>Coordenadas: -41.1197472 -71.4015349<br>Garita: 1.0", "descripci__n": "Código: 0843\nCoordenadas: -41.1197472 -71.4015349\nGarita: 1", "C__digo": "0843", "Coordenadas": "-41.1197472 -71.4015349", "Garita": 1.0, "digo": "0843", "n": "Código: 0843" }, "geometry": { "type": "Point", "coordinates": [ -71.401535, -41.119747 ] } },
{ "type": "Feature", "properties": { "Name": "Av. Bustillo Km.7.900 - Playa Bonita -b", "description": "descripción: Código: 0844<br>Coordenadas: -41.1216615 -71.3970955<br>Garita: 1<br>Código: 0844<br>Coordenadas: -41.1216615 -71.3970955<br>Garita: 1.0", "descripci__n": "Código: 0844\nCoordenadas: -41.1216615 -71.3970955\nGarita: 1", "C__digo": "0844", "Coordenadas": "-41.1216615 -71.3970955", "Garita": 1.0, "digo": "0844", "n": "Código: 0844" }, "geometry": { "type": "Point", "coordinates": [ -71.397096, -41.121662 ] } },
{ "type": "Feature", "properties": { "Name": "Av. Bustillo Km.7500 -b", "description": "descripción: Código: 0845<br>Coordenadas: -41.1205436 -71.3908411<br>Garita: 1<br>Código: 0845<br>Coordenadas: -41.1205436 -71.3908411<br>Garita: 1.0", "descripci__n": "Código: 0845\nCoordenadas: -41.1205436 -71.3908411\nGarita: 1", "C__digo": "0845", "Coordenadas": "-41.1205436 -71.3908411", "Garita": 1.0, "digo": "0845", "n": "Código: 0845" }, "geometry": { "type": "Point", "coordinates": [ -71.390841, -41.120544 ] } },
{ "type": "Feature", "properties": { "Name": "Av. Bustillo Km.7 -b", "description": "descripción: Código: 0846<br>Coordenadas: -41.1195813 -71.386525<br>Garita: 1<br>Código: 0846<br>Coordenadas: -41.1195813 -71.386525<br>Garita: 1.0", "descripci__n": "Código: 0846\nCoordenadas: -41.1195813 -71.386525\nGarita: 1", "C__digo": "0846", "Coordenadas": "-41.1195813 -71.386525", "Garita": 1.0, "digo": "0846", "n": "Código: 0846" }, "geometry": { "type": "Point", "coordinates": [ -71.386525, -41.119581 ] } },
{ "type": "Feature", "properties": { "Name": "Av. Bustillo Km.6.600 -b", "description": "descripción: Código: 0847<br>Coordenadas: -41.1196884 -71.3835256<br>Garita: 1<br>Código: 0847<br>Coordenadas: -41.1196884 -71.3835256<br>Garita: 1.0", "descripci__n": "Código: 0847\nCoordenadas: -41.1196884 -71.3835256\nGarita: 1", "C__digo": "0847", "Coordenadas": "-41.1196884 -71.3835256", "Garita": 1.0, "digo": "0847", "n": "Código: 0847" }, "geometry": { "type": "Point", "coordinates": [ -71.383526, -41.119688 ] } },
{ "type": "Feature", "properties": { "Name": "Av. Bustillo y El Mirador -b", "description": "descripción: Código: 0848<br>Coordenadas: -41.1204553 -71.3792499<br>Garita: 1<br>Código: 0848<br>Coordenadas: -41.1204553 -71.3792499<br>Garita: 1.0", "descripci__n": "Código: 0848\nCoordenadas: -41.1204553 -71.3792499\nGarita: 1", "C__digo": "0848", "Coordenadas": "-41.1204553 -71.3792499", "Garita": 1.0, "digo": "0848", "n": "Código: 0848" }, "geometry": { "type": "Point", "coordinates": [ -71.37925, -41.120455 ] } },
{ "type": "Feature", "properties": { "Name": "Av. Bustillo y La Cascada -b", "description": "descripción: Código: 0849<br>Coordenadas: -41.121127 -71.376506<br>Garita: 1<br>Código: 0849<br>Coordenadas: -41.121127 -71.376506<br>Garita: 1.0", "descripci__n": "Código: 0849\nCoordenadas: -41.121127 -71.376506\nGarita: 1", "C__digo": "0849", "Coordenadas": "-41.121127 -71.376506", "Garita": 1.0, "digo": "0849", "n": "Código: 0849" }, "geometry": { "type": "Point", "coordinates": [ -71.376506, -41.121127 ] } },
{ "type": "Feature", "properties": { "Name": "Av. Bustillo y Pehuén -b", "description": "descripción: Código: 0850<br>Coordenadas: -41.121364 -71.373403<br>Garita: 1<br>Código: 0850<br>Coordenadas: -41.121364 -71.373403<br>Garita: 1.0", "descripci__n": "Código: 0850\nCoordenadas: -41.121364 -71.373403\nGarita: 1", "C__digo": "0850", "Coordenadas": "-41.121364 -71.373403", "Garita": 1.0, "digo": "0850", "n": "Código: 0850" }, "geometry": { "type": "Point", "coordinates": [ -71.373403, -41.121364 ] } },
{ "type": "Feature", "properties": { "Name": "Av. Bustillo Km.5 -b", "description": "descripción: Código: 0851<br>Coordenadas: -41.1219178 -71.3674636<br>Garita: 1<br>Código: 0851<br>Coordenadas: -41.1219178 -71.3674636<br>Garita: 1.0", "descripci__n": "Código: 0851\nCoordenadas: -41.1219178 -71.3674636\nGarita: 1", "C__digo": "0851", "Coordenadas": "-41.1219178 -71.3674636", "Garita": 1.0, "digo": "0851", "n": "Código: 0851" }, "geometry": { "type": "Point", "coordinates": [ -71.367464, -41.121918 ] } },
{ "type": "Feature", "properties": { "Name": "Av. Bustillo Km.4.600 -b", "description": "descripción: Código: 0852<br>Coordenadas: -41.1237707 -71.3613119<br>Garita: 1<br>Código: 0852<br>Coordenadas: -41.1237707 -71.3613119<br>Garita: 1.0", "descripci__n": "Código: 0852\nCoordenadas: -41.1237707 -71.3613119\nGarita: 1", "C__digo": "0852", "Coordenadas": "-41.1237707 -71.3613119", "Garita": 1.0, "digo": "0852", "n": "Código: 0852" }, "geometry": { "type": "Point", "coordinates": [ -71.361312, -41.123771 ] } },
{ "type": "Feature", "properties": { "Name": "Av. Bustillo Km.4 - Playa Melipal -b", "description": "descripción: Código: 0854<br>Coordenadas: -41.1265147 -71.3543991<br>Garita: 1<br>Código: 0854<br>Coordenadas: -41.1265147 -71.3543991<br>Garita: 1.0", "descripci__n": "Código: 0854\nCoordenadas: -41.1265147 -71.3543991\nGarita: 1", "C__digo": "0854", "Coordenadas": "-41.1265147 -71.3543991", "Garita": 1.0, "digo": "0854", "n": "Código: 0854" }, "geometry": { "type": "Point", "coordinates": [ -71.354399, -41.126515 ] } },
{ "type": "Feature", "properties": { "Name": "Av. Bustillo km.3.200 -b", "description": "descripción: Código: 0856<br>Coordenadas: -41.1293519 -71.3471918<br>Garita: 1<br>Código: 0856<br>Coordenadas: -41.1293519 -71.3471918<br>Garita: 1.0", "descripci__n": "Código: 0856\nCoordenadas: -41.1293519 -71.3471918\nGarita: 1", "C__digo": "0856", "Coordenadas": "-41.1293519 -71.3471918", "Garita": 1.0, "digo": "0856", "n": "Código: 0856" }, "geometry": { "type": "Point", "coordinates": [ -71.347192, -41.129352 ] } },
{ "type": "Feature", "properties": { "Name": "Av. Bustillo Km.2.800 -b", "description": "descripción: Código: 0857<br>Coordenadas: -41.1309962 -71.3414764<br>Garita: 1<br>Código: 0857<br>Coordenadas: -41.1309962 -71.3414764<br>Garita: 1.0", "descripci__n": "Código: 0857\nCoordenadas: -41.1309962 -71.3414764\nGarita: 1", "C__digo": "0857", "Coordenadas": "-41.1309962 -71.3414764", "Garita": 1.0, "digo": "0857", "n": "Código: 0857" }, "geometry": { "type": "Point", "coordinates": [ -71.341476, -41.130996 ] } },
{ "type": "Feature", "properties": { "Name": "Av. Bustillo - Sanatorio -b", "description": "descripción: Código: 0861<br>Coordenadas: -41.1326204 -71.3199596<br>Garita: 1<br>Código: 0861<br>Coordenadas: -41.1326204 -71.3199596<br>Garita: 1.0", "descripci__n": "Código: 0861\nCoordenadas: -41.1326204 -71.3199596\nGarita: 1", "C__digo": "0861", "Coordenadas": "-41.1326204 -71.3199596", "Garita": 1.0, "digo": "0861", "n": "Código: 0861" }, "geometry": { "type": "Point", "coordinates": [ -71.31996, -41.13262 ] } },
{ "type": "Feature", "properties": { "Name": "San Martín - Centro Cívico -b", "description": "descripción: Código: 0864<br>Coordenadas: -41.1346163 -71.3105885<br>Garita: 1<br>Código: 0864<br>Coordenadas: -41.1346163 -71.3105885<br>Garita: 1.0", "descripci__n": "Código: 0864\nCoordenadas: -41.1346163 -71.3105885\nGarita: 1", "C__digo": "0864", "Coordenadas": "-41.1346163 -71.3105885", "Garita": 1.0, "digo": "0864", "n": "Código: 0864" }, "geometry": { "type": "Point", "coordinates": [ -71.310588, -41.134616 ] } },
{ "type": "Feature", "properties": { "Name": "Av. Bustillo Km.3.100 -a", "description": "descripción: Código: 0916<br>Coordenadas: -41.1295568 -71.3453709<br>Garita: 1<br>Código: 0916<br>Coordenadas: -41.1295568 -71.3453709<br>Garita: 1.0", "descripci__n": "Código: 0916\nCoordenadas: -41.1295568 -71.3453709\nGarita: 1", "C__digo": "0916", "Coordenadas": "-41.1295568 -71.3453709", "Garita": 1.0, "digo": "0916", "n": "Código: 0916" }, "geometry": { "type": "Point", "coordinates": [ -71.345371, -41.129557 ] } },
{ "type": "Feature", "properties": { "Name": "Av. Bustillo Km.4.600 -a", "description": "descripción: Código: 0921<br>Coordenadas: -41.123788 -71.360939<br>Garita: 1<br>Código: 0921<br>Coordenadas: -41.123788 -71.360939<br>Garita: 1.0", "descripci__n": "Código: 0921\nCoordenadas: -41.123788 -71.360939\nGarita: 1", "C__digo": "0921", "Coordenadas": "-41.123788 -71.360939", "Garita": 1.0, "digo": "0921", "n": "Código: 0921" }, "geometry": { "type": "Point", "coordinates": [ -71.360939, -41.123788 ] } },
{ "type": "Feature", "properties": { "Name": "Av. Bustillo Km.7.500 -a", "description": "descripción: Código: 0929<br>Coordenadas: -41.1204924 -71.3910783<br>Garita: 1<br>Código: 0929<br>Coordenadas: -41.1204924 -71.3910783<br>Garita: 1.0", "descripci__n": "Código: 0929\nCoordenadas: -41.1204924 -71.3910783\nGarita: 1", "C__digo": "0929", "Coordenadas": "-41.1204924 -71.3910783", "Garita": 1.0, "digo": "0929", "n": "Código: 0929" }, "geometry": { "type": "Point", "coordinates": [ -71.391078, -41.120492 ] } },
{ "type": "Feature", "properties": { "Name": "15 de febrero y Primeros Pobladores -a", "description": "descripción: Código: 1012<br>Coordenadas: -41.1791942 -71.3522997<br>Garita: 1<br>Código: 1012<br>Coordenadas: -41.1791942 -71.3522997<br>Garita: 1.0", "descripci__n": "Código: 1012\nCoordenadas: -41.1791942 -71.3522997\nGarita: 1", "C__digo": "1012", "Coordenadas": "-41.1791942 -71.3522997", "Garita": 1.0, "digo": "1012", "n": "Código: 1012" }, "geometry": { "type": "Point", "coordinates": [ -71.3523, -41.179194 ] } },
{ "type": "Feature", "properties": { "Name": "15 de febrero y Centinela del Bosque -a", "description": "descripción: Código: 1014<br>Coordenadas: -41.1821345 -71.3510482<br>Garita: 1<br>Código: 1014<br>Coordenadas: -41.1821345 -71.3510482<br>Garita: 1.0", "descripci__n": "Código: 1014\nCoordenadas: -41.1821345 -71.3510482\nGarita: 1", "C__digo": "1014", "Coordenadas": "-41.1821345 -71.3510482", "Garita": 1.0, "digo": "1014", "n": "Código: 1014" }, "geometry": { "type": "Point", "coordinates": [ -71.351048, -41.182134 ] } },
{ "type": "Feature", "properties": { "Name": "Cabecera Pilar II -a", "description": "descripción: Código: 1018<br>Coordenadas: -41.1894525 -71.3404308<br>Garita: 1<br>Código: 1018<br>Coordenadas: -41.1894525 -71.3404308<br>Garita: 1.0", "descripci__n": "Código: 1018\nCoordenadas: -41.1894525 -71.3404308\nGarita: 1", "C__digo": "1018", "Coordenadas": "-41.1894525 -71.3404308", "Garita": 1.0, "digo": "1018", "n": "Código: 1018" }, "geometry": { "type": "Point", "coordinates": [ -71.340431, -41.189452 ] } },
{ "type": "Feature", "properties": { "Name": "15 de febrero y Centinela del Bosque -b", "description": "descripción: Código: 1105<br>Coordenadas: -41.1821006 -71.3509035<br>Garita: 1<br>Código: 1105<br>Coordenadas: -41.1821006 -71.3509035<br>Garita: 1.0", "descripci__n": "Código: 1105\nCoordenadas: -41.1821006 -71.3509035\nGarita: 1", "C__digo": "1105", "Coordenadas": "-41.1821006 -71.3509035", "Garita": 1.0, "digo": "1105", "n": "Código: 1105" }, "geometry": { "type": "Point", "coordinates": [ -71.350904, -41.182101 ] } },
{ "type": "Feature", "properties": { "Name": "15 de febrero y Primeros Pobladores -b", "description": "descripción: Código: 1106<br>Coordenadas: -41.1791685 -71.3521075<br>Garita: 1<br>Código: 1106<br>Coordenadas: -41.1791685 -71.3521075<br>Garita: 1.0", "descripci__n": "Código: 1106\nCoordenadas: -41.1791685 -71.3521075\nGarita: 1", "C__digo": "1106", "Coordenadas": "-41.1791685 -71.3521075", "Garita": 1.0, "digo": "1106", "n": "Código: 1106" }, "geometry": { "type": "Point", "coordinates": [ -71.352108, -41.179168 ] } },
{ "type": "Feature", "properties": { "Name": "Av. Juan Herman y Lupinos -b", "description": "descripción: Código: 1115<br>Coordenadas: -41.1687857 -71.3258327<br>Garita: 1<br>Código: 1115<br>Coordenadas: -41.1687857 -71.3258327<br>Garita: 1.0", "descripci__n": "Código: 1115\nCoordenadas: -41.1687857 -71.3258327\nGarita: 1", "C__digo": "1115", "Coordenadas": "-41.1687857 -71.3258327", "Garita": 1.0, "digo": "1115", "n": "Código: 1115" }, "geometry": { "type": "Point", "coordinates": [ -71.325833, -41.168786 ] } },
{ "type": "Feature", "properties": { "Name": "Av. Juan Herman y José Luckman", "description": "descripción: Código: 1116<br>Coordenadas: -41.1676843 -71.3235599<br>Garita: 1<br>Código: 1116<br>Coordenadas: -41.1676843 -71.3235599<br>Garita: 1.0", "descripci__n": "Código: 1116\nCoordenadas: -41.1676843 -71.3235599\nGarita: 1", "C__digo": "1116", "Coordenadas": "-41.1676843 -71.3235599", "Garita": 1.0, "digo": "1116", "n": "Código: 1116" }, "geometry": { "type": "Point", "coordinates": [ -71.32356, -41.167684 ] } },
{ "type": "Feature", "properties": { "Name": "Av. Juan Herman y Nehuen", "description": "descripción: Código: 1117<br>Coordenadas: -41.1667312 -71.3222109<br>Garita: 1<br>Código: 1117<br>Coordenadas: -41.1667312 -71.3222109<br>Garita: 1.0", "descripci__n": "Código: 1117\nCoordenadas: -41.1667312 -71.3222109\nGarita: 1", "C__digo": "1117", "Coordenadas": "-41.1667312 -71.3222109", "Garita": 1.0, "digo": "1117", "n": "Código: 1117" }, "geometry": { "type": "Point", "coordinates": [ -71.322211, -41.166731 ] } },
{ "type": "Feature", "properties": { "Name": "Av. Juan Herman y Nuestras Malvinas", "description": "descripción: Código: 1118<br>Coordenadas: -41.1651326 -71.3206092<br>Garita: 1<br>Código: 1118<br>Coordenadas: -41.1651326 -71.3206092<br>Garita: 1.0", "descripci__n": "Código: 1118\nCoordenadas: -41.1651326 -71.3206092\nGarita: 1", "C__digo": "1118", "Coordenadas": "-41.1651326 -71.3206092", "Garita": 1.0, "digo": "1118", "n": "Código: 1118" }, "geometry": { "type": "Point", "coordinates": [ -71.320609, -41.165133 ] } },
{ "type": "Feature", "properties": { "Name": "Av. Juan Herman y Miramar -a", "description": "descripción: Código: 1121<br>Coordenadas: -41.15798 -71.3126944<br>Garita: 1<br>Código: 1121<br>Coordenadas: -41.15798 -71.3126944<br>Garita: 1.0", "descripci__n": "Código: 1121\nCoordenadas: -41.15798 -71.3126944\nGarita: 1", "C__digo": "1121", "Coordenadas": "-41.15798 -71.3126944", "Garita": 1.0, "digo": "1121", "n": "Código: 1121" }, "geometry": { "type": "Point", "coordinates": [ -71.312694, -41.15798 ] } },
{ "type": "Feature", "properties": { "Name": "Sobral y Diego Neil", "description": "descripción: Código: 1124<br>Coordenadas: -41.154547 -71.3028716<br>Garita: 1<br>Código: 1124<br>Coordenadas: -41.154547 -71.3028716<br>Garita: 1.0", "descripci__n": "Código: 1124\nCoordenadas: -41.154547 -71.3028716\nGarita: 1", "C__digo": "1124", "Coordenadas": "-41.154547 -71.3028716", "Garita": 1.0, "digo": "1124", "n": "Código: 1124" }, "geometry": { "type": "Point", "coordinates": [ -71.302872, -41.154547 ] } },
{ "type": "Feature", "properties": { "Name": "RN 40 y Rotonda Av. Juan Herman -b", "description": "descripción: Código: 1212<br>Coordenadas: -41.1731313 -71.3403039<br>Garita: 1<br>Código: 1212<br>Coordenadas: -41.1731313 -71.3403039<br>Garita: 1.0", "descripci__n": "Código: 1212\nCoordenadas: -41.1731313 -71.3403039\nGarita: 1", "C__digo": "1212", "Coordenadas": "-41.1731313 -71.3403039", "Garita": 1.0, "digo": "1212", "n": "Código: 1212" }, "geometry": { "type": "Point", "coordinates": [ -71.340304, -41.173131 ] } },
{ "type": "Feature", "properties": { "Name": "Av. Juan Herman y Rotonda RN 40 -b", "description": "descripción: Código: 1213<br>Coordenadas: -41.1715707 -71.3352398<br>Garita: 1<br>Código: 1213<br>Coordenadas: -41.1715707 -71.3352398<br>Garita: 1.0", "descripci__n": "Código: 1213\nCoordenadas: -41.1715707 -71.3352398\nGarita: 1", "C__digo": "1213", "Coordenadas": "-41.1715707 -71.3352398", "Garita": 1.0, "digo": "1213", "n": "Código: 1213" }, "geometry": { "type": "Point", "coordinates": [ -71.33524, -41.171571 ] } },
{ "type": "Feature", "properties": { "Name": "Av. Juan Herman y Chapel -b", "description": "descripción: Código: 1214<br>Coordenadas: -41.1703024 -71.330871<br>Garita: 1<br>Código: 1214<br>Coordenadas: -41.1703024 -71.330871<br>Garita: 1.0", "descripci__n": "Código: 1214\nCoordenadas: -41.1703024 -71.330871\nGarita: 1", "C__digo": "1214", "Coordenadas": "-41.1703024 -71.330871", "Garita": 1.0, "digo": "1214", "n": "Código: 1214" }, "geometry": { "type": "Point", "coordinates": [ -71.330871, -41.170302 ] } },
{ "type": "Feature", "properties": { "Name": "Av. Juan Herman y Aguada de Guerra -b", "description": "descripción: Código: 1215<br>Coordenadas: -41.1697269 -71.3289707<br>Garita: 1<br>Código: 1215<br>Coordenadas: -41.1697269 -71.3289707<br>Garita: 1.0", "descripci__n": "Código: 1215\nCoordenadas: -41.1697269 -71.3289707\nGarita: 1", "C__digo": "1215", "Coordenadas": "-41.1697269 -71.3289707", "Garita": 1.0, "digo": "1215", "n": "Código: 1215" }, "geometry": { "type": "Point", "coordinates": [ -71.328971, -41.169727 ] } },
{ "type": "Feature", "properties": { "Name": "Onelli y Neuquén", "description": "descripción: Código: 1310<br>Coordenadas: -41.1460389 -71.299132<br>Garita: 1<br>Código: 1310<br>Coordenadas: -41.1460389 -71.299132<br>Garita: 1.0", "descripci__n": "Código: 1310\nCoordenadas: -41.1460389 -71.299132\nGarita: 1", "C__digo": "1310", "Coordenadas": "-41.1460389 -71.299132", "Garita": 1.0, "digo": "1310", "n": "Código: 1310" }, "geometry": { "type": "Point", "coordinates": [ -71.299132, -41.146039 ] } },
{ "type": "Feature", "properties": { "Name": "Av. Juan Herman - Rotonda ", "description": "descripción: Código: 1319<br>Coordenadas: -41.1596691 -71.3162315<br>Garita: 1<br>Código: 1319<br>Coordenadas: -41.1596691 -71.3162315<br>Garita: 1.0", "descripci__n": "Código: 1319\nCoordenadas: -41.1596691 -71.3162315\nGarita: 1", "C__digo": "1319", "Coordenadas": "-41.1596691 -71.3162315", "Garita": 1.0, "digo": "1319", "n": "Código: 1319" }, "geometry": { "type": "Point", "coordinates": [ -71.316232, -41.159669 ] } },
{ "type": "Feature", "properties": { "Name": "Av. Juan Herman y Lupinos -a", "description": "descripción: Código: 1325<br>Coordenadas: -41.1686646 -71.3260244<br>Garita: 1<br>Código: 1325<br>Coordenadas: -41.1686646 -71.3260244<br>Garita: 1.0", "descripci__n": "Código: 1325\nCoordenadas: -41.1686646 -71.3260244\nGarita: 1", "C__digo": "1325", "Coordenadas": "-41.1686646 -71.3260244", "Garita": 1.0, "digo": "1325", "n": "Código: 1325" }, "geometry": { "type": "Point", "coordinates": [ -71.326024, -41.168665 ] } },
{ "type": "Feature", "properties": { "Name": "Av. Juan Herman y Aguada de Guerra -a", "description": "descripción: Código: 1326<br>Coordenadas: -41.169485 -71.328849<br>Garita: 1<br>Código: 1326<br>Coordenadas: -41.169485 -71.328849<br>Garita: 1.0", "descripci__n": "Código: 1326\nCoordenadas: -41.169485 -71.328849\nGarita: 1", "C__digo": "1326", "Coordenadas": "-41.169485 -71.328849", "Garita": 1.0, "digo": "1326", "n": "Código: 1326" }, "geometry": { "type": "Point", "coordinates": [ -71.328849, -41.169485 ] } },
{ "type": "Feature", "properties": { "Name": "Av. Juan Herman y Chapel -a", "description": "descripción: Código: 1327<br>Coordenadas: -41.1701173 -71.3309628<br>Garita: 1<br>Código: 1327<br>Coordenadas: -41.1701173 -71.3309628<br>Garita: 1.0", "descripci__n": "Código: 1327\nCoordenadas: -41.1701173 -71.3309628\nGarita: 1", "C__digo": "1327", "Coordenadas": "-41.1701173 -71.3309628", "Garita": 1.0, "digo": "1327", "n": "Código: 1327" }, "geometry": { "type": "Point", "coordinates": [ -71.330963, -41.170117 ] } },
{ "type": "Feature", "properties": { "Name": "Av. Juan Herman y Rotonda RN 40 -a", "description": "descripción: Código: 1328<br>Coordenadas: -41.1714149 -71.3352817<br>Garita: 1<br>Código: 1328<br>Coordenadas: -41.1714149 -71.3352817<br>Garita: 1.0", "descripci__n": "Código: 1328\nCoordenadas: -41.1714149 -71.3352817\nGarita: 1", "C__digo": "1328", "Coordenadas": "-41.1714149 -71.3352817", "Garita": 1.0, "digo": "1328", "n": "Código: 1328" }, "geometry": { "type": "Point", "coordinates": [ -71.335282, -41.171415 ] } },
{ "type": "Feature", "properties": { "Name": "RN 40 y Rotonda Av. Juan Herman -a", "description": "descripción: Código: 1329<br>Coordenadas: -41.1729155 -71.3403015<br>Garita: 1<br>Código: 1329<br>Coordenadas: -41.1729155 -71.3403015<br>Garita: 1.0", "descripci__n": "Código: 1329\nCoordenadas: -41.1729155 -71.3403015\nGarita: 1", "C__digo": "1329", "Coordenadas": "-41.1729155 -71.3403015", "Garita": 1.0, "digo": "1329", "n": "Código: 1329" }, "geometry": { "type": "Point", "coordinates": [ -71.340302, -41.172916 ] } },
{ "type": "Feature", "properties": { "Name": "RN 82 y Rotonda de Ruta 82 -a", "description": "descripción: Código: 1341<br>Coordenadas: -41.1779437 -71.3838305<br>Garita: 1<br>Código: 1341<br>Coordenadas: -41.1779437 -71.3838305<br>Garita: 1.0", "descripci__n": "Código: 1341\nCoordenadas: -41.1779437 -71.3838305\nGarita: 1", "C__digo": "1341", "Coordenadas": "-41.1779437 -71.3838305", "Garita": 1.0, "digo": "1341", "n": "Código: 1341" }, "geometry": { "type": "Point", "coordinates": [ -71.38383, -41.177944 ] } },
{ "type": "Feature", "properties": { "Name": "Isla del Tigre y José Obrero -a", "description": "descripción: Código: 1433<br>Coordenadas: -41.1726614 -71.3207228<br>Garita: 1<br>Código: 1433<br>Coordenadas: -41.1726614 -71.3207228<br>Garita: 1.0", "descripci__n": "Código: 1433\nCoordenadas: -41.1726614 -71.3207228\nGarita: 1", "C__digo": "1433", "Coordenadas": "-41.1726614 -71.3207228", "Garita": 1.0, "digo": "1433", "n": "Código: 1433" }, "geometry": { "type": "Point", "coordinates": [ -71.320723, -41.172661 ] } },
{ "type": "Feature", "properties": { "Name": "José Luckman y Roca Negra -a", "description": "descripción: Código: 1436<br>Coordenadas: -41.1735237 -71.3159636<br>Garita: 1<br>Código: 1436<br>Coordenadas: -41.1735237 -71.3159636<br>Garita: 1.0", "descripci__n": "Código: 1436\nCoordenadas: -41.1735237 -71.3159636\nGarita: 1", "C__digo": "1436", "Coordenadas": "-41.1735237 -71.3159636", "Garita": 1.0, "digo": "1436", "n": "Código: 1436" }, "geometry": { "type": "Point", "coordinates": [ -71.315964, -41.173524 ] } },
{ "type": "Feature", "properties": { "Name": "Nehuen y Roca Negra -a", "description": "descripción: Código: 1437<br>Coordenadas: -41.173049 -71.3148376<br>Garita: 1<br>Código: 1437<br>Coordenadas: -41.173049 -71.3148376<br>Garita: 1.0", "descripci__n": "Código: 1437\nCoordenadas: -41.173049 -71.3148376\nGarita: 1", "C__digo": "1437", "Coordenadas": "-41.173049 -71.3148376", "Garita": 1.0, "digo": "1437", "n": "Código: 1437" }, "geometry": { "type": "Point", "coordinates": [ -71.314838, -41.173049 ] } },
{ "type": "Feature", "properties": { "Name": "Nehuen y Gdor. Vernet -a", "description": "descripción: Código: 1438<br>Coordenadas: -41.1713802 -71.3162033<br>Garita: 1<br>Código: 1438<br>Coordenadas: -41.1713802 -71.3162033<br>Garita: 1.0", "descripci__n": "Código: 1438\nCoordenadas: -41.1713802 -71.3162033\nGarita: 1", "C__digo": "1438", "Coordenadas": "-41.1713802 -71.3162033", "Garita": 1.0, "digo": "1438", "n": "Código: 1438" }, "geometry": { "type": "Point", "coordinates": [ -71.316203, -41.17138 ] } },
{ "type": "Feature", "properties": { "Name": "Nehuen y Roca Negra -b", "description": "descripción: Código: 1502<br>Coordenadas: -41.1729846 -71.3149558<br>Garita: 1<br>Código: 1502<br>Coordenadas: -41.1729846 -71.3149558<br>Garita: 1.0", "descripci__n": "Código: 1502\nCoordenadas: -41.1729846 -71.3149558\nGarita: 1", "C__digo": "1502", "Coordenadas": "-41.1729846 -71.3149558", "Garita": 1.0, "digo": "1502", "n": "Código: 1502" }, "geometry": { "type": "Point", "coordinates": [ -71.314956, -41.172985 ] } },
{ "type": "Feature", "properties": { "Name": "Isla del Tigre y José Obrero -b", "description": "descripción: Código: 1506<br>Coordenadas: -41.1726136 -71.320652<br>Garita: 1<br>Código: 1506<br>Coordenadas: -41.1726136 -71.320652<br>Garita: 1.0", "descripci__n": "Código: 1506\nCoordenadas: -41.1726136 -71.320652\nGarita: 1", "C__digo": "1506", "Coordenadas": "-41.1726136 -71.320652", "Garita": 1.0, "digo": "1506", "n": "Código: 1506" }, "geometry": { "type": "Point", "coordinates": [ -71.320652, -41.172614 ] } },
{ "type": "Feature", "properties": { "Name": "Hoyo de Epuyen e Isla del Tigre -b", "description": "descripción: Código: 1507<br>Coordenadas: -41.1713465 -71.3226461<br>Garita: 1<br>Código: 1507<br>Coordenadas: -41.1713465 -71.3226461<br>Garita: 1.0", "descripci__n": "Código: 1507\nCoordenadas: -41.1713465 -71.3226461\nGarita: 1", "C__digo": "1507", "Coordenadas": "-41.1713465 -71.3226461", "Garita": 1.0, "digo": "1507", "n": "Código: 1507" }, "geometry": { "type": "Point", "coordinates": [ -71.322646, -41.171346 ] } },
{ "type": "Feature", "properties": { "Name": "Hoyo de Epuyen y Aguada de Guerra -b", "description": "descripción: Código: 1508<br>Coordenadas: -41.1726571 -71.3251023<br>Garita: 1<br>Código: 1508<br>Coordenadas: -41.1726571 -71.3251023<br>Garita: 1.0", "descripci__n": "Código: 1508\nCoordenadas: -41.1726571 -71.3251023\nGarita: 1", "C__digo": "1508", "Coordenadas": "-41.1726571 -71.3251023", "Garita": 1.0, "digo": "1508", "n": "Código: 1508" }, "geometry": { "type": "Point", "coordinates": [ -71.325102, -41.172657 ] } },
{ "type": "Feature", "properties": { "Name": "B° El Maiten - Cancha -b", "description": "descripción: Código: 1509<br>Coordenadas: -41.1735453 -71.3264229<br>Garita: 1<br>Código: 1509<br>Coordenadas: -41.1735453 -71.3264229<br>Garita: 1.0", "descripci__n": "Código: 1509\nCoordenadas: -41.1735453 -71.3264229\nGarita: 1", "C__digo": "1509", "Coordenadas": "-41.1735453 -71.3264229", "Garita": 1.0, "digo": "1509", "n": "Código: 1509" }, "geometry": { "type": "Point", "coordinates": [ -71.326423, -41.173545 ] } },
{ "type": "Feature", "properties": { "Name": "Av. Juan Herman y Rolando -b", "description": "descripción: Código: 1520<br>Coordenadas: -41.1567522 -71.3093017<br>Garita: 1<br>Código: 1520<br>Coordenadas: -41.1567522 -71.3093017<br>Garita: 1.0", "descripci__n": "Código: 1520\nCoordenadas: -41.1567522 -71.3093017\nGarita: 1", "C__digo": "1520", "Coordenadas": "-41.1567522 -71.3093017", "Garita": 1.0, "digo": "1520", "n": "Código: 1520" }, "geometry": { "type": "Point", "coordinates": [ -71.309302, -41.156752 ] } },
{ "type": "Feature", "properties": { "Name": "Rolando y 3 de Mayo", "description": "descripción: Código: 1522<br>Coordenadas: -41.1579694 -71.3097894<br>Garita: 1<br>Código: 1522<br>Coordenadas: -41.1579694 -71.3097894<br>Garita: 1.0", "descripci__n": "Código: 1522\nCoordenadas: -41.1579694 -71.3097894\nGarita: 1", "C__digo": "1522", "Coordenadas": "-41.1579694 -71.3097894", "Garita": 1.0, "digo": "1522", "n": "Código: 1522" }, "geometry": { "type": "Point", "coordinates": [ -71.309789, -41.157969 ] } },
{ "type": "Feature", "properties": { "Name": "RN 40 Aeródromo Lago Nahuel Huapi -b", "description": "descripción: Código: 1602<br>Coordenadas: -41.0977415 -71.1857207<br>Garita: 1<br>Código: 1602<br>Coordenadas: -41.0977415 -71.1857207<br>Garita: 1.0", "descripci__n": "Código: 1602\nCoordenadas: -41.0977415 -71.1857207\nGarita: 1", "C__digo": "1602", "Coordenadas": "-41.0977415 -71.1857207", "Garita": 1.0, "digo": "1602", "n": "Código: 1602" }, "geometry": { "type": "Point", "coordinates": [ -71.185721, -41.097742 ] } },
{ "type": "Feature", "properties": { "Name": "RN 40 y Cormorán -b", "description": "descripción: Código: 1604<br>Coordenadas: -41.104515 -71.1970144<br>Garita: 1<br>Código: 1604<br>Coordenadas: -41.104515 -71.1970144<br>Garita: 1.0", "descripci__n": "Código: 1604\nCoordenadas: -41.104515 -71.1970144\nGarita: 1", "C__digo": "1604", "Coordenadas": "-41.104515 -71.1970144", "Garita": 1.0, "digo": "1604", "n": "Código: 1604" }, "geometry": { "type": "Point", "coordinates": [ -71.197014, -41.104515 ] } },
{ "type": "Feature", "properties": { "Name": "Cmte. Luis Piedrabuena - Canal 6 -b", "description": "descripción: Código: 1608<br>Coordenadas: -41.1204876 -71.2326163<br>Garita: 1<br>Código: 1608<br>Coordenadas: -41.1204876 -71.2326163<br>Garita: 1.0", "descripci__n": "Código: 1608\nCoordenadas: -41.1204876 -71.2326163\nGarita: 1", "C__digo": "1608", "Coordenadas": "-41.1204876 -71.2326163", "Garita": 1.0, "digo": "1608", "n": "Código: 1608" }, "geometry": { "type": "Point", "coordinates": [ -71.232616, -41.120488 ] } },
{ "type": "Feature", "properties": { "Name": "Cmte. Luis Piedrabuena - Puesto Policia Caminera -b", "description": "descripción: Código: 1609<br>Coordenadas: -41.1218323 -71.2348965<br>Garita: 1<br>Código: 1609<br>Coordenadas: -41.1218323 -71.2348965<br>Garita: 1.0", "descripci__n": "Código: 1609\nCoordenadas: -41.1218323 -71.2348965\nGarita: 1", "C__digo": "1609", "Coordenadas": "-41.1218323 -71.2348965", "Garita": 1.0, "digo": "1609", "n": "Código: 1609" }, "geometry": { "type": "Point", "coordinates": [ -71.234896, -41.121832 ] } },
{ "type": "Feature", "properties": { "Name": "Cmte. Luis Piedrabuena y María Eugenia Guevara -b", "description": "descripción: Código: 1610<br>Coordenadas: -41.1228404 -71.2366168<br>Garita: 1<br>Código: 1610<br>Coordenadas: -41.1228404 -71.2366168<br>Garita: 1.0", "descripci__n": "Código: 1610\nCoordenadas: -41.1228404 -71.2366168\nGarita: 1", "C__digo": "1610", "Coordenadas": "-41.1228404 -71.2366168", "Garita": 1.0, "digo": "1610", "n": "Código: 1610" }, "geometry": { "type": "Point", "coordinates": [ -71.236617, -41.12284 ] } },
{ "type": "Feature", "properties": { "Name": "Cmte. Luis Piedrabuena y La Candelaria -b", "description": "descripción: Código: 1612<br>Coordenadas: -41.1262073 -71.2463577<br>Garita: 1<br>Código: 1612<br>Coordenadas: -41.1262073 -71.2463577<br>Garita: 1.0", "descripci__n": "Código: 1612\nCoordenadas: -41.1262073 -71.2463577\nGarita: 1", "C__digo": "1612", "Coordenadas": "-41.1262073 -71.2463577", "Garita": 1.0, "digo": "1612", "n": "Código: 1612" }, "geometry": { "type": "Point", "coordinates": [ -71.246358, -41.126207 ] } },
{ "type": "Feature", "properties": { "Name": "Cmte. Luis Piedrabuena y Lancha Patagonia -b", "description": "descripción: Código: 1613<br>Coordenadas: -41.1271132 -71.2510118<br>Garita: 1<br>Código: 1613<br>Coordenadas: -41.1271132 -71.2510118<br>Garita: 1.0", "descripci__n": "Código: 1613\nCoordenadas: -41.1271132 -71.2510118\nGarita: 1", "C__digo": "1613", "Coordenadas": "-41.1271132 -71.2510118", "Garita": 1.0, "digo": "1613", "n": "Código: 1613" }, "geometry": { "type": "Point", "coordinates": [ -71.251012, -41.127113 ] } },
{ "type": "Feature", "properties": { "Name": "Cmte. Luis Piedrabuena - B° Las Victorias -b", "description": "descripción: Código: 1615<br>Coordenadas: -41.1298297 -71.26061<br>Garita: 1<br>Código: 1615<br>Coordenadas: -41.1298297 -71.26061<br>Garita: 1.0", "descripci__n": "Código: 1615\nCoordenadas: -41.1298297 -71.26061\nGarita: 1", "C__digo": "1615", "Coordenadas": "-41.1298297 -71.26061", "Garita": 1.0, "digo": "1615", "n": "Código: 1615" }, "geometry": { "type": "Point", "coordinates": [ -71.26061, -41.12983 ] } },
{ "type": "Feature", "properties": { "Name": "Modesta Victoria y Pez Carpa", "description": "descripción: Código: 1703<br>Coordenadas: -41.1108474 -71.2222481<br>Garita: 1<br>Código: 1703<br>Coordenadas: -41.1108474 -71.2222481<br>Garita: 1.0", "descripci__n": "Código: 1703\nCoordenadas: -41.1108474 -71.2222481\nGarita: 1", "C__digo": "1703", "Coordenadas": "-41.1108474 -71.2222481", "Garita": 1.0, "digo": "1703", "n": "Código: 1703" }, "geometry": { "type": "Point", "coordinates": [ -71.222248, -41.110847 ] } },
{ "type": "Feature", "properties": { "Name": "Modesta Victoria y Bajada 6", "description": "descripción: Código: 1704<br>Coordenadas: -41.1124133 -71.2259111<br>Garita: 1<br>Código: 1704<br>Coordenadas: -41.1124133 -71.2259111<br>Garita: 1.0", "descripci__n": "Código: 1704\nCoordenadas: -41.1124133 -71.2259111\nGarita: 1", "C__digo": "1704", "Coordenadas": "-41.1124133 -71.2259111", "Garita": 1.0, "digo": "1704", "n": "Código: 1704" }, "geometry": { "type": "Point", "coordinates": [ -71.225911, -41.112413 ] } },
{ "type": "Feature", "properties": { "Name": "Modesta Victoria y Bajada 5", "description": "descripción: Código: 1705<br>Coordenadas: -41.1142933 -71.2292607<br>Garita: 1<br>Código: 1705<br>Coordenadas: -41.1142933 -71.2292607<br>Garita: 1.0", "descripci__n": "Código: 1705\nCoordenadas: -41.1142933 -71.2292607\nGarita: 1", "C__digo": "1705", "Coordenadas": "-41.1142933 -71.2292607", "Garita": 1.0, "digo": "1705", "n": "Código: 1705" }, "geometry": { "type": "Point", "coordinates": [ -71.229261, -41.114293 ] } },
{ "type": "Feature", "properties": { "Name": "Modesta Victoria - Recta A", "description": "descripción: Código: 1706<br>Coordenadas: -41.1168827 -71.2337783<br>Garita: 1<br>Código: 1706<br>Coordenadas: -41.1168827 -71.2337783<br>Garita: 1.0", "descripci__n": "Código: 1706\nCoordenadas: -41.1168827 -71.2337783\nGarita: 1", "C__digo": "1706", "Coordenadas": "-41.1168827 -71.2337783", "Garita": 1.0, "digo": "1706", "n": "Código: 1706" }, "geometry": { "type": "Point", "coordinates": [ -71.233778, -41.116883 ] } },
{ "type": "Feature", "properties": { "Name": "Modesta Victoria y Remolcador Helvetia", "description": "descripción: Código: 1708<br>Coordenadas: -41.1200874 -71.2425372<br>Garita: 1<br>Código: 1708<br>Coordenadas: -41.1200874 -71.2425372<br>Garita: 1.0", "descripci__n": "Código: 1708\nCoordenadas: -41.1200874 -71.2425372\nGarita: 1", "C__digo": "1708", "Coordenadas": "-41.1200874 -71.2425372", "Garita": 1.0, "digo": "1708", "n": "Código: 1708" }, "geometry": { "type": "Point", "coordinates": [ -71.242537, -41.120087 ] } },
{ "type": "Feature", "properties": { "Name": "Modesta Victoria y Vapor Condor", "description": "descripción: Código: 1709<br>Coordenadas: -41.1218174 -71.2462049<br>Garita: 1<br>Código: 1709<br>Coordenadas: -41.1218174 -71.2462049<br>Garita: 1.0", "descripci__n": "Código: 1709\nCoordenadas: -41.1218174 -71.2462049\nGarita: 1", "C__digo": "1709", "Coordenadas": "-41.1218174 -71.2462049", "Garita": 1.0, "digo": "1709", "n": "Código: 1709" }, "geometry": { "type": "Point", "coordinates": [ -71.246205, -41.121817 ] } },
{ "type": "Feature", "properties": { "Name": "Modesta Victoria - Escarpa", "description": "descripción: Código: 1713<br>Coordenadas: -41.1291274 -71.2599775<br>Garita: 1<br>Código: 1713<br>Coordenadas: -41.1291274 -71.2599775<br>Garita: 1.0", "descripci__n": "Código: 1713\nCoordenadas: -41.1291274 -71.2599775\nGarita: 1", "C__digo": "1713", "Coordenadas": "-41.1291274 -71.2599775", "Garita": 1.0, "digo": "1713", "n": "Código: 1713" }, "geometry": { "type": "Point", "coordinates": [ -71.259978, -41.129127 ] } },
{ "type": "Feature", "properties": { "Name": "Av. 12 de Octubre y Remolcador Llao Llao", "description": "descripción: Código: 1715<br>Coordenadas: -41.1297104 -71.2624764<br>Garita: 1<br>Código: 1715<br>Coordenadas: -41.1297104 -71.2624764<br>Garita: 1.0", "descripci__n": "Código: 1715\nCoordenadas: -41.1297104 -71.2624764\nGarita: 1", "C__digo": "1715", "Coordenadas": "-41.1297104 -71.2624764", "Garita": 1.0, "digo": "1715", "n": "Código: 1715" }, "geometry": { "type": "Point", "coordinates": [ -71.262476, -41.12971 ] } },
{ "type": "Feature", "properties": { "Name": "Elflein y Rolando", "description": "descripción: Código: 1810<br>Coordenadas: -41.136135 -71.3061371<br>Garita: 1<br>Código: 1810<br>Coordenadas: -41.136135 -71.3061371<br>Garita: 1.0", "descripci__n": "Código: 1810\nCoordenadas: -41.136135 -71.3061371\nGarita: 1", "C__digo": "1810", "Coordenadas": "-41.136135 -71.3061371", "Garita": 1.0, "digo": "1810", "n": "Código: 1810" }, "geometry": { "type": "Point", "coordinates": [ -71.306137, -41.136135 ] } },
{ "type": "Feature", "properties": { "Name": "Frey y Almte. Brown", "description": "descripción: Código: 1816<br>Coordenadas: -41.1472747 -71.3036817<br>Garita: 1<br>Código: 1816<br>Coordenadas: -41.1472747 -71.3036817<br>Garita: 1.0", "descripci__n": "Código: 1816\nCoordenadas: -41.1472747 -71.3036817\nGarita: 1", "C__digo": "1816", "Coordenadas": "-41.1472747 -71.3036817", "Garita": 1.0, "digo": "1816", "n": "Código: 1816" }, "geometry": { "type": "Point", "coordinates": [ -71.303682, -41.147275 ] } },
{ "type": "Feature", "properties": { "Name": "Gimnasio Municipal N°2 -a", "description": "descripción: Código: 1822<br>Coordenadas: -41.1520059 -71.3095744<br>Garita: 1<br>Código: 1822<br>Coordenadas: -41.1520059 -71.3095744<br>Garita: 1.0", "descripci__n": "Código: 1822\nCoordenadas: -41.1520059 -71.3095744\nGarita: 1", "C__digo": "1822", "Coordenadas": "-41.1520059 -71.3095744", "Garita": 1.0, "digo": "1822", "n": "Código: 1822" }, "geometry": { "type": "Point", "coordinates": [ -71.309574, -41.152006 ] } },
{ "type": "Feature", "properties": { "Name": "Av. Juan Herman y Coiron", "description": "descripción: Código: 1829<br>Coordenadas: -41.1630159 -71.3193589<br>Garita: 1<br>Código: 1829<br>Coordenadas: -41.1630159 -71.3193589<br>Garita: 1.0", "descripci__n": "Código: 1829\nCoordenadas: -41.1630159 -71.3193589\nGarita: 1", "C__digo": "1829", "Coordenadas": "-41.1630159 -71.3193589", "Garita": 1.0, "digo": "1829", "n": "Código: 1829" }, "geometry": { "type": "Point", "coordinates": [ -71.319359, -41.163016 ] } },
{ "type": "Feature", "properties": { "Name": "Av. Juan Herman y Charcao", "description": "descripción: Código: 1830<br>Coordenadas: -41.1650461 -71.3208105<br>Garita: 1<br>Código: 1830<br>Coordenadas: -41.1650461 -71.3208105<br>Garita: 1.0", "descripci__n": "Código: 1830\nCoordenadas: -41.1650461 -71.3208105\nGarita: 1", "C__digo": "1830", "Coordenadas": "-41.1650461 -71.3208105", "Garita": 1.0, "digo": "1830", "n": "Código: 1830" }, "geometry": { "type": "Point", "coordinates": [ -71.32081, -41.165046 ] } },
{ "type": "Feature", "properties": { "Name": "Av. Juan Herman y Neneo", "description": "descripción: Código: 1831<br>Coordenadas: -41.1665749 -71.3223429<br>Garita: 1<br>Código: 1831<br>Coordenadas: -41.1665749 -71.3223429<br>Garita: 1.0", "descripci__n": "Código: 1831\nCoordenadas: -41.1665749 -71.3223429\nGarita: 1", "C__digo": "1831", "Coordenadas": "-41.1665749 -71.3223429", "Garita": 1.0, "digo": "1831", "n": "Código: 1831" }, "geometry": { "type": "Point", "coordinates": [ -71.322343, -41.166575 ] } },
{ "type": "Feature", "properties": { "Name": "Cacique Prayel y Crucero Gral. Belgrano", "description": "descripción: Código: 1903<br>Coordenadas: -41.1619872 -71.3455736<br>Garita: 1<br>Código: 1903<br>Coordenadas: -41.1619872 -71.3455736<br>Garita: 1.0", "descripci__n": "Código: 1903\nCoordenadas: -41.1619872 -71.3455736\nGarita: 1", "C__digo": "1903", "Coordenadas": "-41.1619872 -71.3455736", "Garita": 1.0, "digo": "1903", "n": "Código: 1903" }, "geometry": { "type": "Point", "coordinates": [ -71.345574, -41.161987 ] } },
{ "type": "Feature", "properties": { "Name": "Cancha Barrio Unión -b", "description": "descripción: Código: 1905<br>Coordenadas: -41.164784 -71.3436973<br>Garita: 1<br>Código: 1905<br>Coordenadas: -41.164784 -71.3436973<br>Garita: 1.0", "descripci__n": "Código: 1905\nCoordenadas: -41.164784 -71.3436973\nGarita: 1", "C__digo": "1905", "Coordenadas": "-41.164784 -71.3436973", "Garita": 1.0, "digo": "1905", "n": "Código: 1905" }, "geometry": { "type": "Point", "coordinates": [ -71.343697, -41.164784 ] } },
{ "type": "Feature", "properties": { "Name": "Crucero Gral. Belgrano y Cabo Ávila -b", "description": "descripción: Código: 1906<br>Coordenadas: -41.166681 -71.342064<br>Garita: 1<br>Código: 1906<br>Coordenadas: -41.166681 -71.342064<br>Garita: 1.0", "descripci__n": "Código: 1906\nCoordenadas: -41.166681 -71.342064\nGarita: 1", "C__digo": "1906", "Coordenadas": "-41.166681 -71.342064", "Garita": 1.0, "digo": "1906", "n": "Código: 1906" }, "geometry": { "type": "Point", "coordinates": [ -71.342064, -41.166681 ] } },
{ "type": "Feature", "properties": { "Name": "Crucero Gral. Belgrano y Sgto. Sergio García -b", "description": "descripción: Código: 1907<br>Coordenadas: -41.1685079 -71.3405119<br>Garita: 1<br>Código: 1907<br>Coordenadas: -41.1685079 -71.3405119<br>Garita: 1.0", "descripci__n": "Código: 1907\nCoordenadas: -41.1685079 -71.3405119\nGarita: 1", "C__digo": "1907", "Coordenadas": "-41.1685079 -71.3405119", "Garita": 1.0, "digo": "1907", "n": "Código: 1907" }, "geometry": { "type": "Point", "coordinates": [ -71.340512, -41.168508 ] } },
{ "type": "Feature", "properties": { "Name": "ESRN N°97 -b", "description": "descripción: Código: 1908<br>Coordenadas: -41.1701213 -71.3390689<br>Garita: 1<br>Código: 1908<br>Coordenadas: -41.1701213 -71.3390689<br>Garita: 1.0", "descripci__n": "Código: 1908\nCoordenadas: -41.1701213 -71.3390689\nGarita: 1", "C__digo": "1908", "Coordenadas": "-41.1701213 -71.3390689", "Garita": 1.0, "digo": "1908", "n": "Código: 1908" }, "geometry": { "type": "Point", "coordinates": [ -71.339069, -41.170121 ] } },
{ "type": "Feature", "properties": { "Name": "La Paz y Pje. Gutiérrez -b", "description": "descripción: Código: 1919<br>Coordenadas: -41.1516142 -71.3147713<br>Garita: 1<br>Código: 1919<br>Coordenadas: -41.1516142 -71.3147713<br>Garita: 1.0", "descripci__n": "Código: 1919\nCoordenadas: -41.1516142 -71.3147713\nGarita: 1", "C__digo": "1919", "Coordenadas": "-41.1516142 -71.3147713", "Garita": 1.0, "digo": "1919", "n": "Código: 1919" }, "geometry": { "type": "Point", "coordinates": [ -71.314771, -41.151614 ] } },
{ "type": "Feature", "properties": { "Name": "Gimnasio Municipal N°2 -b", "description": "descripción: Código: 1921<br>Coordenadas: -41.1522798 -71.3086984<br>Garita: 1<br>Código: 1921<br>Coordenadas: -41.1522798 -71.3086984<br>Garita: 1.0", "descripci__n": "Código: 1921\nCoordenadas: -41.1522798 -71.3086984\nGarita: 1", "C__digo": "1921", "Coordenadas": "-41.1522798 -71.3086984", "Garita": 1.0, "digo": "1921", "n": "Código: 1921" }, "geometry": { "type": "Point", "coordinates": [ -71.308698, -41.15228 ] } },
{ "type": "Feature", "properties": { "Name": "Beschtedt y Padre Mascardi", "description": "descripción: Código: 1924<br>Coordenadas: -41.1488497 -71.3052549<br>Garita: 1<br>Código: 1924<br>Coordenadas: -41.1488497 -71.3052549<br>Garita: 1.0", "descripci__n": "Código: 1924\nCoordenadas: -41.1488497 -71.3052549\nGarita: 1", "C__digo": "1924", "Coordenadas": "-41.1488497 -71.3052549", "Garita": 1.0, "digo": "1924", "n": "Código: 1924" }, "geometry": { "type": "Point", "coordinates": [ -71.305255, -41.14885 ] } },
{ "type": "Feature", "properties": { "Name": "Elflein y Palacios", "description": "descripción: Código: 1933<br>Coordenadas: -41.1362871 -71.3046625<br>Garita: 1<br>Código: 1933<br>Coordenadas: -41.1362871 -71.3046625<br>Garita: 1.0", "descripci__n": "Código: 1933\nCoordenadas: -41.1362871 -71.3046625\nGarita: 1", "C__digo": "1933", "Coordenadas": "-41.1362871 -71.3046625", "Garita": 1.0, "digo": "1933", "n": "Código: 1933" }, "geometry": { "type": "Point", "coordinates": [ -71.304662, -41.136287 ] } },
{ "type": "Feature", "properties": { "Name": "Elflein y Frey", "description": "descripción: Código: 1934<br>Coordenadas: -41.1365699 -71.3019198<br>Garita: 1<br>Código: 1934<br>Coordenadas: -41.1365699 -71.3019198<br>Garita: 1.0", "descripci__n": "Código: 1934\nCoordenadas: -41.1365699 -71.3019198\nGarita: 1", "C__digo": "1934", "Coordenadas": "-41.1365699 -71.3019198", "Garita": 1.0, "digo": "1934", "n": "Código: 1934" }, "geometry": { "type": "Point", "coordinates": [ -71.30192, -41.13657 ] } },
{ "type": "Feature", "properties": { "Name": "Cmte. Luis Piedrabuena - B° Las Victorias -a", "description": "descripción: Código: 1942<br>Coordenadas: -41.1299901 -71.2606077<br>Garita: 1<br>Código: 1942<br>Coordenadas: -41.1299901 -71.2606077<br>Garita: 1.0", "descripci__n": "Código: 1942\nCoordenadas: -41.1299901 -71.2606077\nGarita: 1", "C__digo": "1942", "Coordenadas": "-41.1299901 -71.2606077", "Garita": 1.0, "digo": "1942", "n": "Código: 1942" }, "geometry": { "type": "Point", "coordinates": [ -71.260608, -41.12999 ] } },
{ "type": "Feature", "properties": { "Name": "Cmte. Luis Piedrabuena - Estación de Servicio -a ", "description": "descripción: Código: 1943<br>Coordenadas: -41.1292896 -71.2564556<br>Garita: 1<br>Código: 1943<br>Coordenadas: -41.1292896 -71.2564556<br>Garita: 1.0", "descripci__n": "Código: 1943\nCoordenadas: -41.1292896 -71.2564556\nGarita: 1", "C__digo": "1943", "Coordenadas": "-41.1292896 -71.2564556", "Garita": 1.0, "digo": "1943", "n": "Código: 1943" }, "geometry": { "type": "Point", "coordinates": [ -71.256456, -41.12929 ] } },
{ "type": "Feature", "properties": { "Name": "INVAP -a", "description": "descripción: Código: 1946<br>Coordenadas: -41.1251563 -71.2403839<br>Garita: 1<br>Código: 1946<br>Coordenadas: -41.1251563 -71.2403839<br>Garita: 1.0", "descripci__n": "Código: 1946\nCoordenadas: -41.1251563 -71.2403839\nGarita: 1", "C__digo": "1946", "Coordenadas": "-41.1251563 -71.2403839", "Garita": 1.0, "digo": "1946", "n": "Código: 1946" }, "geometry": { "type": "Point", "coordinates": [ -71.240384, -41.125156 ] } },
{ "type": "Feature", "properties": { "Name": "Cmte. Luis Piedrabuena - Puesto Policia Caminera -a", "description": "descripción: Código: 1948<br>Coordenadas: -41.1219367 -71.2347707<br>Garita: 1<br>Código: 1948<br>Coordenadas: -41.1219367 -71.2347707<br>Garita: 1.0", "descripci__n": "Código: 1948\nCoordenadas: -41.1219367 -71.2347707\nGarita: 1", "C__digo": "1948", "Coordenadas": "-41.1219367 -71.2347707", "Garita": 1.0, "digo": "1948", "n": "Código: 1948" }, "geometry": { "type": "Point", "coordinates": [ -71.234771, -41.121937 ] } },
{ "type": "Feature", "properties": { "Name": "RN 40 y Con Con -a", "description": "descripción: Código: 1951<br>Coordenadas: -41.1151521 -71.2252887<br>Garita: 1<br>Código: 1951<br>Coordenadas: -41.1151521 -71.2252887<br>Garita: 1.0", "descripci__n": "Código: 1951\nCoordenadas: -41.1151521 -71.2252887\nGarita: 1", "C__digo": "1951", "Coordenadas": "-41.1151521 -71.2252887", "Garita": 1.0, "digo": "1951", "n": "Código: 1951" }, "geometry": { "type": "Point", "coordinates": [ -71.225289, -41.115152 ] } },
{ "type": "Feature", "properties": { "Name": "Cacique Huicaleo y Cap. Fernando Casado", "description": "descripción: Código: 2002<br>Coordenadas: -41.1630959 -71.343177<br>Garita: 1<br>Código: 2002<br>Coordenadas: -41.1630959 -71.343177<br>Garita: 1.0", "descripci__n": "Código: 2002\nCoordenadas: -41.1630959 -71.343177\nGarita: 1", "C__digo": "2002", "Coordenadas": "-41.1630959 -71.343177", "Garita": 1.0, "digo": "2002", "n": "Código: 2002" }, "geometry": { "type": "Point", "coordinates": [ -71.343177, -41.163096 ] } },
{ "type": "Feature", "properties": { "Name": "Pje. Gutiérrez y Cerro Carbón", "description": "descripción: Código: 2016<br>Coordenadas: -41.1586155 -71.3175918<br>Garita: 1<br>Código: 2016<br>Coordenadas: -41.1586155 -71.3175918<br>Garita: 1.0", "descripci__n": "Código: 2016\nCoordenadas: -41.1586155 -71.3175918\nGarita: 1", "C__digo": "2016", "Coordenadas": "-41.1586155 -71.3175918", "Garita": 1.0, "digo": "2016", "n": "Código: 2016" }, "geometry": { "type": "Point", "coordinates": [ -71.317592, -41.158616 ] } },
{ "type": "Feature", "properties": { "Name": "La Paz y Palacios", "description": "descripción: Código: 2020<br>Coordenadas: -41.1522276 -71.3080303<br>Garita: 1<br>Código: 2020<br>Coordenadas: -41.1522276 -71.3080303<br>Garita: 1.0", "descripci__n": "Código: 2020\nCoordenadas: -41.1522276 -71.3080303\nGarita: 1", "C__digo": "2020", "Coordenadas": "-41.1522276 -71.3080303", "Garita": 1.0, "digo": "2020", "n": "Código: 2020" }, "geometry": { "type": "Point", "coordinates": [ -71.30803, -41.152228 ] } },
{ "type": "Feature", "properties": { "Name": "La Paz y Beschtedt -b", "description": "descripción: Código: 2021<br>Coordenadas: -41.1525009 -71.3064223<br>Garita: 1<br>Código: 2021<br>Coordenadas: -41.1525009 -71.3064223<br>Garita: 1.0", "descripci__n": "Código: 2021\nCoordenadas: -41.1525009 -71.3064223\nGarita: 1", "C__digo": "2021", "Coordenadas": "-41.1525009 -71.3064223", "Garita": 1.0, "digo": "2021", "n": "Código: 2021" }, "geometry": { "type": "Point", "coordinates": [ -71.306422, -41.152501 ] } },
{ "type": "Feature", "properties": { "Name": "Soldado Olavarría y Coral -b", "description": "descripción: Código: 2102<br>Coordenadas: -41.1645216 -71.3169961<br>Garita: 1<br>Código: 2102<br>Coordenadas: -41.1645216 -71.3169961<br>Garita: 1.0", "descripci__n": "Código: 2102\nCoordenadas: -41.1645216 -71.3169961\nGarita: 1", "C__digo": "2102", "Coordenadas": "-41.1645216 -71.3169961", "Garita": 1.0, "digo": "2102", "n": "Código: 2102" }, "geometry": { "type": "Point", "coordinates": [ -71.316996, -41.164522 ] } },
{ "type": "Feature", "properties": { "Name": "CAPS Ojo de Agua", "description": "descripción: Código: 2103<br>Coordenadas: -41.1660442 -71.3151949<br>Garita: 1<br>Código: 2103<br>Coordenadas: -41.1660442 -71.3151949<br>Garita: 1.0", "descripci__n": "Código: 2103\nCoordenadas: -41.1660442 -71.3151949\nGarita: 1", "C__digo": "2103", "Coordenadas": "-41.1660442 -71.3151949", "Garita": 1.0, "digo": "2103", "n": "Código: 2103" }, "geometry": { "type": "Point", "coordinates": [ -71.315195, -41.166044 ] } },
{ "type": "Feature", "properties": { "Name": "Puerto Argentino y José Obrero -b", "description": "descripción: Código: 2105<br>Coordenadas: -41.1661788 -71.311169<br>Garita: 1<br>Código: 2105<br>Coordenadas: -41.1661788 -71.311169<br>Garita: 1.0", "descripci__n": "Código: 2105\nCoordenadas: -41.1661788 -71.311169\nGarita: 1", "C__digo": "2105", "Coordenadas": "-41.1661788 -71.311169", "Garita": 1.0, "digo": "2105", "n": "Código: 2105" }, "geometry": { "type": "Point", "coordinates": [ -71.311169, -41.166179 ] } },
{ "type": "Feature", "properties": { "Name": "Rawson y Ushuaia -b", "description": "descripción: Código: 2108<br>Coordenadas: -41.1677307 -71.3075237<br>Garita: 1<br>Código: 2108<br>Coordenadas: -41.1677307 -71.3075237<br>Garita: 1.0", "descripci__n": "Código: 2108\nCoordenadas: -41.1677307 -71.3075237\nGarita: 1", "C__digo": "2108", "Coordenadas": "-41.1677307 -71.3075237", "Garita": 1.0, "digo": "2108", "n": "Código: 2108" }, "geometry": { "type": "Point", "coordinates": [ -71.307524, -41.167731 ] } },
{ "type": "Feature", "properties": { "Name": "Carlos Wiederhold y Pedro Giachino -b", "description": "descripción: Código: 2109<br>Coordenadas: -41.1665825 -71.306409<br>Garita: 1<br>Código: 2109<br>Coordenadas: -41.1665825 -71.306409<br>Garita: 1.0", "descripci__n": "Código: 2109\nCoordenadas: -41.1665825 -71.306409\nGarita: 1", "C__digo": "2109", "Coordenadas": "-41.1665825 -71.306409", "Garita": 1.0, "digo": "2109", "n": "Código: 2109" }, "geometry": { "type": "Point", "coordinates": [ -71.306409, -41.166582 ] } },
{ "type": "Feature", "properties": { "Name": "Carlos Wiederhold y Gdor. Vernet -b", "description": "descripción: Código: 2110<br>Coordenadas: -41.1654928 -71.3073907<br>Garita: 1<br>Código: 2110<br>Coordenadas: -41.1654928 -71.3073907<br>Garita: 1.0", "descripci__n": "Código: 2110\nCoordenadas: -41.1654928 -71.3073907\nGarita: 1", "C__digo": "2110", "Coordenadas": "-41.1654928 -71.3073907", "Garita": 1.0, "digo": "2110", "n": "Código: 2110" }, "geometry": { "type": "Point", "coordinates": [ -71.307391, -41.165493 ] } },
{ "type": "Feature", "properties": { "Name": "Av. Juan Herman y Carlos Wiederhold -b", "description": "descripción: Código: 2113<br>Coordenadas: -41.1591967 -71.3140317<br>Garita: 1<br>Código: 2113<br>Coordenadas: -41.1591967 -71.3140317<br>Garita: 1.0", "descripci__n": "Código: 2113\nCoordenadas: -41.1591967 -71.3140317\nGarita: 1", "C__digo": "2113", "Coordenadas": "-41.1591967 -71.3140317", "Garita": 1.0, "digo": "2113", "n": "Código: 2113" }, "geometry": { "type": "Point", "coordinates": [ -71.314032, -41.159197 ] } },
{ "type": "Feature", "properties": { "Name": "Rolando y Padre Elguea -b", "description": "descripción: Código: 2115<br>Coordenadas: -41.1562817 -71.3094558<br>Garita: 1<br>Código: 2115<br>Coordenadas: -41.1562817 -71.3094558<br>Garita: 1.0", "descripci__n": "Código: 2115\nCoordenadas: -41.1562817 -71.3094558\nGarita: 1", "C__digo": "2115", "Coordenadas": "-41.1562817 -71.3094558", "Garita": 1.0, "digo": "2115", "n": "Código: 2115" }, "geometry": { "type": "Point", "coordinates": [ -71.309456, -41.156282 ] } },
{ "type": "Feature", "properties": { "Name": "Plaza Héroes de Malvinas -a", "description": "descripción: Código: 2117<br>Coordenadas: -41.1548258 -71.3134509<br>Garita: 1<br>Código: 2117<br>Coordenadas: -41.1548258 -71.3134509<br>Garita: 1.0", "descripci__n": "Código: 2117\nCoordenadas: -41.1548258 -71.3134509\nGarita: 1", "C__digo": "2117", "Coordenadas": "-41.1548258 -71.3134509", "Garita": 1.0, "digo": "2117", "n": "Código: 2117" }, "geometry": { "type": "Point", "coordinates": [ -71.313451, -41.154826 ] } },
{ "type": "Feature", "properties": { "Name": "Pablo Mange y Camilo Goye", "description": "descripción: Código: 2118<br>Coordenadas: -41.1546907 -71.3146949<br>Garita: 1<br>Código: 2118<br>Coordenadas: -41.1546907 -71.3146949<br>Garita: 1.0", "descripci__n": "Código: 2118\nCoordenadas: -41.1546907 -71.3146949\nGarita: 1", "C__digo": "2118", "Coordenadas": "-41.1546907 -71.3146949", "Garita": 1.0, "digo": "2118", "n": "Código: 2118" }, "geometry": { "type": "Point", "coordinates": [ -71.314695, -41.154691 ] } },
{ "type": "Feature", "properties": { "Name": "Pablo Mange y Pje. Gutiérrez -a", "description": "descripción: Código: 2119<br>Coordenadas: -41.1545497 -71.3161309<br>Garita: 1<br>Código: 2119<br>Coordenadas: -41.1545497 -71.3161309<br>Garita: 1.0", "descripci__n": "Código: 2119\nCoordenadas: -41.1545497 -71.3161309\nGarita: 1", "C__digo": "2119", "Coordenadas": "-41.1545497 -71.3161309", "Garita": 1.0, "digo": "2119", "n": "Código: 2119" }, "geometry": { "type": "Point", "coordinates": [ -71.316131, -41.15455 ] } },
{ "type": "Feature", "properties": { "Name": "Pablo Mange y Pje. Gutiérrez -b", "description": "descripción: Código: 2201<br>Coordenadas: -41.1546369 -71.3164707<br>Garita: 1<br>Código: 2201<br>Coordenadas: -41.1546369 -71.3164707<br>Garita: 1.0", "descripci__n": "Código: 2201\nCoordenadas: -41.1546369 -71.3164707\nGarita: 1", "C__digo": "2201", "Coordenadas": "-41.1546369 -71.3164707", "Garita": 1.0, "digo": "2201", "n": "Código: 2201" }, "geometry": { "type": "Point", "coordinates": [ -71.316471, -41.154637 ] } },
{ "type": "Feature", "properties": { "Name": "Carlos Wiederhold y Malvinas Argentinas -a", "description": "descripción: Código: 2208<br>Coordenadas: -41.1634514 -71.3110092<br>Garita: 1<br>Código: 2208<br>Coordenadas: -41.1634514 -71.3110092<br>Garita: 1.0", "descripci__n": "Código: 2208\nCoordenadas: -41.1634514 -71.3110092\nGarita: 1", "C__digo": "2208", "Coordenadas": "-41.1634514 -71.3110092", "Garita": 1.0, "digo": "2208", "n": "Código: 2208" }, "geometry": { "type": "Point", "coordinates": [ -71.311009, -41.163451 ] } },
{ "type": "Feature", "properties": { "Name": "Av. Río Negro y Maquinchao -a", "description": "descripción: Código: 2302<br>Coordenadas: -41.1562109 -71.3233838<br>Garita: 1<br>Código: 2302<br>Coordenadas: -41.1562109 -71.3233838<br>Garita: 1.0", "descripci__n": "Código: 2302\nCoordenadas: -41.1562109 -71.3233838\nGarita: 1", "C__digo": "2302", "Coordenadas": "-41.1562109 -71.3233838", "Garita": 1.0, "digo": "2302", "n": "Código: 2302" }, "geometry": { "type": "Point", "coordinates": [ -71.323384, -41.156211 ] } },
{ "type": "Feature", "properties": { "Name": "Av. Río Negro y Jacobacci -a", "description": "descripción: Código: 2304<br>Coordenadas: -41.1554077 -71.320826<br>Garita: 1<br>Código: 2304<br>Coordenadas: -41.1554077 -71.320826<br>Garita: 1.0", "descripci__n": "Código: 2304\nCoordenadas: -41.1554077 -71.320826\nGarita: 1", "C__digo": "2304", "Coordenadas": "-41.1554077 -71.320826", "Garita": 1.0, "digo": "2304", "n": "Código: 2304" }, "geometry": { "type": "Point", "coordinates": [ -71.320826, -41.155408 ] } },
{ "type": "Feature", "properties": { "Name": "Av. Río Negro y Piedras Blancas -a", "description": "descripción: Código: 2305<br>Coordenadas: -41.1546143 -71.3189311<br>Garita: 1<br>Código: 2305<br>Coordenadas: -41.1546143 -71.3189311<br>Garita: 1.0", "descripci__n": "Código: 2305\nCoordenadas: -41.1546143 -71.3189311\nGarita: 1", "C__digo": "2305", "Coordenadas": "-41.1546143 -71.3189311", "Garita": 1.0, "digo": "2305", "n": "Código: 2305" }, "geometry": { "type": "Point", "coordinates": [ -71.318931, -41.154614 ] } },
{ "type": "Feature", "properties": { "Name": "Pje. Gutiérrez y Miramar -b", "description": "descripción: Código: 2307<br>Coordenadas: -41.1553298 -71.3169829<br>Garita: 1<br>Código: 2307<br>Coordenadas: -41.1553298 -71.3169829<br>Garita: 1.0", "descripci__n": "Código: 2307\nCoordenadas: -41.1553298 -71.3169829\nGarita: 1", "C__digo": "2307", "Coordenadas": "-41.1553298 -71.3169829", "Garita": 1.0, "digo": "2307", "n": "Código: 2307" }, "geometry": { "type": "Point", "coordinates": [ -71.316983, -41.15533 ] } },
{ "type": "Feature", "properties": { "Name": "Pje. Gutiérrez y Basilea -b", "description": "descripción: Código: 2308<br>Coordenadas: -41.1533067 -71.3160113<br>Garita: 1<br>Código: 2308<br>Coordenadas: -41.1533067 -71.3160113<br>Garita: 1.0", "descripci__n": "Código: 2308\nCoordenadas: -41.1533067 -71.3160113\nGarita: 1", "C__digo": "2308", "Coordenadas": "-41.1533067 -71.3160113", "Garita": 1.0, "digo": "2308", "n": "Código: 2308" }, "geometry": { "type": "Point", "coordinates": [ -71.316011, -41.153307 ] } },
{ "type": "Feature", "properties": { "Name": "Alte. Brown y Rolando", "description": "descripción: Código: 2313<br>Coordenadas: -41.1473349 -71.3075879<br>Garita: 1<br>Código: 2313<br>Coordenadas: -41.1473349 -71.3075879<br>Garita: 1.0", "descripci__n": "Código: 2313\nCoordenadas: -41.1473349 -71.3075879\nGarita: 1", "C__digo": "2313", "Coordenadas": "-41.1473349 -71.3075879", "Garita": 1.0, "digo": "2313", "n": "Código: 2313" }, "geometry": { "type": "Point", "coordinates": [ -71.307588, -41.147335 ] } },
{ "type": "Feature", "properties": { "Name": "Av. 12 de Octubre y Esandi", "description": "descripción: Código: 2327<br>Coordenadas: -41.1326912 -71.2834626<br>Garita: 1<br>Código: 2327<br>Coordenadas: -41.1326912 -71.2834626<br>Garita: 1.0", "descripci__n": "Código: 2327\nCoordenadas: -41.1326912 -71.2834626\nGarita: 1", "C__digo": "2327", "Coordenadas": "-41.1326912 -71.2834626", "Garita": 1.0, "digo": "2327", "n": "Código: 2327" }, "geometry": { "type": "Point", "coordinates": [ -71.283463, -41.132691 ] } },
{ "type": "Feature", "properties": { "Name": "Ricardo Güiraldes y Rafael Obligado", "description": "descripción: Código: 2331<br>Coordenadas: -41.1328792 -71.2714536<br>Garita: 1<br>Código: 2331<br>Coordenadas: -41.1328792 -71.2714536<br>Garita: 1.0", "descripci__n": "Código: 2331\nCoordenadas: -41.1328792 -71.2714536\nGarita: 1", "C__digo": "2331", "Coordenadas": "-41.1328792 -71.2714536", "Garita": 1.0, "digo": "2331", "n": "Código: 2331" }, "geometry": { "type": "Point", "coordinates": [ -71.271454, -41.132879 ] } },
{ "type": "Feature", "properties": { "Name": "Ricardo Güiraldes y Alfonsina Storni", "description": "descripción: Código: 2332<br>Coordenadas: -41.1327585 -71.2695774<br>Garita: 1<br>Código: 2332<br>Coordenadas: -41.1327585 -71.2695774<br>Garita: 1.0", "descripci__n": "Código: 2332\nCoordenadas: -41.1327585 -71.2695774\nGarita: 1", "C__digo": "2332", "Coordenadas": "-41.1327585 -71.2695774", "Garita": 1.0, "digo": "2332", "n": "Código: 2332" }, "geometry": { "type": "Point", "coordinates": [ -71.269577, -41.132758 ] } },
{ "type": "Feature", "properties": { "Name": "La Florida y Riobamba", "description": "descripción: Código: 2334<br>Coordenadas: -41.1315979 -71.2653647<br>Garita: 1<br>Código: 2334<br>Coordenadas: -41.1315979 -71.2653647<br>Garita: 1.0", "descripci__n": "Código: 2334\nCoordenadas: -41.1315979 -71.2653647\nGarita: 1", "C__digo": "2334", "Coordenadas": "-41.1315979 -71.2653647", "Garita": 1.0, "digo": "2334", "n": "Código: 2334" }, "geometry": { "type": "Point", "coordinates": [ -71.265365, -41.131598 ] } },
{ "type": "Feature", "properties": { "Name": "Av. Las Victorias y Arroyo de la China -a", "description": "descripción: Código: 2340<br>Coordenadas: -41.1396982 -71.2597713<br>Garita: 1<br>Código: 2340<br>Coordenadas: -41.1396982 -71.2597713<br>Garita: 1.0", "descripci__n": "Código: 2340\nCoordenadas: -41.1396982 -71.2597713\nGarita: 1", "C__digo": "2340", "Coordenadas": "-41.1396982 -71.2597713", "Garita": 1.0, "digo": "2340", "n": "Código: 2340" }, "geometry": { "type": "Point", "coordinates": [ -71.259771, -41.139698 ] } },
{ "type": "Feature", "properties": { "Name": "Av. Las Victorias y Curapalihue -a", "description": "descripción: Código: 2341<br>Coordenadas: -41.143151 -71.2613292<br>Garita: 1<br>Código: 2341<br>Coordenadas: -41.143151 -71.2613292<br>Garita: 1.0", "descripci__n": "Código: 2341\nCoordenadas: -41.143151 -71.2613292\nGarita: 1", "C__digo": "2341", "Coordenadas": "-41.143151 -71.2613292", "Garita": 1.0, "digo": "2341", "n": "Código: 2341" }, "geometry": { "type": "Point", "coordinates": [ -71.261329, -41.143151 ] } },
{ "type": "Feature", "properties": { "Name": "Destacamento 2 Bomberos Voluntarios", "description": "descripción: Código: 2347<br>Coordenadas: -41.1481655 -71.2672045<br>Garita: 1<br>Código: 2347<br>Coordenadas: -41.1481655 -71.2672045<br>Garita: 1.0", "descripci__n": "Código: 2347\nCoordenadas: -41.1481655 -71.2672045\nGarita: 1", "C__digo": "2347", "Coordenadas": "-41.1481655 -71.2672045", "Garita": 1.0, "digo": "2347", "n": "Código: 2347" }, "geometry": { "type": "Point", "coordinates": [ -71.267204, -41.148166 ] } },
{ "type": "Feature", "properties": { "Name": "San José de Costa Rica y México", "description": "descripción: Código: 2352<br>Coordenadas: -41.1446817 -71.2752508<br>Garita: 1<br>Código: 2352<br>Coordenadas: -41.1446817 -71.2752508<br>Garita: 1.0", "descripci__n": "Código: 2352\nCoordenadas: -41.1446817 -71.2752508\nGarita: 1", "C__digo": "2352", "Coordenadas": "-41.1446817 -71.2752508", "Garita": 1.0, "digo": "2352", "n": "Código: 2352" }, "geometry": { "type": "Point", "coordinates": [ -71.275251, -41.144682 ] } },
{ "type": "Feature", "properties": { "Name": "Monteverde y México -b", "description": "descripción: Código: 2354<br>Coordenadas: -41.1458107 -71.2778558<br>Garita: 1<br>Código: 2354<br>Coordenadas: -41.1458107 -71.2778558<br>Garita: 1.0", "descripci__n": "Código: 2354\nCoordenadas: -41.1458107 -71.2778558\nGarita: 1", "C__digo": "2354", "Coordenadas": "-41.1458107 -71.2778558", "Garita": 1.0, "digo": "2354", "n": "Código: 2354" }, "geometry": { "type": "Point", "coordinates": [ -71.277856, -41.145811 ] } },
{ "type": "Feature", "properties": { "Name": "Diag. Capraro y Ruíz Moreno -a", "description": "descripción: Código: 2363<br>Coordenadas: -41.1355369 -71.2941159<br>Garita: 1<br>Código: 2363<br>Coordenadas: -41.1355369 -71.2941159<br>Garita: 1.0", "descripci__n": "Código: 2363\nCoordenadas: -41.1355369 -71.2941159\nGarita: 1", "C__digo": "2363", "Coordenadas": "-41.1355369 -71.2941159", "Garita": 1.0, "digo": "2363", "n": "Código: 2363" }, "geometry": { "type": "Point", "coordinates": [ -71.294116, -41.135537 ] } },
{ "type": "Feature", "properties": { "Name": "Frey y Santiago Albarracín", "description": "descripción: Código: 2406<br>Coordenadas: -41.1394762 -71.302258<br>Garita: 1<br>Código: 2406<br>Coordenadas: -41.1394762 -71.302258<br>Garita: 1.0", "descripci__n": "Código: 2406\nCoordenadas: -41.1394762 -71.302258\nGarita: 1", "C__digo": "2406", "Coordenadas": "-41.1394762 -71.302258", "Garita": 1.0, "digo": "2406", "n": "Código: 2406" }, "geometry": { "type": "Point", "coordinates": [ -71.302258, -41.139476 ] } },
{ "type": "Feature", "properties": { "Name": "Diag. Gutiérrez - Rotonda", "description": "descripción: Código: 2414<br>Coordenadas: -41.1479523 -71.3058036<br>Garita: 1<br>Código: 2414<br>Coordenadas: -41.1479523 -71.3058036<br>Garita: 1.0", "descripci__n": "Código: 2414\nCoordenadas: -41.1479523 -71.3058036\nGarita: 1", "C__digo": "2414", "Coordenadas": "-41.1479523 -71.3058036", "Garita": 1.0, "digo": "2414", "n": "Código: 2414" }, "geometry": { "type": "Point", "coordinates": [ -71.305804, -41.147952 ] } },
{ "type": "Feature", "properties": { "Name": "Quebracho y Del Viento", "description": "descripción: Código: 2507<br>Coordenadas: -41.1086868 -71.4587164<br>Garita: 1<br>Código: 2507<br>Coordenadas: -41.1086868 -71.4587164<br>Garita: 1.0", "descripci__n": "Código: 2507\nCoordenadas: -41.1086868 -71.4587164\nGarita: 1", "C__digo": "2507", "Coordenadas": "-41.1086868 -71.4587164", "Garita": 1.0, "digo": "2507", "n": "Código: 2507" }, "geometry": { "type": "Point", "coordinates": [ -71.458716, -41.108687 ] } },
{ "type": "Feature", "properties": { "Name": "De la Centella y Paraíso", "description": "descripción: Código: 2508<br>Coordenadas: -41.1090256 -71.4596074<br>Garita: 1<br>Código: 2508<br>Coordenadas: -41.1090256 -71.4596074<br>Garita: 1.0", "descripci__n": "Código: 2508\nCoordenadas: -41.1090256 -71.4596074\nGarita: 1", "C__digo": "2508", "Coordenadas": "-41.1090256 -71.4596074", "Garita": 1.0, "digo": "2508", "n": "Código: 2508" }, "geometry": { "type": "Point", "coordinates": [ -71.459607, -41.109026 ] } },
{ "type": "Feature", "properties": { "Name": "De la Neblina y De la Centella", "description": "descripción: Código: 2509<br>Coordenadas: -41.1090025 -71.4608925<br>Garita: 1<br>Código: 2509<br>Coordenadas: -41.1090025 -71.4608925<br>Garita: 1.0", "descripci__n": "Código: 2509\nCoordenadas: -41.1090025 -71.4608925\nGarita: 1", "C__digo": "2509", "Coordenadas": "-41.1090025 -71.4608925", "Garita": 1.0, "digo": "2509", "n": "Código: 2509" }, "geometry": { "type": "Point", "coordinates": [ -71.460892, -41.109002 ] } },
{ "type": "Feature", "properties": { "Name": "Paraíso y Del Remanso", "description": "descripción: Código: 2510<br>Coordenadas: -41.1102235 -71.461279<br>Garita: 1<br>Código: 2510<br>Coordenadas: -41.1102235 -71.461279<br>Garita: 1.0", "descripci__n": "Código: 2510\nCoordenadas: -41.1102235 -71.461279\nGarita: 1", "C__digo": "2510", "Coordenadas": "-41.1102235 -71.461279", "Garita": 1.0, "digo": "2510", "n": "Código: 2510" }, "geometry": { "type": "Point", "coordinates": [ -71.461279, -41.110224 ] } },
{ "type": "Feature", "properties": { "Name": "Cahiu y Del Crepúsculo -b", "description": "descripción: Código: 2516<br>Coordenadas: -41.1089485 -71.4493306<br>Garita: 1<br>Código: 2516<br>Coordenadas: -41.1089485 -71.4493306<br>Garita: 1.0", "descripci__n": "Código: 2516\nCoordenadas: -41.1089485 -71.4493306\nGarita: 1", "C__digo": "2516", "Coordenadas": "-41.1089485 -71.4493306", "Garita": 1.0, "digo": "2516", "n": "Código: 2516" }, "geometry": { "type": "Point", "coordinates": [ -71.449331, -41.108948 ] } },
{ "type": "Feature", "properties": { "Name": "Cahiu y C. 17 -b", "description": "descripción: Código: 2517<br>Coordenadas: -41.1111103 -71.4454064<br>Garita: 1<br>Código: 2517<br>Coordenadas: -41.1111103 -71.4454064<br>Garita: 1.0", "descripci__n": "Código: 2517\nCoordenadas: -41.1111103 -71.4454064\nGarita: 1", "C__digo": "2517", "Coordenadas": "-41.1111103 -71.4454064", "Garita": 1.0, "digo": "2517", "n": "Código: 2517" }, "geometry": { "type": "Point", "coordinates": [ -71.445406, -41.11111 ] } },
{ "type": "Feature", "properties": { "Name": "Cahiu y C. 13 -b", "description": "descripción: Código: 2518<br>Coordenadas: -41.1124323 -71.443066<br>Garita: 1<br>Código: 2518<br>Coordenadas: -41.1124323 -71.443066<br>Garita: 1.0", "descripci__n": "Código: 2518\nCoordenadas: -41.1124323 -71.443066\nGarita: 1", "C__digo": "2518", "Coordenadas": "-41.1124323 -71.443066", "Garita": 1.0, "digo": "2518", "n": "Código: 2518" }, "geometry": { "type": "Point", "coordinates": [ -71.443066, -41.112432 ] } },
{ "type": "Feature", "properties": { "Name": "Cahiu y C. 9 -b", "description": "descripción: Código: 2519<br>Coordenadas: -41.1134899 -71.4412697<br>Garita: 1<br>Código: 2519<br>Coordenadas: -41.1134899 -71.4412697<br>Garita: 1.0", "descripci__n": "Código: 2519\nCoordenadas: -41.1134899 -71.4412697\nGarita: 1", "C__digo": "2519", "Coordenadas": "-41.1134899 -71.4412697", "Garita": 1.0, "digo": "2519", "n": "Código: 2519" }, "geometry": { "type": "Point", "coordinates": [ -71.44127, -41.11349 ] } },
{ "type": "Feature", "properties": { "Name": "Plaza B° Casa de Piedra -b", "description": "descripción: Código: 2521<br>Coordenadas: -41.1157718 -71.4372464<br>Garita: 1<br>Código: 2521<br>Coordenadas: -41.1157718 -71.4372464<br>Garita: 1.0", "descripci__n": "Código: 2521\nCoordenadas: -41.1157718 -71.4372464\nGarita: 1", "C__digo": "2521", "Coordenadas": "-41.1157718 -71.4372464", "Garita": 1.0, "digo": "2521", "n": "Código: 2521" }, "geometry": { "type": "Point", "coordinates": [ -71.437246, -41.115772 ] } },
{ "type": "Feature", "properties": { "Name": "Chingolos y Diucas -a", "description": "descripción: Código: 2524<br>Coordenadas: -41.1159427 -71.4322305<br>Garita: 1<br>Código: 2524<br>Coordenadas: -41.1159427 -71.4322305<br>Garita: 1.0", "descripci__n": "Código: 2524\nCoordenadas: -41.1159427 -71.4322305\nGarita: 1", "C__digo": "2524", "Coordenadas": "-41.1159427 -71.4322305", "Garita": 1.0, "digo": "2524", "n": "Código: 2524" }, "geometry": { "type": "Point", "coordinates": [ -71.43223, -41.115943 ] } },
{ "type": "Feature", "properties": { "Name": "Tordos y Pájaros Azules -b", "description": "descripción: Código: 2525<br>Coordenadas: -41.1166208 -71.4281835<br>Garita: 1<br>Código: 2525<br>Coordenadas: -41.1166208 -71.4281835<br>Garita: 1.0", "descripci__n": "Código: 2525\nCoordenadas: -41.1166208 -71.4281835\nGarita: 1", "C__digo": "2525", "Coordenadas": "-41.1166208 -71.4281835", "Garita": 1.0, "digo": "2525", "n": "Código: 2525" }, "geometry": { "type": "Point", "coordinates": [ -71.428184, -41.116621 ] } },
{ "type": "Feature", "properties": { "Name": "Terminal de Ómnibus ", "description": "descripción: Código: 2601<br>Coordenadas: -41.1303213 -71.2730305<br>Garita: 1<br>Código: 2601<br>Coordenadas: -41.1303213 -71.2730305<br>Garita: 1.0", "descripci__n": "Código: 2601\nCoordenadas: -41.1303213 -71.2730305\nGarita: 1", "C__digo": "2601", "Coordenadas": "-41.1303213 -71.2730305", "Garita": 1.0, "digo": "2601", "n": "Código: 2601" }, "geometry": { "type": "Point", "coordinates": [ -71.27303, -41.130321 ] } },
{ "type": "Feature", "properties": { "Name": "Av. Bustillo Km.4 - Playa Melipal -a", "description": "descripción: Código: 2618<br>Coordenadas: -41.1264436 -71.353669<br>Garita: 1<br>Código: 2618<br>Coordenadas: -41.1264436 -71.353669<br>Garita: 1.0", "descripci__n": "Código: 2618\nCoordenadas: -41.1264436 -71.353669\nGarita: 1", "C__digo": "2618", "Coordenadas": "-41.1264436 -71.353669", "Garita": 1.0, "digo": "2618", "n": "Código: 2618" }, "geometry": { "type": "Point", "coordinates": [ -71.353669, -41.126444 ] } },
{ "type": "Feature", "properties": { "Name": "Av. Bustillo Km.5 -a", "description": "descripción: Código: 2621<br>Coordenadas: -41.1217607 -71.3674431<br>Garita: 1<br>Código: 2621<br>Coordenadas: -41.1217607 -71.3674431<br>Garita: 1.0", "descripci__n": "Código: 2621\nCoordenadas: -41.1217607 -71.3674431\nGarita: 1", "C__digo": "2621", "Coordenadas": "-41.1217607 -71.3674431", "Garita": 1.0, "digo": "2621", "n": "Código: 2621" }, "geometry": { "type": "Point", "coordinates": [ -71.367443, -41.121761 ] } },
{ "type": "Feature", "properties": { "Name": "Av. Bustillo Km.6.600 -a", "description": "descripción: Código: 2625<br>Coordenadas: -41.1195186 -71.3835247<br>Garita: 1<br>Código: 2625<br>Coordenadas: -41.1195186 -71.3835247<br>Garita: 1.0", "descripci__n": "Código: 2625\nCoordenadas: -41.1195186 -71.3835247\nGarita: 1", "C__digo": "2625", "Coordenadas": "-41.1195186 -71.3835247", "Garita": 1.0, "digo": "2625", "n": "Código: 2625" }, "geometry": { "type": "Point", "coordinates": [ -71.383525, -41.119519 ] } },
{ "type": "Feature", "properties": { "Name": "Av. Bustillo Km.7.900 - Playa Bonita -a", "description": "descripción: Código: 2628<br>Coordenadas: -41.1214554 -71.396814<br>Garita: 1<br>Código: 2628<br>Coordenadas: -41.1214554 -71.396814<br>Garita: 1.0", "descripci__n": "Código: 2628\nCoordenadas: -41.1214554 -71.396814\nGarita: 1", "C__digo": "2628", "Coordenadas": "-41.1214554 -71.396814", "Garita": 1.0, "digo": "2628", "n": "Código: 2628" }, "geometry": { "type": "Point", "coordinates": [ -71.396814, -41.121455 ] } },
{ "type": "Feature", "properties": { "Name": "Av. Bustillo Km.8.800 -a", "description": "descripción: Código: 2630<br>Coordenadas: -41.1176187 -71.4035896<br>Garita: 1<br>Código: 2630<br>Coordenadas: -41.1176187 -71.4035896<br>Garita: 1.0", "descripci__n": "Código: 2630\nCoordenadas: -41.1176187 -71.4035896\nGarita: 1", "C__digo": "2630", "Coordenadas": "-41.1176187 -71.4035896", "Garita": 1.0, "digo": "2630", "n": "Código: 2630" }, "geometry": { "type": "Point", "coordinates": [ -71.40359, -41.117619 ] } },
{ "type": "Feature", "properties": { "Name": "Antiguo Camino Llao Llao y Rotonda -a", "description": "descripción: Código: 2647<br>Coordenadas: -41.1047127 -71.4559574<br>Garita: 1<br>Código: 2647<br>Coordenadas: -41.1047127 -71.4559574<br>Garita: 1.0", "descripci__n": "Código: 2647\nCoordenadas: -41.1047127 -71.4559574\nGarita: 1", "C__digo": "2647", "Coordenadas": "-41.1047127 -71.4559574", "Garita": 1.0, "digo": "2647", "n": "Código: 2647" }, "geometry": { "type": "Point", "coordinates": [ -71.455957, -41.104713 ] } },
{ "type": "Feature", "properties": { "Name": "C. 12 y C. 10 -a", "description": "descripción: Código: 2650<br>Coordenadas: -41.1032239 -71.4613486<br>Garita: 1<br>Código: 2650<br>Coordenadas: -41.1032239 -71.4613486<br>Garita: 1.0", "descripci__n": "Código: 2650\nCoordenadas: -41.1032239 -71.4613486\nGarita: 1", "C__digo": "2650", "Coordenadas": "-41.1032239 -71.4613486", "Garita": 1.0, "digo": "2650", "n": "Código: 2650" }, "geometry": { "type": "Point", "coordinates": [ -71.461349, -41.103224 ] } },
{ "type": "Feature", "properties": { "Name": "RP 77 Circuito Chico Km.24 -b", "description": "descripción: Código: 2808<br>Coordenadas: -41.074231 -71.5320175<br>Garita: 1<br>Código: 2808<br>Coordenadas: -41.074231 -71.5320175<br>Garita: 1.0", "descripci__n": "Código: 2808\nCoordenadas: -41.074231 -71.5320175\nGarita: 1", "C__digo": "2808", "Coordenadas": "-41.074231 -71.5320175", "Garita": 1.0, "digo": "2808", "n": "Código: 2808" }, "geometry": { "type": "Point", "coordinates": [ -71.532018, -41.074231 ] } },
{ "type": "Feature", "properties": { "Name": "RP 77 Circuito Chico y Av. Bustillo", "description": "descripción: Código: 2902<br>Coordenadas: -41.0691687 -71.4831442<br>Garita: 1<br>Código: 2902<br>Coordenadas: -41.0691687 -71.4831442<br>Garita: 1.0", "descripci__n": "Código: 2902\nCoordenadas: -41.0691687 -71.4831442\nGarita: 1", "C__digo": "2902", "Coordenadas": "-41.0691687 -71.4831442", "Garita": 1.0, "digo": "2902", "n": "Código: 2902" }, "geometry": { "type": "Point", "coordinates": [ -71.483144, -41.069169 ] } },
{ "type": "Feature", "properties": { "Name": "RP 77 Circuito Chico km.20 -a", "description": "descripción: Código: 2905<br>Coordenadas: -41.073294 -71.4946088<br>Garita: 1<br>Código: 2905<br>Coordenadas: -41.073294 -71.4946088<br>Garita: 1.0", "descripci__n": "Código: 2905\nCoordenadas: -41.073294 -71.4946088\nGarita: 1", "C__digo": "2905", "Coordenadas": "-41.073294 -71.4946088", "Garita": 1.0, "digo": "2905", "n": "Código: 2905" }, "geometry": { "type": "Point", "coordinates": [ -71.494609, -41.073294 ] } },
{ "type": "Feature", "properties": { "Name": "RP 77 Circuito Chico - Laguna El Trébol -a", "description": "descripción: Código: 2906<br>Coordenadas: -41.0725038 -71.4973587<br>Garita: 1<br>Código: 2906<br>Coordenadas: -41.0725038 -71.4973587<br>Garita: 1.0", "descripci__n": "Código: 2906\nCoordenadas: -41.0725038 -71.4973587\nGarita: 1", "C__digo": "2906", "Coordenadas": "-41.0725038 -71.4973587", "Garita": 1.0, "digo": "2906", "n": "Código: 2906" }, "geometry": { "type": "Point", "coordinates": [ -71.497359, -41.072504 ] } },
{ "type": "Feature", "properties": { "Name": "RP 77 Circuito Chico y Romerillo -a", "description": "descripción: Código: 2908<br>Coordenadas: -41.0708566 -71.5041429<br>Garita: 1<br>Código: 2908<br>Coordenadas: -41.0708566 -71.5041429<br>Garita: 1.0", "descripci__n": "Código: 2908\nCoordenadas: -41.0708566 -71.5041429\nGarita: 1", "C__digo": "2908", "Coordenadas": "-41.0708566 -71.5041429", "Garita": 1.0, "digo": "2908", "n": "Código: 2908" }, "geometry": { "type": "Point", "coordinates": [ -71.504143, -41.070857 ] } },
{ "type": "Feature", "properties": { "Name": "Acceso Oeste a Colonia Suiza - RP 77 Circuito Chico -b", "description": "descripción: Código: 2918<br>Coordenadas: -41.0846843 -71.5453963<br>Garita: 1<br>Código: 2918<br>Coordenadas: -41.0846843 -71.5453963<br>Garita: 1.0", "descripci__n": "Código: 2918\nCoordenadas: -41.0846843 -71.5453963\nGarita: 1", "C__digo": "2918", "Coordenadas": "-41.0846843 -71.5453963", "Garita": 1.0, "digo": "2918", "n": "Código: 2918" }, "geometry": { "type": "Point", "coordinates": [ -71.545396, -41.084684 ] } },
{ "type": "Feature", "properties": { "Name": "Félix Goye - Feria Colonia Suiza", "description": "descripción: Código: 2928<br>Coordenadas: -41.0958574 -71.50898<br>Garita: 1<br>Código: 2928<br>Coordenadas: -41.0958574 -71.50898<br>Garita: 1.0", "descripci__n": "Código: 2928\nCoordenadas: -41.0958574 -71.50898\nGarita: 1", "C__digo": "2928", "Coordenadas": "-41.0958574 -71.50898", "Garita": 1.0, "digo": "2928", "n": "Código: 2928" }, "geometry": { "type": "Point", "coordinates": [ -71.50898, -41.095857 ] } },
{ "type": "Feature", "properties": { "Name": "Acceso Oeste a Colonia Suiza - RP 77 Circuito Chico -a", "description": "descripción: Código: 3110<br>Coordenadas: -41.084738 -71.5449742<br>Garita: 1<br>Código: 3110<br>Coordenadas: -41.084738 -71.5449742<br>Garita: 1.0", "descripci__n": "Código: 3110\nCoordenadas: -41.084738 -71.5449742\nGarita: 1", "C__digo": "3110", "Coordenadas": "-41.084738 -71.5449742", "Garita": 1.0, "digo": "3110", "n": "Código: 3110" }, "geometry": { "type": "Point", "coordinates": [ -71.544974, -41.084738 ] } },
{ "type": "Feature", "properties": { "Name": "Av. del Campanario y Churrín Andino -a", "description": "descripción: Código: 3408<br>Coordenadas: -41.0603055 -71.4631108<br>Garita: 1<br>Código: 3408<br>Coordenadas: -41.0603055 -71.4631108<br>Garita: 1.0", "descripci__n": "Código: 3408\nCoordenadas: -41.0603055 -71.4631108\nGarita: 1", "C__digo": "3408", "Coordenadas": "-41.0603055 -71.4631108", "Garita": 1.0, "digo": "3408", "n": "Código: 3408" }, "geometry": { "type": "Point", "coordinates": [ -71.463111, -41.060306 ] } },
{ "type": "Feature", "properties": { "Name": "Av. del Campanario - Casa de Te -b", "description": "descripción: Código: 3507<br>Coordenadas: -41.0669898 -71.4541457<br>Garita: 1<br>Código: 3507<br>Coordenadas: -41.0669898 -71.4541457<br>Garita: 1.0", "descripci__n": "Código: 3507\nCoordenadas: -41.0669898 -71.4541457\nGarita: 1", "C__digo": "3507", "Coordenadas": "-41.0669898 -71.4541457", "Garita": 1.0, "digo": "3507", "n": "Código: 3507" }, "geometry": { "type": "Point", "coordinates": [ -71.454146, -41.06699 ] } },
{ "type": "Feature", "properties": { "Name": "Av. del Campanario y Selva Negra -b", "description": "descripción: Código: 3509<br>Coordenadas: -41.0653377 -71.4581583<br>Garita: 1<br>Código: 3509<br>Coordenadas: -41.0653377 -71.4581583<br>Garita: 1.0", "descripci__n": "Código: 3509\nCoordenadas: -41.0653377 -71.4581583\nGarita: 1", "C__digo": "3509", "Coordenadas": "-41.0653377 -71.4581583", "Garita": 1.0, "digo": "3509", "n": "Código: 3509" }, "geometry": { "type": "Point", "coordinates": [ -71.458158, -41.065338 ] } },
{ "type": "Feature", "properties": { "Name": "Av. Bustillo Km.14.800 - Camping", "description": "descripción: Código: 3609<br>Coordenadas: -41.0903121 -71.4524022<br>Garita: 1<br>Código: 3609<br>Coordenadas: -41.0903121 -71.4524022<br>Garita: 1.0", "descripci__n": "Código: 3609\nCoordenadas: -41.0903121 -71.4524022\nGarita: 1", "C__digo": "3609", "Coordenadas": "-41.0903121 -71.4524022", "Garita": 1.0, "digo": "3609", "n": "Código: 3609" }, "geometry": { "type": "Point", "coordinates": [ -71.452402, -41.090312 ] } },
{ "type": "Feature", "properties": { "Name": "Av. Bustillo Km.8.800 -b", "description": "descripción: Código: 3622<br>Coordenadas: -41.1176564 -71.4037878<br>Garita: 1<br>Código: 3622<br>Coordenadas: -41.1176564 -71.4037878<br>Garita: 1.0", "descripci__n": "Código: 3622\nCoordenadas: -41.1176564 -71.4037878\nGarita: 1", "C__digo": "3622", "Coordenadas": "-41.1176564 -71.4037878", "Garita": 1.0, "digo": "3622", "n": "Código: 3622" }, "geometry": { "type": "Point", "coordinates": [ -71.403788, -41.117656 ] } },
{ "type": "Feature", "properties": { "Name": "Av. de Los Pioneros y Cruz de Sur", "description": "descripción: Código: 3624<br>Coordenadas: -41.124302 -71.4012404<br>Garita: 1<br>Código: 3624<br>Coordenadas: -41.124302 -71.4012404<br>Garita: 1.0", "descripci__n": "Código: 3624\nCoordenadas: -41.124302 -71.4012404\nGarita: 1", "C__digo": "3624", "Coordenadas": "-41.124302 -71.4012404", "Garita": 1.0, "digo": "3624", "n": "Código: 3624" }, "geometry": { "type": "Point", "coordinates": [ -71.40124, -41.124302 ] } },
{ "type": "Feature", "properties": { "Name": "Av. de Los Pioneros Km.6.394", "description": "descripción: Código: 3629<br>Coordenadas: -41.1269382 -71.3820229<br>Garita: 1<br>Código: 3629<br>Coordenadas: -41.1269382 -71.3820229<br>Garita: 1.0", "descripci__n": "Código: 3629\nCoordenadas: -41.1269382 -71.3820229\nGarita: 1", "C__digo": "3629", "Coordenadas": "-41.1269382 -71.3820229", "Garita": 1.0, "digo": "3629", "n": "Código: 3629" }, "geometry": { "type": "Point", "coordinates": [ -71.382023, -41.126938 ] } },
{ "type": "Feature", "properties": { "Name": "Av. de Los Pioneros - Comisaría 27 -b", "description": "descripción: Código: 3632<br>Coordenadas: -41.1301631 -71.3705369<br>Garita: 1<br>Código: 3632<br>Coordenadas: -41.1301631 -71.3705369<br>Garita: 1.0", "descripci__n": "Código: 3632\nCoordenadas: -41.1301631 -71.3705369\nGarita: 1", "C__digo": "3632", "Coordenadas": "-41.1301631 -71.3705369", "Garita": 1.0, "digo": "3632", "n": "Código: 3632" }, "geometry": { "type": "Point", "coordinates": [ -71.370537, -41.130163 ] } },
{ "type": "Feature", "properties": { "Name": "Av. de Los Pioneros - Teleférico -b", "description": "descripción: Código: 3633<br>Coordenadas: -41.1302634 -71.3693133<br>Garita: 1<br>Código: 3633<br>Coordenadas: -41.1302634 -71.3693133<br>Garita: 1.0", "descripci__n": "Código: 3633\nCoordenadas: -41.1302634 -71.3693133\nGarita: 1", "C__digo": "3633", "Coordenadas": "-41.1302634 -71.3693133", "Garita": 1.0, "digo": "3633", "n": "Código: 3633" }, "geometry": { "type": "Point", "coordinates": [ -71.369313, -41.130263 ] } },
{ "type": "Feature", "properties": { "Name": "Av. de Los Pioneros y Cerro Otto -b", "description": "descripción: Código: 3634<br>Coordenadas: -41.1304748 -71.3673926<br>Garita: 1<br>Código: 3634<br>Coordenadas: -41.1304748 -71.3673926<br>Garita: 1.0", "descripci__n": "Código: 3634\nCoordenadas: -41.1304748 -71.3673926\nGarita: 1", "C__digo": "3634", "Coordenadas": "-41.1304748 -71.3673926", "Garita": 1.0, "digo": "3634", "n": "Código: 3634" }, "geometry": { "type": "Point", "coordinates": [ -71.367393, -41.130475 ] } },
{ "type": "Feature", "properties": { "Name": "Av. de Los Pioneros y Escritores Argentinos -b", "description": "descripción: Código: 3635<br>Coordenadas: -41.1309347 -71.3647664<br>Garita: 1<br>Código: 3635<br>Coordenadas: -41.1309347 -71.3647664<br>Garita: 1.0", "descripci__n": "Código: 3635\nCoordenadas: -41.1309347 -71.3647664\nGarita: 1", "C__digo": "3635", "Coordenadas": "-41.1309347 -71.3647664", "Garita": 1.0, "digo": "3635", "n": "Código: 3635" }, "geometry": { "type": "Point", "coordinates": [ -71.364766, -41.130935 ] } },
{ "type": "Feature", "properties": { "Name": "Av. de Los Pioneros y Tupungato -b", "description": "descripción: Código: 3636<br>Coordenadas: -41.1314974 -71.3610869<br>Garita: 1<br>Código: 3636<br>Coordenadas: -41.1314974 -71.3610869<br>Garita: 1.0", "descripci__n": "Código: 3636\nCoordenadas: -41.1314974 -71.3610869\nGarita: 1", "C__digo": "3636", "Coordenadas": "-41.1314974 -71.3610869", "Garita": 1.0, "digo": "3636", "n": "Código: 3636" }, "geometry": { "type": "Point", "coordinates": [ -71.361087, -41.131497 ] } },
{ "type": "Feature", "properties": { "Name": "Av. de Los Pioneros Km.3.890", "description": "descripción: Código: 3638<br>Coordenadas: -41.1322463 -71.3561254<br>Garita: 1<br>Código: 3638<br>Coordenadas: -41.1322463 -71.3561254<br>Garita: 1.0", "descripci__n": "Código: 3638\nCoordenadas: -41.1322463 -71.3561254\nGarita: 1", "C__digo": "3638", "Coordenadas": "-41.1322463 -71.3561254", "Garita": 1.0, "digo": "3638", "n": "Código: 3638" }, "geometry": { "type": "Point", "coordinates": [ -71.356125, -41.132246 ] } },
{ "type": "Feature", "properties": { "Name": "Av. de Los Pioneros Km.3.607 -b", "description": "descripción: Código: 3639<br>Coordenadas: -41.1328708 -71.3529093<br>Garita: 1<br>Código: 3639<br>Coordenadas: -41.1328708 -71.3529093<br>Garita: 1.0", "descripci__n": "Código: 3639\nCoordenadas: -41.1328708 -71.3529093\nGarita: 1", "C__digo": "3639", "Coordenadas": "-41.1328708 -71.3529093", "Garita": 1.0, "digo": "3639", "n": "Código: 3639" }, "geometry": { "type": "Point", "coordinates": [ -71.352909, -41.132871 ] } },
{ "type": "Feature", "properties": { "Name": "Av. Juan Herman y Otto Goedecke", "description": "descripción: Código: 3660<br>Coordenadas: -41.1534299 -71.3016482<br>Garita: 1<br>Código: 3660<br>Coordenadas: -41.1534299 -71.3016482<br>Garita: 1.0", "descripci__n": "Código: 3660\nCoordenadas: -41.1534299 -71.3016482\nGarita: 1", "C__digo": "3660", "Coordenadas": "-41.1534299 -71.3016482", "Garita": 1.0, "digo": "3660", "n": "Código: 3660" }, "geometry": { "type": "Point", "coordinates": [ -71.301648, -41.15343 ] } },
{ "type": "Feature", "properties": { "Name": "Av. Juan Herman y Sobral", "description": "descripción: Código: 3661<br>Coordenadas: -41.1543427 -71.3038775<br>Garita: 1<br>Código: 3661<br>Coordenadas: -41.1543427 -71.3038775<br>Garita: 1.0", "descripci__n": "Código: 3661\nCoordenadas: -41.1543427 -71.3038775\nGarita: 1", "C__digo": "3661", "Coordenadas": "-41.1543427 -71.3038775", "Garita": 1.0, "digo": "3661", "n": "Código: 3661" }, "geometry": { "type": "Point", "coordinates": [ -71.303878, -41.154343 ] } },
{ "type": "Feature", "properties": { "Name": "Peulla y Cacique Chocori -b", "description": "descripción: Código: 3702<br>Coordenadas: -41.1674252 -71.3306518<br>Garita: 1<br>Código: 3702<br>Coordenadas: -41.1674252 -71.3306518<br>Garita: 1.0", "descripci__n": "Código: 3702\nCoordenadas: -41.1674252 -71.3306518\nGarita: 1", "C__digo": "3702", "Coordenadas": "-41.1674252 -71.3306518", "Garita": 1.0, "digo": "3702", "n": "Código: 3702" }, "geometry": { "type": "Point", "coordinates": [ -71.330652, -41.167425 ] } },
{ "type": "Feature", "properties": { "Name": "Cacique Prafil y Paico -b", "description": "descripción: Código: 3705<br>Coordenadas: -41.1641715 -71.3300672<br>Garita: 1<br>Código: 3705<br>Coordenadas: -41.1641715 -71.3300672<br>Garita: 1.0", "descripci__n": "Código: 3705\nCoordenadas: -41.1641715 -71.3300672\nGarita: 1", "C__digo": "3705", "Coordenadas": "-41.1641715 -71.3300672", "Garita": 1.0, "digo": "3705", "n": "Código: 3705" }, "geometry": { "type": "Point", "coordinates": [ -71.330067, -41.164172 ] } },
{ "type": "Feature", "properties": { "Name": "Pil Pil Voqui y San Cayetano -b", "description": "descripción: Código: 3712<br>Coordenadas: -41.16106 -71.3363332<br>Garita: 1<br>Código: 3712<br>Coordenadas: -41.16106 -71.3363332<br>Garita: 1.0", "descripci__n": "Código: 3712\nCoordenadas: -41.16106 -71.3363332\nGarita: 1", "C__digo": "3712", "Coordenadas": "-41.16106 -71.3363332", "Garita": 1.0, "digo": "3712", "n": "Código: 3712" }, "geometry": { "type": "Point", "coordinates": [ -71.336333, -41.16106 ] } },
{ "type": "Feature", "properties": { "Name": "Charcao y Cacique Nahuel -b", "description": "descripción: Código: 3718<br>Coordenadas: -41.1596281 -71.3267438<br>Garita: 1<br>Código: 3718<br>Coordenadas: -41.1596281 -71.3267438<br>Garita: 1.0", "descripci__n": "Código: 3718\nCoordenadas: -41.1596281 -71.3267438\nGarita: 1", "C__digo": "3718", "Coordenadas": "-41.1596281 -71.3267438", "Garita": 1.0, "digo": "3718", "n": "Código: 3718" }, "geometry": { "type": "Point", "coordinates": [ -71.326744, -41.159628 ] } },
{ "type": "Feature", "properties": { "Name": "Charcao y Cacique Prafil -b", "description": "descripción: Código: 3719<br>Coordenadas: -41.1609228 -71.3251543<br>Garita: 1<br>Código: 3719<br>Coordenadas: -41.1609228 -71.3251543<br>Garita: 1.0", "descripci__n": "Código: 3719\nCoordenadas: -41.1609228 -71.3251543\nGarita: 1", "C__digo": "3719", "Coordenadas": "-41.1609228 -71.3251543", "Garita": 1.0, "digo": "3719", "n": "Código: 3719" }, "geometry": { "type": "Point", "coordinates": [ -71.325154, -41.160923 ] } },
{ "type": "Feature", "properties": { "Name": "Charcao y Cacique Purran -b", "description": "descripción: Código: 3721<br>Coordenadas: -41.1636505 -71.3219029<br>Garita: 1<br>Código: 3721<br>Coordenadas: -41.1636505 -71.3219029<br>Garita: 1.0", "descripci__n": "Código: 3721\nCoordenadas: -41.1636505 -71.3219029\nGarita: 1", "C__digo": "3721", "Coordenadas": "-41.1636505 -71.3219029", "Garita": 1.0, "digo": "3721", "n": "Código: 3721" }, "geometry": { "type": "Point", "coordinates": [ -71.321903, -41.16365 ] } },
{ "type": "Feature", "properties": { "Name": "Av. Juan Herman y Soldado Olavarría", "description": "descripción: Código: 3723<br>Coordenadas: -41.1624708 -71.318753<br>Garita: 1<br>Código: 3723<br>Coordenadas: -41.1624708 -71.318753<br>Garita: 1.0", "descripci__n": "Código: 3723\nCoordenadas: -41.1624708 -71.318753\nGarita: 1", "C__digo": "3723", "Coordenadas": "-41.1624708 -71.318753", "Garita": 1.0, "digo": "3723", "n": "Código: 3723" }, "geometry": { "type": "Point", "coordinates": [ -71.318753, -41.162471 ] } },
{ "type": "Feature", "properties": { "Name": "Av. Juan Herman y Carlos Wiederhold -b", "description": "descripción: Código: 3724<br>Coordenadas: -41.1591483 -71.314944<br>Garita: 1<br>Código: 3724<br>Coordenadas: -41.1591483 -71.314944<br>Garita: 1.0", "descripci__n": "Código: 3724\nCoordenadas: -41.1591483 -71.314944\nGarita: 1", "C__digo": "3724", "Coordenadas": "-41.1591483 -71.314944", "Garita": 1.0, "digo": "3724", "n": "Código: 3724" }, "geometry": { "type": "Point", "coordinates": [ -71.314944, -41.159148 ] } },
{ "type": "Feature", "properties": { "Name": "Elordi y 2 de Agosto", "description": "descripción: Código: 3730<br>Coordenadas: -41.151691 -71.2985503<br>Garita: 1<br>Código: 3730<br>Coordenadas: -41.151691 -71.2985503<br>Garita: 1.0", "descripci__n": "Código: 3730\nCoordenadas: -41.151691 -71.2985503\nGarita: 1", "C__digo": "3730", "Coordenadas": "-41.151691 -71.2985503", "Garita": 1.0, "digo": "3730", "n": "Código: 3730" }, "geometry": { "type": "Point", "coordinates": [ -71.29855, -41.151691 ] } },
{ "type": "Feature", "properties": { "Name": "Elordi y Almte. Brown", "description": "descripción: Código: 3731<br>Coordenadas: -41.1488341 -71.2980439<br>Garita: 1<br>Código: 3731<br>Coordenadas: -41.1488341 -71.2980439<br>Garita: 1.0", "descripci__n": "Código: 3731\nCoordenadas: -41.1488341 -71.2980439\nGarita: 1", "C__digo": "3731", "Coordenadas": "-41.1488341 -71.2980439", "Garita": 1.0, "digo": "3731", "n": "Código: 3731" }, "geometry": { "type": "Point", "coordinates": [ -71.298044, -41.148834 ] } },
{ "type": "Feature", "properties": { "Name": "Elordi y Neuquén", "description": "descripción: Código: 3732<br>Coordenadas: -41.1456564 -71.2974352<br>Garita: 1<br>Código: 3732<br>Coordenadas: -41.1456564 -71.2974352<br>Garita: 1.0", "descripci__n": "Código: 3732\nCoordenadas: -41.1456564 -71.2974352\nGarita: 1", "C__digo": "3732", "Coordenadas": "-41.1456564 -71.2974352", "Garita": 1.0, "digo": "3732", "n": "Código: 3732" }, "geometry": { "type": "Point", "coordinates": [ -71.297435, -41.145656 ] } },
{ "type": "Feature", "properties": { "Name": "Elordi y Anasagasti", "description": "descripción: Código: 3734<br>Coordenadas: -41.141595 -71.2966859<br>Garita: 1<br>Código: 3734<br>Coordenadas: -41.141595 -71.2966859<br>Garita: 1.0", "descripci__n": "Código: 3734\nCoordenadas: -41.141595 -71.2966859\nGarita: 1", "C__digo": "3734", "Coordenadas": "-41.141595 -71.2966859", "Garita": 1.0, "digo": "3734", "n": "Código: 3734" }, "geometry": { "type": "Point", "coordinates": [ -71.296686, -41.141595 ] } },
{ "type": "Feature", "properties": { "Name": "Quaglia y Mitre", "description": "descripción: Código: 3739<br>Coordenadas: -41.1339019 -71.3083063<br>Garita: 1<br>Código: 3739<br>Coordenadas: -41.1339019 -71.3083063<br>Garita: 1.0", "descripci__n": "Código: 3739\nCoordenadas: -41.1339019 -71.3083063\nGarita: 1", "C__digo": "3739", "Coordenadas": "-41.1339019 -71.3083063", "Garita": 1.0, "digo": "3739", "n": "Código: 3739" }, "geometry": { "type": "Point", "coordinates": [ -71.308306, -41.133902 ] } },
{ "type": "Feature", "properties": { "Name": "Los Ñires y Albarracín -a", "description": "descripción: Código: 3750<br>Coordenadas: -41.1409736 -71.2831889<br>Garita: 1<br>Código: 3750<br>Coordenadas: -41.1409736 -71.2831889<br>Garita: 1.0", "descripci__n": "Código: 3750\nCoordenadas: -41.1409736 -71.2831889\nGarita: 1", "C__digo": "3750", "Coordenadas": "-41.1409736 -71.2831889", "Garita": 1.0, "digo": "3750", "n": "Código: 3750" }, "geometry": { "type": "Point", "coordinates": [ -71.283189, -41.140974 ] } },
{ "type": "Feature", "properties": { "Name": "Anasagasti y Calle 30 -b", "description": "descripción: Código: 3751<br>Coordenadas: -41.1425643 -71.2833114<br>Garita: 1<br>Código: 3751<br>Coordenadas: -41.1425643 -71.2833114<br>Garita: 1.0", "descripci__n": "Código: 3751\nCoordenadas: -41.1425643 -71.2833114\nGarita: 1", "C__digo": "3751", "Coordenadas": "-41.1425643 -71.2833114", "Garita": 1.0, "digo": "3751", "n": "Código: 3751" }, "geometry": { "type": "Point", "coordinates": [ -71.283311, -41.142564 ] } },
{ "type": "Feature", "properties": { "Name": "Los Ñires y Neuquén -b", "description": "descripción: Código: 3801<br>Coordenadas: -41.1477106 -71.281381<br>Garita: 1<br>Código: 3801<br>Coordenadas: -41.1477106 -71.281381<br>Garita: 1.0", "descripci__n": "Código: 3801\nCoordenadas: -41.1477106 -71.281381\nGarita: 1", "C__digo": "3801", "Coordenadas": "-41.1477106 -71.281381", "Garita": 1.0, "digo": "3801", "n": "Código: 3801" }, "geometry": { "type": "Point", "coordinates": [ -71.281381, -41.147711 ] } },
{ "type": "Feature", "properties": { "Name": "Los Ñires y Pasarela Río Ñireco -b", "description": "descripción: Código: 3802<br>Coordenadas: -41.1463442 -71.2817697<br>Garita: 1<br>Código: 3802<br>Coordenadas: -41.1463442 -71.2817697<br>Garita: 1.0", "descripci__n": "Código: 3802\nCoordenadas: -41.1463442 -71.2817697\nGarita: 1", "C__digo": "3802", "Coordenadas": "-41.1463442 -71.2817697", "Garita": 1.0, "digo": "3802", "n": "Código: 3802" }, "geometry": { "type": "Point", "coordinates": [ -71.28177, -41.146344 ] } },
{ "type": "Feature", "properties": { "Name": "Los Ñires - Canchita -b", "description": "descripción: Código: 3803<br>Coordenadas: -41.1448214 -71.2822219<br>Garita: 1<br>Código: 3803<br>Coordenadas: -41.1448214 -71.2822219<br>Garita: 1.0", "descripci__n": "Código: 3803\nCoordenadas: -41.1448214 -71.2822219\nGarita: 1", "C__digo": "3803", "Coordenadas": "-41.1448214 -71.2822219", "Garita": 1.0, "digo": "3803", "n": "Código: 3803" }, "geometry": { "type": "Point", "coordinates": [ -71.282222, -41.144821 ] } },
{ "type": "Feature", "properties": { "Name": "Calle 30 y Los Ñires -b", "description": "descripción: Código: 3804<br>Coordenadas: -41.143658 -71.2832864<br>Garita: 1<br>Código: 3804<br>Coordenadas: -41.143658 -71.2832864<br>Garita: 1.0", "descripci__n": "Código: 3804\nCoordenadas: -41.143658 -71.2832864\nGarita: 1", "C__digo": "3804", "Coordenadas": "-41.143658 -71.2832864", "Garita": 1.0, "digo": "3804", "n": "Código: 3804" }, "geometry": { "type": "Point", "coordinates": [ -71.283286, -41.143658 ] } },
{ "type": "Feature", "properties": { "Name": "Anasagasti y Calle 30 -a", "description": "descripción: Código: 3805<br>Coordenadas: -41.142677 -71.2829939<br>Garita: 1<br>Código: 3805<br>Coordenadas: -41.142677 -71.2829939<br>Garita: 1.0", "descripci__n": "Código: 3805\nCoordenadas: -41.142677 -71.2829939\nGarita: 1", "C__digo": "3805", "Coordenadas": "-41.142677 -71.2829939", "Garita": 1.0, "digo": "3805", "n": "Código: 3805" }, "geometry": { "type": "Point", "coordinates": [ -71.282994, -41.142677 ] } },
{ "type": "Feature", "properties": { "Name": "Los Ñires y Bailey Willis -b", "description": "descripción: Código: 3808<br>Coordenadas: -41.1385527 -71.2832739<br>Garita: 1<br>Código: 3808<br>Coordenadas: -41.1385527 -71.2832739<br>Garita: 1.0", "descripci__n": "Código: 3808\nCoordenadas: -41.1385527 -71.2832739\nGarita: 1", "C__digo": "3808", "Coordenadas": "-41.1385527 -71.2832739", "Garita": 1.0, "digo": "3808", "n": "Código: 3808" }, "geometry": { "type": "Point", "coordinates": [ -71.283274, -41.138553 ] } },
{ "type": "Feature", "properties": { "Name": "Av. 12 de Octubre y Garibaldi", "description": "descripción: Código: 3813<br>Coordenadas: -41.1320706 -71.2806023<br>Garita: 1<br>Código: 3813<br>Coordenadas: -41.1320706 -71.2806023<br>Garita: 1.0", "descripci__n": "Código: 3813\nCoordenadas: -41.1320706 -71.2806023\nGarita: 1", "C__digo": "3813", "Coordenadas": "-41.1320706 -71.2806023", "Garita": 1.0, "digo": "3813", "n": "Código: 3813" }, "geometry": { "type": "Point", "coordinates": [ -71.280602, -41.132071 ] } },
{ "type": "Feature", "properties": { "Name": "Av. 12 de Octubre y Fanny de Newbery", "description": "descripción: Código: 3814<br>Coordenadas: -41.1320278 -71.2825324<br>Garita: 1<br>Código: 3814<br>Coordenadas: -41.1320278 -71.2825324<br>Garita: 1.0", "descripci__n": "Código: 3814\nCoordenadas: -41.1320278 -71.2825324\nGarita: 1", "C__digo": "3814", "Coordenadas": "-41.1320278 -71.2825324", "Garita": 1.0, "digo": "3814", "n": "Código: 3814" }, "geometry": { "type": "Point", "coordinates": [ -71.282532, -41.132028 ] } },
{ "type": "Feature", "properties": { "Name": "Av. Juan Herman y Carlos Wiederhold -a", "description": "descripción: Código: 3838<br>Coordenadas: -41.1586612 -71.3143851<br>Garita: 1<br>Código: 3838<br>Coordenadas: -41.1586612 -71.3143851<br>Garita: 1.0", "descripci__n": "Código: 3838\nCoordenadas: -41.1586612 -71.3143851\nGarita: 1", "C__digo": "3838", "Coordenadas": "-41.1586612 -71.3143851", "Garita": 1.0, "digo": "3838", "n": "Código: 3838" }, "geometry": { "type": "Point", "coordinates": [ -71.314385, -41.158661 ] } },
{ "type": "Feature", "properties": { "Name": "San Cayetano y Molle -a", "description": "descripción: Código: 3847<br>Coordenadas: -41.1569825 -71.3310422<br>Garita: 1<br>Código: 3847<br>Coordenadas: -41.1569825 -71.3310422<br>Garita: 1.0", "descripci__n": "Código: 3847\nCoordenadas: -41.1569825 -71.3310422\nGarita: 1", "C__digo": "3847", "Coordenadas": "-41.1569825 -71.3310422", "Garita": 1.0, "digo": "3847", "n": "Código: 3847" }, "geometry": { "type": "Point", "coordinates": [ -71.331042, -41.156982 ] } },
{ "type": "Feature", "properties": { "Name": "San Cayetano y Ñancu Lahuen -a", "description": "descripción: Código: 3848<br>Coordenadas: -41.1585806 -71.333381<br>Garita: 1<br>Código: 3848<br>Coordenadas: -41.1585806 -71.333381<br>Garita: 1.0", "descripci__n": "Código: 3848\nCoordenadas: -41.1585806 -71.333381\nGarita: 1", "C__digo": "3848", "Coordenadas": "-41.1585806 -71.333381", "Garita": 1.0, "digo": "3848", "n": "Código: 3848" }, "geometry": { "type": "Point", "coordinates": [ -71.333381, -41.158581 ] } },
{ "type": "Feature", "properties": { "Name": "Av. Juan Herman y Beschtedt -b", "description": "descripción: Código: 3908<br>Coordenadas: -41.1552244 -71.3055711<br>Garita: 1<br>Código: 3908<br>Coordenadas: -41.1552244 -71.3055711<br>Garita: 1.0", "descripci__n": "Código: 3908\nCoordenadas: -41.1552244 -71.3055711\nGarita: 1", "C__digo": "3908", "Coordenadas": "-41.1552244 -71.3055711", "Garita": 1.0, "digo": "3908", "n": "Código: 3908" }, "geometry": { "type": "Point", "coordinates": [ -71.305571, -41.155224 ] } },
{ "type": "Feature", "properties": { "Name": "Sobral y Onelli", "description": "descripción: Código: 3910<br>Coordenadas: -41.1547162 -71.3011256<br>Garita: 1<br>Código: 3910<br>Coordenadas: -41.1547162 -71.3011256<br>Garita: 1.0", "descripci__n": "Código: 3910\nCoordenadas: -41.1547162 -71.3011256\nGarita: 1", "C__digo": "3910", "Coordenadas": "-41.1547162 -71.3011256", "Garita": 1.0, "digo": "3910", "n": "Código: 3910" }, "geometry": { "type": "Point", "coordinates": [ -71.301126, -41.154716 ] } },
{ "type": "Feature", "properties": { "Name": "Sobral y Sarmiento -b", "description": "descripción: Código: 3912<br>Coordenadas: -41.1552403 -71.2963437<br>Garita: 1<br>Código: 3912<br>Coordenadas: -41.1552403 -71.2963437<br>Garita: 1.0", "descripci__n": "Código: 3912\nCoordenadas: -41.1552403 -71.2963437\nGarita: 1", "C__digo": "3912", "Coordenadas": "-41.1552403 -71.2963437", "Garita": 1.0, "digo": "3912", "n": "Código: 3912" }, "geometry": { "type": "Point", "coordinates": [ -71.296344, -41.15524 ] } },
{ "type": "Feature", "properties": { "Name": "Primero de Mayo y Roque Sáenz Peña -b", "description": "descripción: Código: 3914<br>Coordenadas: -41.1552417 -71.2934823<br>Garita: 1<br>Código: 3914<br>Coordenadas: -41.1552417 -71.2934823<br>Garita: 1.0", "descripci__n": "Código: 3914\nCoordenadas: -41.1552417 -71.2934823\nGarita: 1", "C__digo": "3914", "Coordenadas": "-41.1552417 -71.2934823", "Garita": 1.0, "digo": "3914", "n": "Código: 3914" }, "geometry": { "type": "Point", "coordinates": [ -71.293482, -41.155242 ] } },
{ "type": "Feature", "properties": { "Name": "9 de Julio y 2 de Agosto -b", "description": "descripción: Código: 3917<br>Coordenadas: -41.1526147 -71.288651<br>Garita: 1<br>Código: 3917<br>Coordenadas: -41.1526147 -71.288651<br>Garita: 1.0", "descripci__n": "Código: 3917\nCoordenadas: -41.1526147 -71.288651\nGarita: 1", "C__digo": "3917", "Coordenadas": "-41.1526147 -71.288651", "Garita": 1.0, "digo": "3917", "n": "Código: 3917" }, "geometry": { "type": "Point", "coordinates": [ -71.288651, -41.152615 ] } },
{ "type": "Feature", "properties": { "Name": "9 de Julio y Alte. Brown -b", "description": "descripción: Código: 3920<br>Coordenadas: -41.1491211 -71.2886283<br>Garita: 1<br>Código: 3920<br>Coordenadas: -41.1491211 -71.2886283<br>Garita: 1.0", "descripci__n": "Código: 3920\nCoordenadas: -41.1491211 -71.2886283\nGarita: 1", "C__digo": "3920", "Coordenadas": "-41.1491211 -71.2886283", "Garita": 1.0, "digo": "3920", "n": "Código: 3920" }, "geometry": { "type": "Point", "coordinates": [ -71.288628, -41.149121 ] } },
{ "type": "Feature", "properties": { "Name": "9 de Julio y Neuquén -b", "description": "descripción: Código: 3921<br>Coordenadas: -41.1470582 -71.2886223<br>Garita: 1<br>Código: 3921<br>Coordenadas: -41.1470582 -71.2886223<br>Garita: 1.0", "descripci__n": "Código: 3921\nCoordenadas: -41.1470582 -71.2886223\nGarita: 1", "C__digo": "3921", "Coordenadas": "-41.1470582 -71.2886223", "Garita": 1.0, "digo": "3921", "n": "Código: 3921" }, "geometry": { "type": "Point", "coordinates": [ -71.288622, -41.147058 ] } },
{ "type": "Feature", "properties": { "Name": "9 de Julio y Anasagasti -b", "description": "descripción: Código: 3923<br>Coordenadas: -41.1425116 -71.2886061<br>Garita: 1<br>Código: 3923<br>Coordenadas: -41.1425116 -71.2886061<br>Garita: 1.0", "descripci__n": "Código: 3923\nCoordenadas: -41.1425116 -71.2886061\nGarita: 1", "C__digo": "3923", "Coordenadas": "-41.1425116 -71.2886061", "Garita": 1.0, "digo": "3923", "n": "Código: 3923" }, "geometry": { "type": "Point", "coordinates": [ -71.288606, -41.142512 ] } },
{ "type": "Feature", "properties": { "Name": "Av. 12 de Octubre y Otto Goedecke", "description": "descripción: Código: 3932<br>Coordenadas: -41.1326366 -71.2978349<br>Garita: 1<br>Código: 3932<br>Coordenadas: -41.1326366 -71.2978349<br>Garita: 1.0", "descripci__n": "Código: 3932\nCoordenadas: -41.1326366 -71.2978349\nGarita: 1", "C__digo": "3932", "Coordenadas": "-41.1326366 -71.2978349", "Garita": 1.0, "digo": "3932", "n": "Código: 3932" }, "geometry": { "type": "Point", "coordinates": [ -71.297835, -41.132637 ] } },
{ "type": "Feature", "properties": { "Name": "Calle 5 y Monteverde", "description": "descripción: Código: 3951<br>Coordenadas: -41.1520574 -71.2799383<br>Garita: 1<br>Código: 3951<br>Coordenadas: -41.1520574 -71.2799383<br>Garita: 1.0", "descripci__n": "Código: 3951\nCoordenadas: -41.1520574 -71.2799383\nGarita: 1", "C__digo": "3951", "Coordenadas": "-41.1520574 -71.2799383", "Garita": 1.0, "digo": "3951", "n": "Código: 3951" }, "geometry": { "type": "Point", "coordinates": [ -71.279938, -41.152057 ] } },
{ "type": "Feature", "properties": { "Name": "La Habana y Calle 6", "description": "descripción: Código: 3959<br>Coordenadas: -41.151808 -71.2752287<br>Garita: 1<br>Código: 3959<br>Coordenadas: -41.151808 -71.2752287<br>Garita: 1.0", "descripci__n": "Código: 3959\nCoordenadas: -41.151808 -71.2752287\nGarita: 1", "C__digo": "3959", "Coordenadas": "-41.151808 -71.2752287", "Garita": 1.0, "digo": "3959", "n": "Código: 3959" }, "geometry": { "type": "Point", "coordinates": [ -71.275229, -41.151808 ] } },
{ "type": "Feature", "properties": { "Name": "La Habana y Calle 2", "description": "descripción: Código: 3961<br>Coordenadas: -41.150312 -71.2731734<br>Garita: 1<br>Código: 3961<br>Coordenadas: -41.150312 -71.2731734<br>Garita: 1.0", "descripci__n": "Código: 3961\nCoordenadas: -41.150312 -71.2731734\nGarita: 1", "C__digo": "3961", "Coordenadas": "-41.150312 -71.2731734", "Garita": 1.0, "digo": "3961", "n": "Código: 3961" }, "geometry": { "type": "Point", "coordinates": [ -71.273173, -41.150312 ] } },
{ "type": "Feature", "properties": { "Name": "San Pablo y La Habana", "description": "descripción: Código: 3963<br>Coordenadas: -41.1482183 -71.2699587<br>Garita: 1<br>Código: 3963<br>Coordenadas: -41.1482183 -71.2699587<br>Garita: 1.0", "descripci__n": "Código: 3963\nCoordenadas: -41.1482183 -71.2699587\nGarita: 1", "C__digo": "3963", "Coordenadas": "-41.1482183 -71.2699587", "Garita": 1.0, "digo": "3963", "n": "Código: 3963" }, "geometry": { "type": "Point", "coordinates": [ -71.269959, -41.148218 ] } },
{ "type": "Feature", "properties": { "Name": "ESRN N°138 - San Francisco", "description": "descripción: Código: 3964<br>Coordenadas: -41.1470676 -71.269812<br>Garita: 1<br>Código: 3964<br>Coordenadas: -41.1470676 -71.269812<br>Garita: 1.0", "descripci__n": "Código: 3964\nCoordenadas: -41.1470676 -71.269812\nGarita: 1", "C__digo": "3964", "Coordenadas": "-41.1470676 -71.269812", "Garita": 1.0, "digo": "3964", "n": "Código: 3964" }, "geometry": { "type": "Point", "coordinates": [ -71.269812, -41.147068 ] } },
{ "type": "Feature", "properties": { "Name": "San José de Costa Rica y Bogotá", "description": "descripción: Código: 3965<br>Coordenadas: -41.145711 -71.2725282<br>Garita: 1<br>Código: 3965<br>Coordenadas: -41.145711 -71.2725282<br>Garita: 1.0", "descripci__n": "Código: 3965\nCoordenadas: -41.145711 -71.2725282\nGarita: 1", "C__digo": "3965", "Coordenadas": "-41.145711 -71.2725282", "Garita": 1.0, "digo": "3965", "n": "Código: 3965" }, "geometry": { "type": "Point", "coordinates": [ -71.272528, -41.145711 ] } },
{ "type": "Feature", "properties": { "Name": "Caracas y San José de Costa Rica", "description": "descripción: Código: 3969<br>Coordenadas: -41.1441007 -71.2764322<br>Garita: 1<br>Código: 3969<br>Coordenadas: -41.1441007 -71.2764322<br>Garita: 1.0", "descripci__n": "Código: 3969\nCoordenadas: -41.1441007 -71.2764322\nGarita: 1", "C__digo": "3969", "Coordenadas": "-41.1441007 -71.2764322", "Garita": 1.0, "digo": "3969", "n": "Código: 3969" }, "geometry": { "type": "Point", "coordinates": [ -71.276432, -41.144101 ] } },
{ "type": "Feature", "properties": { "Name": "Caracas y Lima", "description": "descripción: Código: 3970<br>Coordenadas: -41.1430399 -71.2748353<br>Garita: 1<br>Código: 3970<br>Coordenadas: -41.1430399 -71.2748353<br>Garita: 1.0", "descripci__n": "Código: 3970\nCoordenadas: -41.1430399 -71.2748353\nGarita: 1", "C__digo": "3970", "Coordenadas": "-41.1430399 -71.2748353", "Garita": 1.0, "digo": "3970", "n": "Código: 3970" }, "geometry": { "type": "Point", "coordinates": [ -71.274835, -41.14304 ] } },
{ "type": "Feature", "properties": { "Name": "Lima y Brasilia -b", "description": "descripción: Código: 3971<br>Coordenadas: -41.1422233 -71.2752648<br>Garita: 1<br>Código: 3971<br>Coordenadas: -41.1422233 -71.2752648<br>Garita: 1.0", "descripci__n": "Código: 3971\nCoordenadas: -41.1422233 -71.2752648\nGarita: 1", "C__digo": "3971", "Coordenadas": "-41.1422233 -71.2752648", "Garita": 1.0, "digo": "3971", "n": "Código: 3971" }, "geometry": { "type": "Point", "coordinates": [ -71.275265, -41.142223 ] } },
{ "type": "Feature", "properties": { "Name": "Buenos Aires y Tegucigalpa", "description": "descripción: Código: 3972<br>Coordenadas: -41.1412781 -71.2777519<br>Garita: 1<br>Código: 3972<br>Coordenadas: -41.1412781 -71.2777519<br>Garita: 1.0", "descripci__n": "Código: 3972\nCoordenadas: -41.1412781 -71.2777519\nGarita: 1", "C__digo": "3972", "Coordenadas": "-41.1412781 -71.2777519", "Garita": 1.0, "digo": "3972", "n": "Código: 3972" }, "geometry": { "type": "Point", "coordinates": [ -71.277752, -41.141278 ] } },
{ "type": "Feature", "properties": { "Name": "Monteverde y Buenos Aires -a", "description": "descripción: Código: 3973<br>Coordenadas: -41.142528 -71.2790078<br>Garita: 1<br>Código: 3973<br>Coordenadas: -41.142528 -71.2790078<br>Garita: 1.0", "descripci__n": "Código: 3973\nCoordenadas: -41.142528 -71.2790078\nGarita: 1", "C__digo": "3973", "Coordenadas": "-41.142528 -71.2790078", "Garita": 1.0, "digo": "3973", "n": "Código: 3973" }, "geometry": { "type": "Point", "coordinates": [ -71.279008, -41.142528 ] } },
{ "type": "Feature", "properties": { "Name": "Lengas y Frey -b", "description": "descripción: Código: 4004<br>Coordenadas: -41.1591938 -71.3057024<br>Garita: 1<br>Código: 4004<br>Coordenadas: -41.1591938 -71.3057024<br>Garita: 1.0", "descripci__n": "Código: 4004\nCoordenadas: -41.1591938 -71.3057024\nGarita: 1", "C__digo": "4004", "Coordenadas": "-41.1591938 -71.3057024", "Garita": 1.0, "digo": "4004", "n": "Código: 4004" }, "geometry": { "type": "Point", "coordinates": [ -71.305702, -41.159194 ] } },
{ "type": "Feature", "properties": { "Name": "Cementerio Municipal -a", "description": "descripción: Código: 4009<br>Coordenadas: -41.1574834 -71.3041151<br>Garita: 1<br>Código: 4009<br>Coordenadas: -41.1574834 -71.3041151<br>Garita: 1.0", "descripci__n": "Código: 4009\nCoordenadas: -41.1574834 -71.3041151\nGarita: 1", "C__digo": "4009", "Coordenadas": "-41.1574834 -71.3041151", "Garita": 1.0, "digo": "4009", "n": "Código: 4009" }, "geometry": { "type": "Point", "coordinates": [ -71.304115, -41.157483 ] } },
{ "type": "Feature", "properties": { "Name": "Beschtedt - Levalle -b", "description": "descripción: Código: 4010<br>Coordenadas: -41.1537131 -71.306013<br>Garita: 1<br>Código: 4010<br>Coordenadas: -41.1537131 -71.306013<br>Garita: 1.0", "descripci__n": "Código: 4010\nCoordenadas: -41.1537131 -71.306013\nGarita: 1", "C__digo": "4010", "Coordenadas": "-41.1537131 -71.306013", "Garita": 1.0, "digo": "4010", "n": "Código: 4010" }, "geometry": { "type": "Point", "coordinates": [ -71.306013, -41.153713 ] } },
{ "type": "Feature", "properties": { "Name": "Padre Mascardi y Rivadavia -b", "description": "descripción: Código: 4017<br>Coordenadas: -41.1505377 -71.2936532<br>Garita: 1<br>Código: 4017<br>Coordenadas: -41.1505377 -71.2936532<br>Garita: 1.0", "descripci__n": "Código: 4017\nCoordenadas: -41.1505377 -71.2936532\nGarita: 1", "C__digo": "4017", "Coordenadas": "-41.1505377 -71.2936532", "Garita": 1.0, "digo": "4017", "n": "Código: 4017" }, "geometry": { "type": "Point", "coordinates": [ -71.293653, -41.150538 ] } },
{ "type": "Feature", "properties": { "Name": "Padre Genghini y Alte. Brown", "description": "descripción: Código: 4019<br>Coordenadas: -41.149311 -71.29088<br>Garita: 1<br>Código: 4019<br>Coordenadas: -41.149311 -71.29088<br>Garita: 1.0", "descripci__n": "Código: 4019\nCoordenadas: -41.149311 -71.29088\nGarita: 1", "C__digo": "4019", "Coordenadas": "-41.149311 -71.29088", "Garita": 1.0, "digo": "4019", "n": "Código: 4019" }, "geometry": { "type": "Point", "coordinates": [ -71.29088, -41.149311 ] } },
{ "type": "Feature", "properties": { "Name": "Otto Goedecke y Elflein", "description": "descripción: Código: 4035<br>Coordenadas: -41.1370923 -71.2987729<br>Garita: 1<br>Código: 4035<br>Coordenadas: -41.1370923 -71.2987729<br>Garita: 1.0", "descripci__n": "Código: 4035\nCoordenadas: -41.1370923 -71.2987729\nGarita: 1", "C__digo": "4035", "Coordenadas": "-41.1370923 -71.2987729", "Garita": 1.0, "digo": "4035", "n": "Código: 4035" }, "geometry": { "type": "Point", "coordinates": [ -71.298773, -41.137092 ] } },
{ "type": "Feature", "properties": { "Name": "La Paz y O'Connor -a", "description": "descripción: Código: 4051<br>Coordenadas: -41.1525653 -71.3040549<br>Garita: 1<br>Código: 4051<br>Coordenadas: -41.1525653 -71.3040549<br>Garita: 1.0", "descripci__n": "Código: 4051\nCoordenadas: -41.1525653 -71.3040549\nGarita: 1", "C__digo": "4051", "Coordenadas": "-41.1525653 -71.3040549", "Garita": 1.0, "digo": "4051", "n": "Código: 4051" }, "geometry": { "type": "Point", "coordinates": [ -71.304055, -41.152565 ] } },
{ "type": "Feature", "properties": { "Name": "El Canelo y El Taique", "description": "descripción: Código: 4306<br>Coordenadas: -41.1496454 -71.3190047<br>Garita: 1<br>Código: 4306<br>Coordenadas: -41.1496454 -71.3190047<br>Garita: 1.0", "descripci__n": "Código: 4306\nCoordenadas: -41.1496454 -71.3190047\nGarita: 1", "C__digo": "4306", "Coordenadas": "-41.1496454 -71.3190047", "Garita": 1.0, "digo": "4306", "n": "Código: 4306" }, "geometry": { "type": "Point", "coordinates": [ -71.319005, -41.149645 ] } },
{ "type": "Feature", "properties": { "Name": "Tronador y Lanín", "description": "descripción: Código: 4308<br>Coordenadas: -41.1500076 -71.3168738<br>Garita: 1<br>Código: 4308<br>Coordenadas: -41.1500076 -71.3168738<br>Garita: 1.0", "descripci__n": "Código: 4308\nCoordenadas: -41.1500076 -71.3168738\nGarita: 1", "C__digo": "4308", "Coordenadas": "-41.1500076 -71.3168738", "Garita": 1.0, "digo": "4308", "n": "Código: 4308" }, "geometry": { "type": "Point", "coordinates": [ -71.316874, -41.150008 ] } },
{ "type": "Feature", "properties": { "Name": "Lanín y O'Higgins -b", "description": "descripción: Código: 4309<br>Coordenadas: -41.1504257 -71.3155587<br>Garita: 1<br>Código: 4309<br>Coordenadas: -41.1504257 -71.3155587<br>Garita: 1.0", "descripci__n": "Código: 4309\nCoordenadas: -41.1504257 -71.3155587\nGarita: 1", "C__digo": "4309", "Coordenadas": "-41.1504257 -71.3155587", "Garita": 1.0, "digo": "4309", "n": "Código: 4309" }, "geometry": { "type": "Point", "coordinates": [ -71.315559, -41.150426 ] } },
{ "type": "Feature", "properties": { "Name": "Diag. Gutiérrez y Quaglia -b", "description": "descripción: Código: 4310<br>Coordenadas: -41.1497604 -71.3114155<br>Garita: 1<br>Código: 4310<br>Coordenadas: -41.1497604 -71.3114155<br>Garita: 1.0", "descripci__n": "Código: 4310\nCoordenadas: -41.1497604 -71.3114155\nGarita: 1", "C__digo": "4310", "Coordenadas": "-41.1497604 -71.3114155", "Garita": 1.0, "digo": "4310", "n": "Código: 4310" }, "geometry": { "type": "Point", "coordinates": [ -71.311416, -41.14976 ] } },
{ "type": "Feature", "properties": { "Name": "Centro Municipal N°4 -b", "description": "descripción: Código: 4311<br>Coordenadas: -41.1493555 -71.3099307<br>Garita: 1<br>Código: 4311<br>Coordenadas: -41.1493555 -71.3099307<br>Garita: 1.0", "descripci__n": "Código: 4311\nCoordenadas: -41.1493555 -71.3099307\nGarita: 1", "C__digo": "4311", "Coordenadas": "-41.1493555 -71.3099307", "Garita": 1.0, "digo": "4311", "n": "Código: 4311" }, "geometry": { "type": "Point", "coordinates": [ -71.309931, -41.149356 ] } },
{ "type": "Feature", "properties": { "Name": "Diag. Gutiérrez y Palacios", "description": "descripción: Código: 4312<br>Coordenadas: -41.1484591 -71.3069305<br>Garita: 1<br>Código: 4312<br>Coordenadas: -41.1484591 -71.3069305<br>Garita: 1.0", "descripci__n": "Código: 4312\nCoordenadas: -41.1484591 -71.3069305\nGarita: 1", "C__digo": "4312", "Coordenadas": "-41.1484591 -71.3069305", "Garita": 1.0, "digo": "4312", "n": "Código: 4312" }, "geometry": { "type": "Point", "coordinates": [ -71.30693, -41.148459 ] } },
{ "type": "Feature", "properties": { "Name": "Av. Las Victorias - Escuela 374", "description": "descripción: Código: 4352<br>Coordenadas: -41.1485547 -71.2610335<br>Garita: 1<br>Código: 4352<br>Coordenadas: -41.1485547 -71.2610335<br>Garita: 1.0", "descripci__n": "Código: 4352\nCoordenadas: -41.1485547 -71.2610335\nGarita: 1", "C__digo": "4352", "Coordenadas": "-41.1485547 -71.2610335", "Garita": 1.0, "digo": "4352", "n": "Código: 4352" }, "geometry": { "type": "Point", "coordinates": [ -71.261034, -41.148555 ] } },
{ "type": "Feature", "properties": { "Name": "Centro Municipal N°4 -a", "description": "descripción: Código: 4383<br>Coordenadas: -41.1491981 -71.3100028<br>Garita: 1<br>Código: 4383<br>Coordenadas: -41.1491981 -71.3100028<br>Garita: 1.0", "descripci__n": "Código: 4383\nCoordenadas: -41.1491981 -71.3100028\nGarita: 1", "C__digo": "4383", "Coordenadas": "-41.1491981 -71.3100028", "Garita": 1.0, "digo": "4383", "n": "Código: 4383" }, "geometry": { "type": "Point", "coordinates": [ -71.310003, -41.149198 ] } },
{ "type": "Feature", "properties": { "Name": "Av. Jardín Botánico y Los Muerdagos -b", "description": "descripción: Código: 4387<br>Coordenadas: -41.1464294 -71.3195433<br>Garita: 1<br>Código: 4387<br>Coordenadas: -41.1464294 -71.3195433<br>Garita: 1.0", "descripci__n": "Código: 4387\nCoordenadas: -41.1464294 -71.3195433\nGarita: 1", "C__digo": "4387", "Coordenadas": "-41.1464294 -71.3195433", "Garita": 1.0, "digo": "4387", "n": "Código: 4387" }, "geometry": { "type": "Point", "coordinates": [ -71.319543, -41.146429 ] } },
{ "type": "Feature", "properties": { "Name": "Acceso a Cerro Catedral y Nubes -b", "description": "descripción: Código: 4401<br>Coordenadas: -41.1719235 -71.4372986<br>Garita: 1<br>Código: 4401<br>Coordenadas: -41.1719235 -71.4372986<br>Garita: 1.0", "descripci__n": "Código: 4401\nCoordenadas: -41.1719235 -71.4372986\nGarita: 1", "C__digo": "4401", "Coordenadas": "-41.1719235 -71.4372986", "Garita": 1.0, "digo": "4401", "n": "Código: 4401" }, "geometry": { "type": "Point", "coordinates": [ -71.437299, -41.171924 ] } },
{ "type": "Feature", "properties": { "Name": "Acceso a Cerro Catedral - Portal Antiguo -b", "description": "descripción: Código: 4404<br>Coordenadas: -41.1629593 -71.4352381<br>Garita: 1<br>Código: 4404<br>Coordenadas: -41.1629593 -71.4352381<br>Garita: 1.0", "descripci__n": "Código: 4404\nCoordenadas: -41.1629593 -71.4352381\nGarita: 1", "C__digo": "4404", "Coordenadas": "-41.1629593 -71.4352381", "Garita": 1.0, "digo": "4404", "n": "Código: 4404" }, "geometry": { "type": "Point", "coordinates": [ -71.435238, -41.162959 ] } },
{ "type": "Feature", "properties": { "Name": "Av. de Los Pioneros - Comisaría 27 -a", "description": "descripción: Código: 4414<br>Coordenadas: -41.1299289 -71.3709049<br>Garita: 1<br>Código: 4414<br>Coordenadas: -41.1299289 -71.3709049<br>Garita: 1.0", "descripci__n": "Código: 4414\nCoordenadas: -41.1299289 -71.3709049\nGarita: 1", "C__digo": "4414", "Coordenadas": "-41.1299289 -71.3709049", "Garita": 1.0, "digo": "4414", "n": "Código: 4414" }, "geometry": { "type": "Point", "coordinates": [ -71.370905, -41.129929 ] } },
{ "type": "Feature", "properties": { "Name": "Av. de Los Pioneros - Teleférico -a", "description": "descripción: Código: 4415<br>Coordenadas: -41.1300555 -71.3692019<br>Garita: 1<br>Código: 4415<br>Coordenadas: -41.1300555 -71.3692019<br>Garita: 1.0", "descripci__n": "Código: 4415\nCoordenadas: -41.1300555 -71.3692019\nGarita: 1", "C__digo": "4415", "Coordenadas": "-41.1300555 -71.3692019", "Garita": 1.0, "digo": "4415", "n": "Código: 4415" }, "geometry": { "type": "Point", "coordinates": [ -71.369202, -41.130056 ] } },
{ "type": "Feature", "properties": { "Name": "Av. de Los Pioneros y Cerro Otto -a", "description": "descripción: Código: 4416<br>Coordenadas: -41.1302018 -71.3678076<br>Garita: 1<br>Código: 4416<br>Coordenadas: -41.1302018 -71.3678076<br>Garita: 1.0", "descripci__n": "Código: 4416\nCoordenadas: -41.1302018 -71.3678076\nGarita: 1", "C__digo": "4416", "Coordenadas": "-41.1302018 -71.3678076", "Garita": 1.0, "digo": "4416", "n": "Código: 4416" }, "geometry": { "type": "Point", "coordinates": [ -71.367808, -41.130202 ] } },
{ "type": "Feature", "properties": { "Name": "Av. de Los Pioneros y Escritores Argentinos -a", "description": "descripción: Código: 4417<br>Coordenadas: -41.130772 -71.3646682<br>Garita: 1<br>Código: 4417<br>Coordenadas: -41.130772 -71.3646682<br>Garita: 1.0", "descripci__n": "Código: 4417\nCoordenadas: -41.130772 -71.3646682\nGarita: 1", "C__digo": "4417", "Coordenadas": "-41.130772 -71.3646682", "Garita": 1.0, "digo": "4417", "n": "Código: 4417" }, "geometry": { "type": "Point", "coordinates": [ -71.364668, -41.130772 ] } },
{ "type": "Feature", "properties": { "Name": "Av. de Los Pioneros y Los Maitenes -b", "description": "descripción: Código: 4420<br>Coordenadas: -41.1349443 -71.3437829<br>Garita: 1<br>Código: 4420<br>Coordenadas: -41.1349443 -71.3437829<br>Garita: 1.0", "descripci__n": "Código: 4420\nCoordenadas: -41.1349443 -71.3437829\nGarita: 1", "C__digo": "4420", "Coordenadas": "-41.1349443 -71.3437829", "Garita": 1.0, "digo": "4420", "n": "Código: 4420" }, "geometry": { "type": "Point", "coordinates": [ -71.343783, -41.134944 ] } },
{ "type": "Feature", "properties": { "Name": "Av. de Los Pioneros y Las Vertientes -b", "description": "descripción: Código: 4421<br>Coordenadas: -41.1361998 -71.3377916<br>Garita: 1<br>Código: 4421<br>Coordenadas: -41.1361998 -71.3377916<br>Garita: 1.0", "descripci__n": "Código: 4421\nCoordenadas: -41.1361998 -71.3377916\nGarita: 1", "C__digo": "4421", "Coordenadas": "-41.1361998 -71.3377916", "Garita": 1.0, "digo": "4421", "n": "Código: 4421" }, "geometry": { "type": "Point", "coordinates": [ -71.337792, -41.1362 ] } },
{ "type": "Feature", "properties": { "Name": "Av. de Los Pioneros y Acc. a Cerro Otto -b", "description": "descripción: Código: 4423<br>Coordenadas: -41.1386883 -71.3265524<br>Garita: 1<br>Código: 4423<br>Coordenadas: -41.1386883 -71.3265524<br>Garita: 1.0", "descripci__n": "Código: 4423\nCoordenadas: -41.1386883 -71.3265524\nGarita: 1", "C__digo": "4423", "Coordenadas": "-41.1386883 -71.3265524", "Garita": 1.0, "digo": "4423", "n": "Código: 4423" }, "geometry": { "type": "Point", "coordinates": [ -71.326552, -41.138688 ] } },
{ "type": "Feature", "properties": { "Name": "Av. 12 de Octubre y Terminal de Ómnibus", "description": "descripción: Código: 4437<br>Coordenadas: -41.1308253 -71.2722556<br>Garita: 1<br>Código: 4437<br>Coordenadas: -41.1308253 -71.2722556<br>Garita: 1.0", "descripci__n": "Código: 4437\nCoordenadas: -41.1308253 -71.2722556\nGarita: 1", "C__digo": "4437", "Coordenadas": "-41.1308253 -71.2722556", "Garita": 1.0, "digo": "4437", "n": "Código: 4437" }, "geometry": { "type": "Point", "coordinates": [ -71.272256, -41.130825 ] } },
{ "type": "Feature", "properties": { "Name": "Av. de Los Pioneros y Acc. a Cerro Otto -a", "description": "descripción: Código: 4503<br>Coordenadas: -41.1385445 -71.3265422<br>Garita: 1<br>Código: 4503<br>Coordenadas: -41.1385445 -71.3265422<br>Garita: 1.0", "descripci__n": "Código: 4503\nCoordenadas: -41.1385445 -71.3265422\nGarita: 1", "C__digo": "4503", "Coordenadas": "-41.1385445 -71.3265422", "Garita": 1.0, "digo": "4503", "n": "Código: 4503" }, "geometry": { "type": "Point", "coordinates": [ -71.326542, -41.138544 ] } },
{ "type": "Feature", "properties": { "Name": "Av. de Los Pioneros y Tupungato -a", "description": "descripción: Código: 4507<br>Coordenadas: -41.1314074 -71.360839<br>Garita: 1<br>Código: 4507<br>Coordenadas: -41.1314074 -71.360839<br>Garita: 1.0", "descripci__n": "Código: 4507\nCoordenadas: -41.1314074 -71.360839\nGarita: 1", "C__digo": "4507", "Coordenadas": "-41.1314074 -71.360839", "Garita": 1.0, "digo": "4507", "n": "Código: 4507" }, "geometry": { "type": "Point", "coordinates": [ -71.360839, -41.131407 ] } },
{ "type": "Feature", "properties": { "Name": "Av. de Los Pioneros y Las Tres Marías", "description": "descripción: Código: 4515<br>Coordenadas: -41.1223219 -71.4040976<br>Garita: 1<br>Código: 4515<br>Coordenadas: -41.1223219 -71.4040976<br>Garita: 1.0", "descripci__n": "Código: 4515\nCoordenadas: -41.1223219 -71.4040976\nGarita: 1", "C__digo": "4515", "Coordenadas": "-41.1223219 -71.4040976", "Garita": 1.0, "digo": "4515", "n": "Código: 4515" }, "geometry": { "type": "Point", "coordinates": [ -71.404098, -41.122322 ] } },
{ "type": "Feature", "properties": { "Name": "San Martín - Centro Cívico -a", "description": "descripción: Código: 5008<br>Coordenadas: -41.1344799 -71.310867<br>Garita: 1<br>Código: 5008<br>Coordenadas: -41.1344799 -71.310867<br>Garita: 1.0", "descripci__n": "Código: 5008\nCoordenadas: -41.1344799 -71.310867\nGarita: 1", "C__digo": "5008", "Coordenadas": "-41.1344799 -71.310867", "Garita": 1.0, "digo": "5008", "n": "Código: 5008" }, "geometry": { "type": "Point", "coordinates": [ -71.310867, -41.13448 ] } },
{ "type": "Feature", "properties": { "Name": "Ñancu Lahuen y Cacique Nahuel -a", "description": "descripción: Código: 5014<br>Coordenadas: -41.16145 -71.33029<br>Garita: 1<br>Código: 5014<br>Coordenadas: -41.16145 -71.33029<br>Garita: 1.0", "descripci__n": "Código: 5014\nCoordenadas: -41.16145 -71.33029\nGarita: 1", "C__digo": "5014", "Coordenadas": "-41.16145 -71.33029", "Garita": 1.0, "digo": "5014", "n": "Código: 5014" }, "geometry": { "type": "Point", "coordinates": [ -71.33029, -41.16145 ] } },
{ "type": "Feature", "properties": { "Name": "Av. 12 de Octubre y Los Ñires", "description": "descripción: Código: 5017<br>Coordenadas: -41.1334806 -71.2859926<br>Garita: 1<br>Código: 5017<br>Coordenadas: -41.1334806 -71.2859926<br>Garita: 1.0", "descripci__n": "Código: 5017\nCoordenadas: -41.1334806 -71.2859926\nGarita: 1", "C__digo": "5017", "Coordenadas": "-41.1334806 -71.2859926", "Garita": 1.0, "digo": "5017", "n": "Código: 5017" }, "geometry": { "type": "Point", "coordinates": [ -71.285993, -41.133481 ] } },
{ "type": "Feature", "properties": { "Name": "Av. Juan Herman y Miramar -b", "description": "descripción: Código: 5027<br>Coordenadas: -41.1580532 -71.3124656<br>Garita: 1<br>Código: 5027<br>Coordenadas: -41.1580532 -71.3124656<br>Garita: 1.0", "descripci__n": "Código: 5027\nCoordenadas: -41.1580532 -71.3124656\nGarita: 1", "C__digo": "5027", "Coordenadas": "-41.1580532 -71.3124656", "Garita": 1.0, "digo": "5027", "n": "Código: 5027" }, "geometry": { "type": "Point", "coordinates": [ -71.312466, -41.158053 ] } },
{ "type": "Feature", "properties": { "Name": "RP 77 Circuito Chico y C. Paramela -a", "description": "descripción: Código: 5028<br>Coordenadas: -41.0725238 -71.489634<br>Garita: 1<br>Código: 5028<br>Coordenadas: -41.0725238 -71.489634<br>Garita: 1.0", "descripci__n": "Código: 5028\nCoordenadas: -41.0725238 -71.489634\nGarita: 1", "C__digo": "5028", "Coordenadas": "-41.0725238 -71.489634", "Garita": 1.0, "digo": "5028", "n": "Código: 5028" }, "geometry": { "type": "Point", "coordinates": [ -71.489634, -41.072524 ] } },
{ "type": "Feature", "properties": { "Name": "Moreno y Beschtedt C", "description": "descripción: Código: 8007<br>Coordenadas: -41.1351649 -71.3036999<br>Garita: 1<br>Código: 8007<br>Coordenadas: -41.1351649 -71.3036999<br>Garita: 1.0", "descripci__n": "Código: 8007\nCoordenadas: -41.1351649 -71.3036999\nGarita: 1", "C__digo": "8007", "Coordenadas": "-41.1351649 -71.3036999", "Garita": 1.0, "digo": "8007", "n": "Código: 8007" }, "geometry": { "type": "Point", "coordinates": [ -71.3037, -41.135165 ] } }
]
}
