{"type":"FeatureCollection", "features": [
{"type":"Feature","geometry":{"type":"Point","coordinates":[-71.220694,-41.119819,0]},"properties":{"name":"Acceso Aeropuerto y RN 40 -b","description":{"@type":"html","value":"descripción: Código: 0112<br>Coordenadas: -41.1198192 -71.2206937<br>Garita: <br>Cartel: <br>Observaciones: <br>Conexiones: (72_2:3)-<br>Código: 0112<br>Coordenadas: -41.1198192 -71.2206937<br>Garita: <br>Cartel: <br>Observaciones: <br>Conexiones: (72_2:3)-"},"styleUrl":"#icon-1739-E65100","icon-scale":1,"icon":"images/icon-1.png","descripción":"Código: 0112\nCoordenadas: -41.1198192 -71.2206937\nGarita: \nCartel: \nObservaciones: \nConexiones: (72_2:3)-","Código":"0112","Coordenadas":"-41.1198192 -71.2206937","Garita":"","Cartel":"","Observaciones":"","Conexiones":"(72_2:3)-"}},
{"type":"Feature","geometry":{"type":"Point","coordinates":[-71.217179,-41.120288,0]},"properties":{"name":"Sociedad Rural -b","description":{"@type":"html","value":"descripción: Código: 0113<br>Coordenadas: -41.1202884 -71.2171787<br>Garita: <br>Cartel: <br>Observaciones: <br>Conexiones: (72_2:2)-<br>Código: 0113<br>Coordenadas: -41.1202884 -71.2171787<br>Garita: <br>Cartel: <br>Observaciones: <br>Conexiones: (72_2:2)-"},"styleUrl":"#icon-1739-E65100","icon-scale":1,"icon":"images/icon-1.png","descripción":"Código: 0113\nCoordenadas: -41.1202884 -71.2171787\nGarita: \nCartel: \nObservaciones: \nConexiones: (72_2:2)-","Código":"0113","Coordenadas":"-41.1202884 -71.2171787","Garita":"","Cartel":"","Observaciones":"","Conexiones":"(72_2:2)-"}},
{"type":"Feature","geometry":{"type":"Point","coordinates":[-71.161088,-41.145929,0]},"properties":{"name":"Aeropuerto Tte. L. Candelaria - Partidas","description":{"@type":"html","value":"descripción: Código: 0114<br>Coordenadas: -41.145929 -71.161088<br>Garita: <br>Cartel: <br>Observaciones: <br>Conexiones: (72_1:24)-<br>Código: 0114<br>Coordenadas: -41.145929 -71.161088<br>Garita: <br>Cartel: <br>Observaciones: <br>Conexiones: (72_1:24)-"},"styleUrl":"#icon-1739-E65100","icon-scale":1,"icon":"images/icon-1.png","descripción":"Código: 0114\nCoordenadas: -41.145929 -71.161088\nGarita: \nCartel: \nObservaciones: \nConexiones: (72_1:24)-","Código":"0114","Coordenadas":"-41.145929 -71.161088","Garita":"","Cartel":"","Observaciones":"","Conexiones":"(72_1:24)-"}},
{"type":"Feature","geometry":{"type":"Point","coordinates":[-71.161242,-41.145544,0]},"properties":{"name":"Aeropuerto Tte. L. Candelaria - Arribos","description":{"@type":"html","value":"descripción: Código: 0201<br>Coordenadas: -41.1455445 -71.1612425<br>Garita: 1<br>Cartel: <br>Observaciones: <br>Conexiones: (72_2:1)-<br>Código: 0201<br>Coordenadas: -41.1455445 -71.1612425<br>Garita: 1.0<br>Cartel: <br>Observaciones: <br>Conexiones: (72_2:1)-"},"styleUrl":"#icon-1739-E65100","icon-scale":1,"icon":"images/icon-1.png","descripción":"Código: 0201\nCoordenadas: -41.1455445 -71.1612425\nGarita: 1\nCartel: \nObservaciones: \nConexiones: (72_2:1)-","Código":"0201","Coordenadas":"-41.1455445 -71.1612425","Garita":"1.0","Cartel":"","Observaciones":"","Conexiones":"(72_2:1)-"}},
{"type":"Feature","geometry":{"type":"Point","coordinates":[-71.289459,-41.134139,0]},"properties":{"name":"Diag. Capraro y Roque Sáenz Peña -b","description":{"@type":"html","value":"descripción: Código: 0211<br>Coordenadas: -41.1341387 -71.2894591<br>Garita: 1<br>Cartel: <br>Observaciones: <br>Conexiones: (10_A1:4)-(10_B1:4)-(10_C1:4)-(13/22_A1:3)-(20_1:4)-(21_1:4)-(55_1:4)-(60_2:27)-(61_A1:15)-(70_2:14)-(71/81_A1:4)-(71/81_B1:21)-(71/81_C1:21)-(72_2:18)-(82_2:22)-<br>Código: 0211<br>Coordenadas: -41.1341387 -71.2894591<br>Garita: 1.0<br>Cartel: <br>Observaciones: <br>Conexiones: (10_A1:4)-(10_B1:4)-(10_C1:4)-(13/22_A1:3)-(20_1:4)-(21_1:4)-(55_1:4)-(60_2:27)-(61_A1:15)-(70_2:14)-(71/81_A1:4)-(71/81_B1:21)-(71/81_C1:21)-(72_2:18)-(82_2:22)-"},"styleUrl":"#icon-1739-E65100","icon-scale":1,"icon":"images/icon-1.png","descripción":"Código: 0211\nCoordenadas: -41.1341387 -71.2894591\nGarita: 1\nCartel: \nObservaciones: \nConexiones: (10_A1:4)-(10_B1:4)-(10_C1:4)-(13/22_A1:3)-(20_1:4)-(21_1:4)-(55_1:4)-(60_2:27)-(61_A1:15)-(70_2:14)-(71/81_A1:4)-(71/81_B1:21)-(71/81_C1:21)-(72_2:18)-(82_2:22)-","Código":"0211","Coordenadas":"-41.1341387 -71.2894591","Garita":"1.0","Cartel":"","Observaciones":"","Conexiones":"(10_A1:4)-(10_B1:4)-(10_C1:4)-(13/22_A1:3)-(20_1:4)-(21_1:4)-(55_1:4)-(60_2:27)-(61_A1:15)-(70_2:14)-(71/81_A1:4)-(71/81_B1:21)-(71/81_C1:21)-(72_2:18)-(82_2:22)-"}},
{"type":"Feature","geometry":{"type":"Point","coordinates":[-71.310552,-41.135568,0]},"properties":{"name":"Neumeyer y 20 de Febrero","description":{"@type":"html","value":"descripción: Código: 0302<br>Coordenadas: -41.1355677 -71.3105516<br>Garita: 1<br>Cartel: <br>Observaciones: <br>Conexiones: (31_1:2)-(50_A1:16)-(50_B1:16)-(50_C1:16)-(51_1:17)-(55_1:8)-(60_2:31)-(70_2:18)-<br>Código: 0302<br>Coordenadas: -41.1355677 -71.3105516<br>Garita: 1.0<br>Cartel: <br>Observaciones: <br>Conexiones: (31_1:2)-(50_A1:16)-(50_B1:16)-(50_C1:16)-(51_1:17)-(55_1:8)-(60_2:31)-(70_2:18)-"},"styleUrl":"#icon-1739-E65100","icon-scale":1,"icon":"images/icon-1.png","descripción":"Código: 0302\nCoordenadas: -41.1355677 -71.3105516\nGarita: 1\nCartel: \nObservaciones: \nConexiones: (31_1:2)-(50_A1:16)-(50_B1:16)-(50_C1:16)-(51_1:17)-(55_1:8)-(60_2:31)-(70_2:18)-","Código":"0302","Coordenadas":"-41.1355677 -71.3105516","Garita":"1.0","Cartel":"","Observaciones":"","Conexiones":"(31_1:2)-(50_A1:16)-(50_B1:16)-(50_C1:16)-(51_1:17)-(55_1:8)-(60_2:31)-(70_2:18)-"}},
{"type":"Feature","geometry":{"type":"Point","coordinates":[-71.318141,-41.138528,0]},"properties":{"name":"Av. de Los Pioneros y Campichuelo -a","description":{"@type":"html","value":"descripción: Código: 0305<br>Coordenadas: -41.1385276 -71.3181413<br>Garita: <br>Cartel: 1<br>Observaciones: <br>Conexiones: (50_A1:19)-(50_B1:19)-(50_C1:19)-(51_1:20)-(55_1:11)-<br>Código: 0305<br>Coordenadas: -41.1385276 -71.3181413<br>Garita: <br>Cartel: 1.0<br>Observaciones: <br>Conexiones: (50_A1:19)-(50_B1:19)-(50_C1:19)-(51_1:20)-(55_1:11)-"},"styleUrl":"#icon-1739-E65100","icon-scale":1,"icon":"images/icon-1.png","descripción":"Código: 0305\nCoordenadas: -41.1385276 -71.3181413\nGarita: \nCartel: 1\nObservaciones: \nConexiones: (50_A1:19)-(50_B1:19)-(50_C1:19)-(51_1:20)-(55_1:11)-","Código":"0305","Coordenadas":"-41.1385276 -71.3181413","Garita":"","Cartel":"1.0","Observaciones":"","Conexiones":"(50_A1:19)-(50_B1:19)-(50_C1:19)-(51_1:20)-(55_1:11)-"}},
{"type":"Feature","geometry":{"type":"Point","coordinates":[-71.349194,-41.13384,0]},"properties":{"name":"Av. de Los Pioneros y Los Alerces -a","description":{"@type":"html","value":"descripción: Código: 0307<br>Coordenadas: -41.1338404 -71.3491942<br>Garita: <br>Cartel: <br>Observaciones: <br>Conexiones: (50_A1:25)-(50_B1:25)-(50_C1:25)-(51_1:26)-(55_1:16)-<br>Código: 0307<br>Coordenadas: -41.1338404 -71.3491942<br>Garita: <br>Cartel: <br>Observaciones: <br>Conexiones: (50_A1:25)-(50_B1:25)-(50_C1:25)-(51_1:26)-(55_1:16)-"},"styleUrl":"#icon-1739-E65100","icon-scale":1,"icon":"images/icon-1.png","descripción":"Código: 0307\nCoordenadas: -41.1338404 -71.3491942\nGarita: \nCartel: \nObservaciones: \nConexiones: (50_A1:25)-(50_B1:25)-(50_C1:25)-(51_1:26)-(55_1:16)-","Código":"0307","Coordenadas":"-41.1338404 -71.3491942","Garita":"","Cartel":"","Observaciones":"","Conexiones":"(50_A1:25)-(50_B1:25)-(50_C1:25)-(51_1:26)-(55_1:16)-"}},
{"type":"Feature","geometry":{"type":"Point","coordinates":[-71.358041,-41.131824,0]},"properties":{"name":"Av. de Los Pioneros y Av. Boock -a","description":{"@type":"html","value":"descripción: Código: 0310<br>Coordenadas: -41.1318238 -71.3580411<br>Garita: 1<br>Cartel: <br>Observaciones: <br>Conexiones: (50_A1:29)-(50_B1:29)-(50_C1:29)-(51_1:30)-(55_1:20)-<br>Código: 0310<br>Coordenadas: -41.1318238 -71.3580411<br>Garita: 1.0<br>Cartel: <br>Observaciones: <br>Conexiones: (50_A1:29)-(50_B1:29)-(50_C1:29)-(51_1:30)-(55_1:20)-"},"styleUrl":"#icon-1739-E65100","icon-scale":1,"icon":"images/icon-1.png","descripción":"Código: 0310\nCoordenadas: -41.1318238 -71.3580411\nGarita: 1\nCartel: \nObservaciones: \nConexiones: (50_A1:29)-(50_B1:29)-(50_C1:29)-(51_1:30)-(55_1:20)-","Código":"0310","Coordenadas":"-41.1318238 -71.3580411","Garita":"1.0","Cartel":"","Observaciones":"","Conexiones":"(50_A1:29)-(50_B1:29)-(50_C1:29)-(51_1:30)-(55_1:20)-"}},
{"type":"Feature","geometry":{"type":"Point","coordinates":[-71.372789,-41.129429,0]},"properties":{"name":"Av. de Los Pioneros Km.5.300","description":{"@type":"html","value":"descripción: Código: 0314<br>Coordenadas: -41.129429 -71.3727887<br>Garita: 1<br>Cartel: <br>Observaciones: <br>Conexiones: (50_A1:36)-(50_B1:36)-(55_1:27)-<br>Código: 0314<br>Coordenadas: -41.129429 -71.3727887<br>Garita: 1.0<br>Cartel: <br>Observaciones: <br>Conexiones: (50_A1:36)-(50_B1:36)-(55_1:27)-"},"styleUrl":"#icon-1739-E65100","icon-scale":1,"icon":"images/icon-1.png","descripción":"Código: 0314\nCoordenadas: -41.129429 -71.3727887\nGarita: 1\nCartel: \nObservaciones: \nConexiones: (50_A1:36)-(50_B1:36)-(55_1:27)-","Código":"0314","Coordenadas":"-41.129429 -71.3727887","Garita":"1.0","Cartel":"","Observaciones":"","Conexiones":"(50_A1:36)-(50_B1:36)-(55_1:27)-"}},
{"type":"Feature","geometry":{"type":"Point","coordinates":[-71.405038,-41.121584,0]},"properties":{"name":"Av. de Los Pioneros y Rotonda RN 82","description":{"@type":"html","value":"descripción: Código: 0319<br>Coordenadas: -41.1215839 -71.4050385<br>Garita: 1<br>Cartel: <br>Observaciones: <br>Conexiones: (50_A2:14)-(50_B2:23)-(50_C2:14)-(51_2:24)-(55_2:11)-<br>Código: 0319<br>Coordenadas: -41.1215839 -71.4050385<br>Garita: 1.0<br>Cartel: <br>Observaciones: <br>Conexiones: (50_A2:14)-(50_B2:23)-(50_C2:14)-(51_2:24)-(55_2:11)-"},"styleUrl":"#icon-1739-E65100","icon-scale":1,"icon":"images/icon-1.png","descripción":"Código: 0319\nCoordenadas: -41.1215839 -71.4050385\nGarita: 1\nCartel: \nObservaciones: \nConexiones: (50_A2:14)-(50_B2:23)-(50_C2:14)-(51_2:24)-(55_2:11)-","Código":"0319","Coordenadas":"-41.1215839 -71.4050385","Garita":"1.0","Cartel":"","Observaciones":"","Conexiones":"(50_A2:14)-(50_B2:23)-(50_C2:14)-(51_2:24)-(55_2:11)-"}},
{"type":"Feature","geometry":{"type":"Point","coordinates":[-71.406591,-41.121861,0]},"properties":{"name":"Av. de Los Pioneros Km.8.600 -a","description":{"@type":"html","value":"descripción: Código: 0320<br>Coordenadas: -41.1218606 -71.4065911<br>Garita: 1<br>Cartel: <br>Observaciones: <br>Conexiones: (50_A1:46)-(50_B1:46)-(50_C1:45)-(55_1:37)-<br>Código: 0320<br>Coordenadas: -41.1218606 -71.4065911<br>Garita: 1.0<br>Cartel: <br>Observaciones: <br>Conexiones: (50_A1:46)-(50_B1:46)-(50_C1:45)-(55_1:37)-"},"styleUrl":"#icon-1739-E65100","icon-scale":1,"icon":"images/icon-1.png","descripción":"Código: 0320\nCoordenadas: -41.1218606 -71.4065911\nGarita: 1\nCartel: \nObservaciones: \nConexiones: (50_A1:46)-(50_B1:46)-(50_C1:45)-(55_1:37)-","Código":"0320","Coordenadas":"-41.1218606 -71.4065911","Garita":"1.0","Cartel":"","Observaciones":"","Conexiones":"(50_A1:46)-(50_B1:46)-(50_C1:45)-(55_1:37)-"}},
{"type":"Feature","geometry":{"type":"Point","coordinates":[-71.411503,-41.126789,0]},"properties":{"name":"RP 82 - Centro Atómico -a","description":{"@type":"html","value":"descripción: Código: 0321<br>Coordenadas: -41.1267887 -71.4115031<br>Garita: 1<br>Cartel: <br>Observaciones: <br>Conexiones: (50_A1:47)-(50_B1:47)-(50_C1:46)-(55_1:38)-<br>Código: 0321<br>Coordenadas: -41.1267887 -71.4115031<br>Garita: 1.0<br>Cartel: <br>Observaciones: <br>Conexiones: (50_A1:47)-(50_B1:47)-(50_C1:46)-(55_1:38)-"},"styleUrl":"#icon-1739-E65100","icon-scale":1,"icon":"images/icon-1.png","descripción":"Código: 0321\nCoordenadas: -41.1267887 -71.4115031\nGarita: 1\nCartel: \nObservaciones: \nConexiones: (50_A1:47)-(50_B1:47)-(50_C1:46)-(55_1:38)-","Código":"0321","Coordenadas":"-41.1267887 -71.4115031","Garita":"1.0","Cartel":"","Observaciones":"","Conexiones":"(50_A1:47)-(50_B1:47)-(50_C1:46)-(55_1:38)-"}},
{"type":"Feature","geometry":{"type":"Point","coordinates":[-71.410457,-41.160216,0]},"properties":{"name":"Balcón Gutiérez -a","description":{"@type":"html","value":"descripción: Código: 0326<br>Coordenadas: -41.1602165 -71.4104571<br>Garita: <br>Cartel: <br>Observaciones: <br>Conexiones: (50_A1:54)-(50_B2:14)-(50_C1:53)-<br>Código: 0326<br>Coordenadas: -41.1602165 -71.4104571<br>Garita: <br>Cartel: <br>Observaciones: <br>Conexiones: (50_A1:54)-(50_B2:14)-(50_C1:53)-"},"styleUrl":"#icon-1739-E65100","icon-scale":1,"icon":"images/icon-1.png","descripción":"Código: 0326\nCoordenadas: -41.1602165 -71.4104571\nGarita: \nCartel: \nObservaciones: \nConexiones: (50_A1:54)-(50_B2:14)-(50_C1:53)-","Código":"0326","Coordenadas":"-41.1602165 -71.4104571","Garita":"","Cartel":"","Observaciones":"","Conexiones":"(50_A1:54)-(50_B2:14)-(50_C1:53)-"}},
{"type":"Feature","geometry":{"type":"Point","coordinates":[-71.41696,-41.159161,0]},"properties":{"name":"Esc. N°324 Maestro Alfonso Tórtora -a","description":{"@type":"html","value":"descripción: Código: 0327<br>Coordenadas: -41.1591614 -71.4169596<br>Garita: 1<br>Cartel: <br>Observaciones: <br>Conexiones: (50_A1:57)-(50_C1:56)-<br>Código: 0327<br>Coordenadas: -41.1591614 -71.4169596<br>Garita: 1.0<br>Cartel: <br>Observaciones: <br>Conexiones: (50_A1:57)-(50_C1:56)-"},"styleUrl":"#icon-1739-E65100","icon-scale":1,"icon":"images/icon-1.png","descripción":"Código: 0327\nCoordenadas: -41.1591614 -71.4169596\nGarita: 1\nCartel: \nObservaciones: \nConexiones: (50_A1:57)-(50_C1:56)-","Código":"0327","Coordenadas":"-41.1591614 -71.4169596","Garita":"1.0","Cartel":"","Observaciones":"","Conexiones":"(50_A1:57)-(50_C1:56)-"}},
{"type":"Feature","geometry":{"type":"Point","coordinates":[-71.411653,-41.161224,0]},"properties":{"name":"Balcón Gutiérrez y P. Nac. Perito Moreno","description":{"@type":"html","value":"descripción: Código: 0401<br>Coordenadas: -41.1612239 -71.4116527<br>Garita: <br>Cartel: 1<br>Observaciones: <br>Conexiones: (50_A1:60)-(50_B2:7)-<br>Código: 0401<br>Coordenadas: -41.1612239 -71.4116527<br>Garita: <br>Cartel: 1.0<br>Observaciones: <br>Conexiones: (50_A1:60)-(50_B2:7)-"},"styleUrl":"#icon-1739-E65100","icon-scale":1,"icon":"images/icon-1.png","descripción":"Código: 0401\nCoordenadas: -41.1612239 -71.4116527\nGarita: \nCartel: 1\nObservaciones: \nConexiones: (50_A1:60)-(50_B2:7)-","Código":"0401","Coordenadas":"-41.1612239 -71.4116527","Garita":"","Cartel":"1.0","Observaciones":"","Conexiones":"(50_A1:60)-(50_B2:7)-"}},
{"type":"Feature","geometry":{"type":"Point","coordinates":[-71.410226,-41.160263,0]},"properties":{"name":"Balcón Gutiérrez -b","description":{"@type":"html","value":"descripción: Código: 0402<br>Coordenadas: -41.160263 -71.4102265<br>Garita: <br>Cartel: <br>Observaciones: <br>Conexiones: (50_A1:61)-(50_B2:6)-(50_C2:5)-<br>Código: 0402<br>Coordenadas: -41.160263 -71.4102265<br>Garita: <br>Cartel: <br>Observaciones: <br>Conexiones: (50_A1:61)-(50_B2:6)-(50_C2:5)-"},"styleUrl":"#icon-1739-E65100","icon-scale":1,"icon":"images/icon-1.png","descripción":"Código: 0402\nCoordenadas: -41.160263 -71.4102265\nGarita: \nCartel: \nObservaciones: \nConexiones: (50_A1:61)-(50_B2:6)-(50_C2:5)-","Código":"0402","Coordenadas":"-41.160263 -71.4102265","Garita":"","Cartel":"","Observaciones":"","Conexiones":"(50_A1:61)-(50_B2:6)-(50_C2:5)-"}},
{"type":"Feature","geometry":{"type":"Point","coordinates":[-71.41148,-41.127049,0]},"properties":{"name":"RP 82 - Centro Atómico -b","description":{"@type":"html","value":"descripción: Código: 0405<br>Coordenadas: -41.1270492 -71.4114797<br>Garita: 1<br>Cartel: <br>Observaciones: <br>Conexiones: (50_A2:12)-(50_B2:21)-(50_C2:12)-(55_2:10)-<br>Código: 0405<br>Coordenadas: -41.1270492 -71.4114797<br>Garita: 1.0<br>Cartel: <br>Observaciones: <br>Conexiones: (50_A2:12)-(50_B2:21)-(50_C2:12)-(55_2:10)-"},"styleUrl":"#icon-1739-E65100","icon-scale":1,"icon":"images/icon-1.png","descripción":"Código: 0405\nCoordenadas: -41.1270492 -71.4114797\nGarita: 1\nCartel: \nObservaciones: \nConexiones: (50_A2:12)-(50_B2:21)-(50_C2:12)-(55_2:10)-","Código":"0405","Coordenadas":"-41.1270492 -71.4114797","Garita":"1.0","Cartel":"","Observaciones":"","Conexiones":"(50_A2:12)-(50_B2:21)-(50_C2:12)-(55_2:10)-"}},
{"type":"Feature","geometry":{"type":"Point","coordinates":[-71.406349,-41.121929,0]},"properties":{"name":"Av. de Los Pioneros Km.5.300","description":{"@type":"html","value":"descripción: Código: 0406<br>Coordenadas: -41.1219292 -71.4063488<br>Garita: <br>Cartel: <br>Observaciones: <br>Conexiones: (50_A2:13)-(50_B2:22)-(50_C2:13)-<br>Código: 0406<br>Coordenadas: -41.1219292 -71.4063488<br>Garita: <br>Cartel: <br>Observaciones: <br>Conexiones: (50_A2:13)-(50_B2:22)-(50_C2:13)-"},"styleUrl":"#icon-1739-E65100","icon-scale":1,"icon":"images/icon-1.png","descripción":"Código: 0406\nCoordenadas: -41.1219292 -71.4063488\nGarita: \nCartel: \nObservaciones: \nConexiones: (50_A2:13)-(50_B2:22)-(50_C2:13)-","Código":"0406","Coordenadas":"-41.1219292 -71.4063488","Garita":"","Cartel":"","Observaciones":"","Conexiones":"(50_A2:13)-(50_B2:22)-(50_C2:13)-"}},
{"type":"Feature","geometry":{"type":"Point","coordinates":[-71.396042,-41.12602,0]},"properties":{"name":"Av. de Los Pioneros y Libra -b","description":{"@type":"html","value":"descripción: Código: 0410<br>Coordenadas: -41.1260197 -71.396042<br>Garita: 1<br>Cartel: <br>Observaciones: <br>Conexiones: (50_A2:17)-(50_B2:26)-(50_C2:17)-(51_2:27)-(55_2:14)-<br>Código: 0410<br>Coordenadas: -41.1260197 -71.396042<br>Garita: 1.0<br>Cartel: <br>Observaciones: <br>Conexiones: (50_A2:17)-(50_B2:26)-(50_C2:17)-(51_2:27)-(55_2:14)-"},"styleUrl":"#icon-1739-E65100","icon-scale":1,"icon":"images/icon-1.png","descripción":"Código: 0410\nCoordenadas: -41.1260197 -71.396042\nGarita: 1\nCartel: \nObservaciones: \nConexiones: (50_A2:17)-(50_B2:26)-(50_C2:17)-(51_2:27)-(55_2:14)-","Código":"0410","Coordenadas":"-41.1260197 -71.396042","Garita":"1.0","Cartel":"","Observaciones":"","Conexiones":"(50_A2:17)-(50_B2:26)-(50_C2:17)-(51_2:27)-(55_2:14)-"}},
{"type":"Feature","geometry":{"type":"Point","coordinates":[-71.393121,-41.127009,0]},"properties":{"name":"Av. de Los Pioneros y Tarrago Ros","description":{"@type":"html","value":"descripción: Código: 0411<br>Coordenadas: -41.1270091 -71.3931209<br>Garita: <br>Cartel: <br>Observaciones: <br>Conexiones: (50_A2:18)-(50_B2:27)-(50_C2:18)-(51_2:28)-(55_2:15)-<br>Código: 0411<br>Coordenadas: -41.1270091 -71.3931209<br>Garita: <br>Cartel: <br>Observaciones: <br>Conexiones: (50_A2:18)-(50_B2:27)-(50_C2:18)-(51_2:28)-(55_2:15)-"},"styleUrl":"#icon-1739-E65100","icon-scale":1,"icon":"images/icon-1.png","descripción":"Código: 0411\nCoordenadas: -41.1270091 -71.3931209\nGarita: \nCartel: \nObservaciones: \nConexiones: (50_A2:18)-(50_B2:27)-(50_C2:18)-(51_2:28)-(55_2:15)-","Código":"0411","Coordenadas":"-41.1270091 -71.3931209","Garita":"","Cartel":"","Observaciones":"","Conexiones":"(50_A2:18)-(50_B2:27)-(50_C2:18)-(51_2:28)-(55_2:15)-"}},
{"type":"Feature","geometry":{"type":"Point","coordinates":[-71.387952,-41.125645,0]},"properties":{"name":"Av. de Los Pioneros y Jaime Davalos","description":{"@type":"html","value":"descripción: Código: 0412<br>Coordenadas: -41.1256451 -71.3879525<br>Garita: 1<br>Cartel: <br>Observaciones: <br>Conexiones: (50_A2:19)-(50_B2:28)-(50_C2:19)-(51_2:29)-(55_2:16)-<br>Código: 0412<br>Coordenadas: -41.1256451 -71.3879525<br>Garita: 1.0<br>Cartel: <br>Observaciones: <br>Conexiones: (50_A2:19)-(50_B2:28)-(50_C2:19)-(51_2:29)-(55_2:16)-"},"styleUrl":"#icon-1739-E65100","icon-scale":1,"icon":"images/icon-1.png","descripción":"Código: 0412\nCoordenadas: -41.1256451 -71.3879525\nGarita: 1\nCartel: \nObservaciones: \nConexiones: (50_A2:19)-(50_B2:28)-(50_C2:19)-(51_2:29)-(55_2:16)-","Código":"0412","Coordenadas":"-41.1256451 -71.3879525","Garita":"1.0","Cartel":"","Observaciones":"","Conexiones":"(50_A2:19)-(50_B2:28)-(50_C2:19)-(51_2:29)-(55_2:16)-"}},
{"type":"Feature","geometry":{"type":"Point","coordinates":[-71.383419,-41.126946,0]},"properties":{"name":"Av. de Los Pioneros Km.6.500 -b","description":{"@type":"html","value":"descripción: Código: 0413<br>Coordenadas: -41.1269459 -71.3834193<br>Garita: 1<br>Cartel: <br>Observaciones: <br>Conexiones: (50_A2:20)-(50_B2:29)-(50_C2:20)-(51_2:30)-(55_2:17)-<br>Código: 0413<br>Coordenadas: -41.1269459 -71.3834193<br>Garita: 1.0<br>Cartel: <br>Observaciones: <br>Conexiones: (50_A2:20)-(50_B2:29)-(50_C2:20)-(51_2:30)-(55_2:17)-"},"styleUrl":"#icon-1739-E65100","icon-scale":1,"icon":"images/icon-1.png","descripción":"Código: 0413\nCoordenadas: -41.1269459 -71.3834193\nGarita: 1\nCartel: \nObservaciones: \nConexiones: (50_A2:20)-(50_B2:29)-(50_C2:20)-(51_2:30)-(55_2:17)-","Código":"0413","Coordenadas":"-41.1269459 -71.3834193","Garita":"1.0","Cartel":"","Observaciones":"","Conexiones":"(50_A2:20)-(50_B2:29)-(50_C2:20)-(51_2:30)-(55_2:17)-"}},
{"type":"Feature","geometry":{"type":"Point","coordinates":[-71.379808,-41.12762,0]},"properties":{"name":"Av. de Los Pioneros y Nilpi -b","description":{"@type":"html","value":"descripción: Código: 0414<br>Coordenadas: -41.1276195 -71.3798076<br>Garita: 1<br>Cartel: <br>Observaciones: <br>Conexiones: (50_A2:22)-(50_B2:31)-(50_C2:22)-(51_2:32)-(55_2:18)-<br>Código: 0414<br>Coordenadas: -41.1276195 -71.3798076<br>Garita: 1.0<br>Cartel: <br>Observaciones: <br>Conexiones: (50_A2:22)-(50_B2:31)-(50_C2:22)-(51_2:32)-(55_2:18)-"},"styleUrl":"#icon-1739-E65100","icon-scale":1,"icon":"images/icon-1.png","descripción":"Código: 0414\nCoordenadas: -41.1276195 -71.3798076\nGarita: 1\nCartel: \nObservaciones: \nConexiones: (50_A2:22)-(50_B2:31)-(50_C2:22)-(51_2:32)-(55_2:18)-","Código":"0414","Coordenadas":"-41.1276195 -71.3798076","Garita":"1.0","Cartel":"","Observaciones":"","Conexiones":"(50_A2:22)-(50_B2:31)-(50_C2:22)-(51_2:32)-(55_2:18)-"}},
{"type":"Feature","geometry":{"type":"Point","coordinates":[-71.375381,-41.128924,0]},"properties":{"name":"Av. de Los Pioneros e Hilandera -b","description":{"@type":"html","value":"descripción: Código: 0415<br>Coordenadas: -41.1289243 -71.3753807<br>Garita: 1<br>Cartel: <br>Observaciones: <br>Conexiones: (50_A2:23)-(50_B2:32)-(50_C2:23)-(51_2:33)-(55_2:19)-<br>Código: 0415<br>Coordenadas: -41.1289243 -71.3753807<br>Garita: 1.0<br>Cartel: <br>Observaciones: <br>Conexiones: (50_A2:23)-(50_B2:32)-(50_C2:23)-(51_2:33)-(55_2:19)-"},"styleUrl":"#icon-1739-E65100","icon-scale":1,"icon":"images/icon-1.png","descripción":"Código: 0415\nCoordenadas: -41.1289243 -71.3753807\nGarita: 1\nCartel: \nObservaciones: \nConexiones: (50_A2:23)-(50_B2:32)-(50_C2:23)-(51_2:33)-(55_2:19)-","Código":"0415","Coordenadas":"-41.1289243 -71.3753807","Garita":"1.0","Cartel":"","Observaciones":"","Conexiones":"(50_A2:23)-(50_B2:32)-(50_C2:23)-(51_2:33)-(55_2:19)-"}},
{"type":"Feature","geometry":{"type":"Point","coordinates":[-71.372041,-41.12981,0]},"properties":{"name":"Av. de Los Pioneros y P.º de los Artesanos -b","description":{"@type":"html","value":"descripción: Código: 0416<br>Coordenadas: -41.1298098 -71.3720408<br>Garita: 1<br>Cartel: <br>Observaciones: <br>Conexiones: (50_A2:24)-(50_B2:33)-(50_C2:24)-(51_2:34)-(55_2:20)-<br>Código: 0416<br>Coordenadas: -41.1298098 -71.3720408<br>Garita: 1.0<br>Cartel: <br>Observaciones: <br>Conexiones: (50_A2:24)-(50_B2:33)-(50_C2:24)-(51_2:34)-(55_2:20)-"},"styleUrl":"#icon-1739-E65100","icon-scale":1,"icon":"images/icon-1.png","descripción":"Código: 0416\nCoordenadas: -41.1298098 -71.3720408\nGarita: 1\nCartel: \nObservaciones: \nConexiones: (50_A2:24)-(50_B2:33)-(50_C2:24)-(51_2:34)-(55_2:20)-","Código":"0416","Coordenadas":"-41.1298098 -71.3720408","Garita":"1.0","Cartel":"","Observaciones":"","Conexiones":"(50_A2:24)-(50_B2:33)-(50_C2:24)-(51_2:34)-(55_2:20)-"}},
{"type":"Feature","geometry":{"type":"Point","coordinates":[-71.318496,-41.13847,0]},"properties":{"name":"Av. de Los Pioneros y Campichuelo -b","description":{"@type":"html","value":"descripción: Código: 0424<br>Coordenadas: -41.1384702 -71.3184965<br>Garita: 1<br>Cartel: <br>Observaciones: <br>Conexiones: (50_A2:39)-(50_B2:48)-(50_C2:39)-(51_2:49)-(55_2:35)-<br>Código: 0424<br>Coordenadas: -41.1384702 -71.3184965<br>Garita: 1.0<br>Cartel: <br>Observaciones: <br>Conexiones: (50_A2:39)-(50_B2:48)-(50_C2:39)-(51_2:49)-(55_2:35)-"},"styleUrl":"#icon-1739-E65100","icon-scale":1,"icon":"images/icon-1.png","descripción":"Código: 0424\nCoordenadas: -41.1384702 -71.3184965\nGarita: 1\nCartel: \nObservaciones: \nConexiones: (50_A2:39)-(50_B2:48)-(50_C2:39)-(51_2:49)-(55_2:35)-","Código":"0424","Coordenadas":"-41.1384702 -71.3184965","Garita":"1.0","Cartel":"","Observaciones":"","Conexiones":"(50_A2:39)-(50_B2:48)-(50_C2:39)-(51_2:49)-(55_2:35)-"}},
{"type":"Feature","geometry":{"type":"Point","coordinates":[-71.302552,-41.138682,0]},"properties":{"name":"Tiscornia y Frey","description":{"@type":"html","value":"descripción: Código: 0429<br>Coordenadas: -41.1386821 -71.3025521<br>Garita: <br>Cartel: <br>Observaciones: <br>Conexiones: (50_A2:45)-(50_B2:54)-(50_C2:45)-(51_2:55)-<br>Código: 0429<br>Coordenadas: -41.1386821 -71.3025521<br>Garita: <br>Cartel: <br>Observaciones: <br>Conexiones: (50_A2:45)-(50_B2:54)-(50_C2:45)-(51_2:55)-"},"styleUrl":"#icon-1739-E65100","icon-scale":1,"icon":"images/icon-1.png","descripción":"Código: 0429\nCoordenadas: -41.1386821 -71.3025521\nGarita: \nCartel: \nObservaciones: \nConexiones: (50_A2:45)-(50_B2:54)-(50_C2:45)-(51_2:55)-","Código":"0429","Coordenadas":"-41.1386821 -71.3025521","Garita":"","Cartel":"","Observaciones":"","Conexiones":"(50_A2:45)-(50_B2:54)-(50_C2:45)-(51_2:55)-"}},
{"type":"Feature","geometry":{"type":"Point","coordinates":[-71.298037,-41.139169,0]},"properties":{"name":"Tiscornia y Onelli","description":{"@type":"html","value":"descripción: Código: 0430<br>Coordenadas: -41.1391693 -71.2980366<br>Garita: <br>Cartel: <br>Observaciones: <br>Conexiones: (50_A2:47)-(50_B2:56)-(50_C2:47)-(51_2:57)-(84_1:8)-<br>Código: 0430<br>Coordenadas: -41.1391693 -71.2980366<br>Garita: <br>Cartel: <br>Observaciones: <br>Conexiones: (50_A2:47)-(50_B2:56)-(50_C2:47)-(51_2:57)-(84_1:8)-"},"styleUrl":"#icon-1739-E65100","icon-scale":1,"icon":"images/icon-1.png","descripción":"Código: 0430\nCoordenadas: -41.1391693 -71.2980366\nGarita: \nCartel: \nObservaciones: \nConexiones: (50_A2:47)-(50_B2:56)-(50_C2:47)-(51_2:57)-(84_1:8)-","Código":"0430","Coordenadas":"-41.1391693 -71.2980366","Garita":"","Cartel":"","Observaciones":"","Conexiones":"(50_A2:47)-(50_B2:56)-(50_C2:47)-(51_2:57)-(84_1:8)-"}},
{"type":"Feature","geometry":{"type":"Point","coordinates":[-71.298226,-41.141085,0]},"properties":{"name":"Onelli y Anasagasti A","description":{"@type":"html","value":"descripción: Código: 0431<br>Coordenadas: -41.1410846 -71.298226<br>Garita: <br>Cartel: 1<br>Observaciones: <br>Conexiones: (61_A1:25)-(61_C1:8)-<br>Código: 0431<br>Coordenadas: -41.1410846 -71.298226<br>Garita: <br>Cartel: 1.0<br>Observaciones: <br>Conexiones: (61_A1:25)-(61_C1:8)-"},"styleUrl":"#icon-1739-E65100","icon-scale":1,"icon":"images/icon-1.png","descripción":"Código: 0431\nCoordenadas: -41.1410846 -71.298226\nGarita: \nCartel: 1\nObservaciones: \nConexiones: (61_A1:25)-(61_C1:8)-","Código":"0431","Coordenadas":"-41.1410846 -71.298226","Garita":"","Cartel":"1.0","Observaciones":"","Conexiones":"(61_A1:25)-(61_C1:8)-"}},
{"type":"Feature","geometry":{"type":"Point","coordinates":[-71.298732,-41.143869,0]},"properties":{"name":"Onelli y 25 de Mayo","description":{"@type":"html","value":"descripción: Código: 0432<br>Coordenadas: -41.1438693 -71.2987325<br>Garita: 1<br>Cartel: <br>Observaciones: <br>Conexiones: (40_1:9)-(41_1:9)-(50_A2:49)-(50_B2:58)-(50_C2:49)-(51_2:59)-(61_A1:26)-(61_B1:9)-(61_C1:9)-(84_1:10)-<br>Código: 0432<br>Coordenadas: -41.1438693 -71.2987325<br>Garita: 1.0<br>Cartel: <br>Observaciones: <br>Conexiones: (40_1:9)-(41_1:9)-(50_A2:49)-(50_B2:58)-(50_C2:49)-(51_2:59)-(61_A1:26)-(61_B1:9)-(61_C1:9)-(84_1:10)-"},"styleUrl":"#icon-1739-E65100","icon-scale":1,"icon":"images/icon-1.png","descripción":"Código: 0432\nCoordenadas: -41.1438693 -71.2987325\nGarita: 1\nCartel: \nObservaciones: \nConexiones: (40_1:9)-(41_1:9)-(50_A2:49)-(50_B2:58)-(50_C2:49)-(51_2:59)-(61_A1:26)-(61_B1:9)-(61_C1:9)-(84_1:10)-","Código":"0432","Coordenadas":"-41.1438693 -71.2987325","Garita":"1.0","Cartel":"","Observaciones":"","Conexiones":"(40_1:9)-(41_1:9)-(50_A2:49)-(50_B2:58)-(50_C2:49)-(51_2:59)-(61_A1:26)-(61_B1:9)-(61_C1:9)-(84_1:10)-"}},
{"type":"Feature","geometry":{"type":"Point","coordinates":[-71.299429,-41.147737,0]},"properties":{"name":"Centro de Salud Las Quintas","description":{"@type":"html","value":"descripción: Código: 0434<br>Coordenadas: -41.1477373 -71.2994293<br>Garita: 1<br>Cartel: <br>Observaciones: <br>Conexiones: (40_1:11)-(41_1:11)-(50_A2:51)-(50_B2:60)-(50_C2:51)-(51_2:61)-(61_A1:28)-(61_B1:11)-(61_C1:11)-(84_1:12)-<br>Código: 0434<br>Coordenadas: -41.1477373 -71.2994293<br>Garita: 1.0<br>Cartel: <br>Observaciones: <br>Conexiones: (40_1:11)-(41_1:11)-(50_A2:51)-(50_B2:60)-(50_C2:51)-(51_2:61)-(61_A1:28)-(61_B1:11)-(61_C1:11)-(84_1:12)-"},"styleUrl":"#icon-1739-E65100","icon-scale":1,"icon":"images/icon-1.png","descripción":"Código: 0434\nCoordenadas: -41.1477373 -71.2994293\nGarita: 1\nCartel: \nObservaciones: \nConexiones: (40_1:11)-(41_1:11)-(50_A2:51)-(50_B2:60)-(50_C2:51)-(51_2:61)-(61_A1:28)-(61_B1:11)-(61_C1:11)-(84_1:12)-","Código":"0434","Coordenadas":"-41.1477373 -71.2994293","Garita":"1.0","Cartel":"","Observaciones":"","Conexiones":"(40_1:11)-(41_1:11)-(50_A2:51)-(50_B2:60)-(50_C2:51)-(51_2:61)-(61_A1:28)-(61_B1:11)-(61_C1:11)-(84_1:12)-"}},
{"type":"Feature","geometry":{"type":"Point","coordinates":[-71.29977,-41.149542,0]},"properties":{"name":"Onelli y Padre Mascardi ","description":{"@type":"html","value":"descripción: Código: 0435<br>Coordenadas: -41.1495423 -71.2997702<br>Garita: 1<br>Cartel: <br>Observaciones: <br>Conexiones: (40_1:12)-(41_1:12)-(50_A2:52)-(50_B2:61)-(50_C2:52)-(51_2:62)-(61_A1:29)-(61_B1:12)-(61_C1:12)-(71/81_A1:18)-(71/81_B1:35)-(71/81_C1:35)-(80_1:13)-(81_A1:12)-(81_B1:12)-(84_1:13)-<br>Código: 0435<br>Coordenadas: -41.1495423 -71.2997702<br>Garita: 1.0<br>Cartel: <br>Observaciones: <br>Conexiones: (40_1:12)-(41_1:12)-(50_A2:52)-(50_B2:61)-(50_C2:52)-(51_2:62)-(61_A1:29)-(61_B1:12)-(61_C1:12)-(71/81_A1:18)-(71/81_B1:35)-(71/81_C1:35)-(80_1:13)-(81_A1:12)-(81_B1:12)-(84_1:13)-"},"styleUrl":"#icon-1739-E65100","icon-scale":1,"icon":"images/icon-1.png","descripción":"Código: 0435\nCoordenadas: -41.1495423 -71.2997702\nGarita: 1\nCartel: \nObservaciones: \nConexiones: (40_1:12)-(41_1:12)-(50_A2:52)-(50_B2:61)-(50_C2:52)-(51_2:62)-(61_A1:29)-(61_B1:12)-(61_C1:12)-(71/81_A1:18)-(71/81_B1:35)-(71/81_C1:35)-(80_1:13)-(81_A1:12)-(81_B1:12)-(84_1:13)-","Código":"0435","Coordenadas":"-41.1495423 -71.2997702","Garita":"1.0","Cartel":"","Observaciones":"","Conexiones":"(40_1:12)-(41_1:12)-(50_A2:52)-(50_B2:61)-(50_C2:52)-(51_2:62)-(61_A1:29)-(61_B1:12)-(61_C1:12)-(71/81_A1:18)-(71/81_B1:35)-(71/81_C1:35)-(80_1:13)-(81_A1:12)-(81_B1:12)-(84_1:13)-"}},
{"type":"Feature","geometry":{"type":"Point","coordinates":[-71.305596,-41.155069,0]},"properties":{"name":"Av. Juan Herman y Beschtedt -a","description":{"@type":"html","value":"descripción: Código: 0438<br>Coordenadas: -41.1550689 -71.3055965<br>Garita: 1<br>Cartel: <br>Observaciones: <br>Conexiones: (40_1:17)-(41_1:17)-(50_A2:57)-(50_B2:66)-(50_C2:57)-(51_2:67)-(61_A1:34)-(61_B1:17)-(61_C1:17)-<br>Código: 0438<br>Coordenadas: -41.1550689 -71.3055965<br>Garita: 1.0<br>Cartel: <br>Observaciones: <br>Conexiones: (40_1:17)-(41_1:17)-(50_A2:57)-(50_B2:66)-(50_C2:57)-(51_2:67)-(61_A1:34)-(61_B1:17)-(61_C1:17)-"},"styleUrl":"#icon-1739-E65100","icon-scale":1,"icon":"images/icon-1.png","descripción":"Código: 0438\nCoordenadas: -41.1550689 -71.3055965\nGarita: 1\nCartel: \nObservaciones: \nConexiones: (40_1:17)-(41_1:17)-(50_A2:57)-(50_B2:66)-(50_C2:57)-(51_2:67)-(61_A1:34)-(61_B1:17)-(61_C1:17)-","Código":"0438","Coordenadas":"-41.1550689 -71.3055965","Garita":"1.0","Cartel":"","Observaciones":"","Conexiones":"(40_1:17)-(41_1:17)-(50_A2:57)-(50_B2:66)-(50_C2:57)-(51_2:67)-(61_A1:34)-(61_B1:17)-(61_C1:17)-"}},
{"type":"Feature","geometry":{"type":"Point","coordinates":[-71.30992,-41.15733,0]},"properties":{"name":"Rolando y Av. Juan Herman","description":{"@type":"html","value":"descripción: Código: 0439<br>Coordenadas: -41.1573304 -71.3099201<br>Garita: <br>Cartel: <br>Observaciones: <br>Conexiones: (50_A2:59)-(50_B2:68)-(50_C2:59)-(51_2:69)-(80_2:11)-<br>Código: 0439<br>Coordenadas: -41.1573304 -71.3099201<br>Garita: <br>Cartel: <br>Observaciones: <br>Conexiones: (50_A2:59)-(50_B2:68)-(50_C2:59)-(51_2:69)-(80_2:11)-"},"styleUrl":"#icon-1739-E65100","icon-scale":1,"icon":"images/icon-1.png","descripción":"Código: 0439\nCoordenadas: -41.1573304 -71.3099201\nGarita: \nCartel: \nObservaciones: \nConexiones: (50_A2:59)-(50_B2:68)-(50_C2:59)-(51_2:69)-(80_2:11)-","Código":"0439","Coordenadas":"-41.1573304 -71.3099201","Garita":"","Cartel":"","Observaciones":"","Conexiones":"(50_A2:59)-(50_B2:68)-(50_C2:59)-(51_2:69)-(80_2:11)-"}},
{"type":"Feature","geometry":{"type":"Point","coordinates":[-71.301148,-41.158141,0]},"properties":{"name":"Onelli y Enrique Hermite","description":{"@type":"html","value":"descripción: Código: 0440<br>Coordenadas: -41.1581407 -71.3011484<br>Garita: 1<br>Cartel: <br>Observaciones: <br>Conexiones: (60_1:4)-<br>Código: 0440<br>Coordenadas: -41.1581407 -71.3011484<br>Garita: 1.0<br>Cartel: <br>Observaciones: <br>Conexiones: (60_1:4)-"},"styleUrl":"#icon-1739-E65100","icon-scale":1,"icon":"images/icon-1.png","descripción":"Código: 0440\nCoordenadas: -41.1581407 -71.3011484\nGarita: 1\nCartel: \nObservaciones: \nConexiones: (60_1:4)-","Código":"0440","Coordenadas":"-41.1581407 -71.3011484","Garita":"1.0","Cartel":"","Observaciones":"","Conexiones":"(60_1:4)-"}},
{"type":"Feature","geometry":{"type":"Point","coordinates":[-71.307194,-41.15588,0]},"properties":{"name":"Av. Juan Herman y Beschtedt","description":{"@type":"html","value":"descripción: Código: 0502<br>Coordenadas: -41.15588 -71.3071936<br>Garita: 1<br>Cartel: <br>Observaciones: <br>Conexiones: (40_2:23)-(41_2:32)-(50_A1:3)-(50_B1:3)-(50_C1:3)-(51_1:3)-(61_A2:25)-(61_B2:26)-(61_C2:8)-<br>Código: 0502<br>Coordenadas: -41.15588 -71.3071936<br>Garita: 1.0<br>Cartel: <br>Observaciones: <br>Conexiones: (40_2:23)-(41_2:32)-(50_A1:3)-(50_B1:3)-(50_C1:3)-(51_1:3)-(61_A2:25)-(61_B2:26)-(61_C2:8)-"},"styleUrl":"#icon-1739-E65100","icon-scale":1,"icon":"images/icon-1.png","descripción":"Código: 0502\nCoordenadas: -41.15588 -71.3071936\nGarita: 1\nCartel: \nObservaciones: \nConexiones: (40_2:23)-(41_2:32)-(50_A1:3)-(50_B1:3)-(50_C1:3)-(51_1:3)-(61_A2:25)-(61_B2:26)-(61_C2:8)-","Código":"0502","Coordenadas":"-41.15588 -71.3071936","Garita":"1.0","Cartel":"","Observaciones":"","Conexiones":"(40_2:23)-(41_2:32)-(50_A1:3)-(50_B1:3)-(50_C1:3)-(51_1:3)-(61_A2:25)-(61_B2:26)-(61_C2:8)-"}},
{"type":"Feature","geometry":{"type":"Point","coordinates":[-71.29944,-41.154851,0]},"properties":{"name":"Sobral y Elordi","description":{"@type":"html","value":"descripción: Código: 0505<br>Coordenadas: -41.1548508 -71.2994399<br>Garita: 1<br>Cartel: <br>Observaciones: <br>Conexiones: (40_2:27)-(51_1:7)-(60_1:11)-(61_B2:30)-<br>Código: 0505<br>Coordenadas: -41.1548508 -71.2994399<br>Garita: 1.0<br>Cartel: <br>Observaciones: <br>Conexiones: (40_2:27)-(51_1:7)-(60_1:11)-(61_B2:30)-"},"styleUrl":"#icon-1739-E65100","icon-scale":1,"icon":"images/icon-1.png","descripción":"Código: 0505\nCoordenadas: -41.1548508 -71.2994399\nGarita: 1\nCartel: \nObservaciones: \nConexiones: (40_2:27)-(51_1:7)-(60_1:11)-(61_B2:30)-","Código":"0505","Coordenadas":"-41.1548508 -71.2994399","Garita":"1.0","Cartel":"","Observaciones":"","Conexiones":"(40_2:27)-(51_1:7)-(60_1:11)-(61_B2:30)-"}},
{"type":"Feature","geometry":{"type":"Point","coordinates":[-71.314476,-41.135848,0]},"properties":{"name":"Av. Belgrano y Güemes","description":{"@type":"html","value":"descripción: Código: 0517<br>Coordenadas: -41.1358483 -71.314476<br>Garita: <br>Cartel: 1<br>Observaciones: <br>Conexiones: (50_A1:17)-(50_B1:17)-(50_C1:17)-(51_1:18)-(55_1:9)-<br>Código: 0517<br>Coordenadas: -41.1358483 -71.314476<br>Garita: <br>Cartel: 1.0<br>Observaciones: <br>Conexiones: (50_A1:17)-(50_B1:17)-(50_C1:17)-(51_1:18)-(55_1:9)-"},"styleUrl":"#icon-1739-E65100","icon-scale":1,"icon":"images/icon-1.png","descripción":"Código: 0517\nCoordenadas: -41.1358483 -71.314476\nGarita: \nCartel: 1\nObservaciones: \nConexiones: (50_A1:17)-(50_B1:17)-(50_C1:17)-(51_1:18)-(55_1:9)-","Código":"0517","Coordenadas":"-41.1358483 -71.314476","Garita":"","Cartel":"1.0","Observaciones":"","Conexiones":"(50_A1:17)-(50_B1:17)-(50_C1:17)-(51_1:18)-(55_1:9)-"}},
{"type":"Feature","geometry":{"type":"Point","coordinates":[-71.324714,-41.137868,0]},"properties":{"name":"Av. de Los Pioneros 800","description":{"@type":"html","value":"descripción: Código: 0519<br>Coordenadas: -41.1378677 -71.3247143<br>Garita: 1<br>Cartel: <br>Observaciones: <br>Conexiones: (50_A1:20)-(50_B1:20)-(50_C1:20)-(51_1:21)-(55_1:12)-<br>Código: 0519<br>Coordenadas: -41.1378677 -71.3247143<br>Garita: 1.0<br>Cartel: <br>Observaciones: <br>Conexiones: (50_A1:20)-(50_B1:20)-(50_C1:20)-(51_1:21)-(55_1:12)-"},"styleUrl":"#icon-1739-E65100","icon-scale":1,"icon":"images/icon-1.png","descripción":"Código: 0519\nCoordenadas: -41.1378677 -71.3247143\nGarita: 1\nCartel: \nObservaciones: \nConexiones: (50_A1:20)-(50_B1:20)-(50_C1:20)-(51_1:21)-(55_1:12)-","Código":"0519","Coordenadas":"-41.1378677 -71.3247143","Garita":"1.0","Cartel":"","Observaciones":"","Conexiones":"(50_A1:20)-(50_B1:20)-(50_C1:20)-(51_1:21)-(55_1:12)-"}},
{"type":"Feature","geometry":{"type":"Point","coordinates":[-71.387869,-41.125479,0]},"properties":{"name":"Av. de Los Pioneros y Bosque Lindo","description":{"@type":"html","value":"descripción: Código: 0528<br>Coordenadas: -41.1254791 -71.3878693<br>Garita: <br>Cartel: <br>Observaciones: <br>Conexiones: (50_A1:40)-(50_B1:40)-(50_C1:39)-(51_1:40)-(55_1:31)-<br>Código: 0528<br>Coordenadas: -41.1254791 -71.3878693<br>Garita: <br>Cartel: <br>Observaciones: <br>Conexiones: (50_A1:40)-(50_B1:40)-(50_C1:39)-(51_1:40)-(55_1:31)-"},"styleUrl":"#icon-1739-E65100","icon-scale":1,"icon":"images/icon-1.png","descripción":"Código: 0528\nCoordenadas: -41.1254791 -71.3878693\nGarita: \nCartel: \nObservaciones: \nConexiones: (50_A1:40)-(50_B1:40)-(50_C1:39)-(51_1:40)-(55_1:31)-","Código":"0528","Coordenadas":"-41.1254791 -71.3878693","Garita":"","Cartel":"","Observaciones":"","Conexiones":"(50_A1:40)-(50_B1:40)-(50_C1:39)-(51_1:40)-(55_1:31)-"}},
{"type":"Feature","geometry":{"type":"Point","coordinates":[-71.414032,-41.132971,0]},"properties":{"name":"RP 82 y Virgen de las Nieves -a","description":{"@type":"html","value":"descripción: Código: 0534<br>Coordenadas: -41.1329714 -71.4140318<br>Garita: 1<br>Cartel: <br>Observaciones: <br>Conexiones: (50_A1:48)-(50_B1:48)-(50_C1:47)-<br>Código: 0534<br>Coordenadas: -41.1329714 -71.4140318<br>Garita: 1.0<br>Cartel: <br>Observaciones: <br>Conexiones: (50_A1:48)-(50_B1:48)-(50_C1:47)-"},"styleUrl":"#icon-1739-E65100","icon-scale":1,"icon":"images/icon-1.png","descripción":"Código: 0534\nCoordenadas: -41.1329714 -71.4140318\nGarita: 1\nCartel: \nObservaciones: \nConexiones: (50_A1:48)-(50_B1:48)-(50_C1:47)-","Código":"0534","Coordenadas":"-41.1329714 -71.4140318","Garita":"1.0","Cartel":"","Observaciones":"","Conexiones":"(50_A1:48)-(50_B1:48)-(50_C1:47)-"}},
{"type":"Feature","geometry":{"type":"Point","coordinates":[-71.410382,-41.144657,0]},"properties":{"name":"RP 82 y Puente Negro -a","description":{"@type":"html","value":"descripción: Código: 0535<br>Coordenadas: -41.1446572 -71.410382<br>Garita: 1<br>Cartel: <br>Observaciones: <br>Conexiones: (50_A1:49)-(50_B1:49)-(50_C1:48)-<br>Código: 0535<br>Coordenadas: -41.1446572 -71.410382<br>Garita: 1.0<br>Cartel: <br>Observaciones: <br>Conexiones: (50_A1:49)-(50_B1:49)-(50_C1:48)-"},"styleUrl":"#icon-1739-E65100","icon-scale":1,"icon":"images/icon-1.png","descripción":"Código: 0535\nCoordenadas: -41.1446572 -71.410382\nGarita: 1\nCartel: \nObservaciones: \nConexiones: (50_A1:49)-(50_B1:49)-(50_C1:48)-","Código":"0535","Coordenadas":"-41.1446572 -71.410382","Garita":"1.0","Cartel":"","Observaciones":"","Conexiones":"(50_A1:49)-(50_B1:49)-(50_C1:48)-"}},
{"type":"Feature","geometry":{"type":"Point","coordinates":[-71.40957,-41.1483,0]},"properties":{"name":"RP 82 y Centro Secundario -a","description":{"@type":"html","value":"descripción: Código: 0536<br>Coordenadas: -41.1483003 -71.4095696<br>Garita: 1<br>Cartel: <br>Observaciones: <br>Conexiones: (50_A1:50)-(50_B1:50)-(50_C1:49)-<br>Código: 0536<br>Coordenadas: -41.1483003 -71.4095696<br>Garita: 1.0<br>Cartel: <br>Observaciones: <br>Conexiones: (50_A1:50)-(50_B1:50)-(50_C1:49)-"},"styleUrl":"#icon-1739-E65100","icon-scale":1,"icon":"images/icon-1.png","descripción":"Código: 0536\nCoordenadas: -41.1483003 -71.4095696\nGarita: 1\nCartel: \nObservaciones: \nConexiones: (50_A1:50)-(50_B1:50)-(50_C1:49)-","Código":"0536","Coordenadas":"-41.1483003 -71.4095696","Garita":"1.0","Cartel":"","Observaciones":"","Conexiones":"(50_A1:50)-(50_B1:50)-(50_C1:49)-"}},
{"type":"Feature","geometry":{"type":"Point","coordinates":[-71.408995,-41.150648,0]},"properties":{"name":"RP 82 Km.4.200 -a","description":{"@type":"html","value":"descripción: Código: 0537<br>Coordenadas: -41.1506482 -71.4089954<br>Garita: 1<br>Cartel: <br>Observaciones: <br>Conexiones: (50_A1:51)-(50_B1:51)-(50_C1:50)-<br>Código: 0537<br>Coordenadas: -41.1506482 -71.4089954<br>Garita: 1.0<br>Cartel: <br>Observaciones: <br>Conexiones: (50_A1:51)-(50_B1:51)-(50_C1:50)-"},"styleUrl":"#icon-1739-E65100","icon-scale":1,"icon":"images/icon-1.png","descripción":"Código: 0537\nCoordenadas: -41.1506482 -71.4089954\nGarita: 1\nCartel: \nObservaciones: \nConexiones: (50_A1:51)-(50_B1:51)-(50_C1:50)-","Código":"0537","Coordenadas":"-41.1506482 -71.4089954","Garita":"1.0","Cartel":"","Observaciones":"","Conexiones":"(50_A1:51)-(50_B1:51)-(50_C1:50)-"}},
{"type":"Feature","geometry":{"type":"Point","coordinates":[-71.408621,-41.153556,0]},"properties":{"name":"RP 82 Km.4.100 -a","description":{"@type":"html","value":"descripción: Código: 0538<br>Coordenadas: -41.1535561 -71.4086208<br>Garita: <br>Cartel: 1<br>Observaciones: <br>Conexiones: (50_A1:52)-(50_B1:52)-(50_C1:51)-<br>Código: 0538<br>Coordenadas: -41.1535561 -71.4086208<br>Garita: <br>Cartel: 1.0<br>Observaciones: <br>Conexiones: (50_A1:52)-(50_B1:52)-(50_C1:51)-"},"styleUrl":"#icon-1739-E65100","icon-scale":1,"icon":"images/icon-1.png","descripción":"Código: 0538\nCoordenadas: -41.1535561 -71.4086208\nGarita: \nCartel: 1\nObservaciones: \nConexiones: (50_A1:52)-(50_B1:52)-(50_C1:51)-","Código":"0538","Coordenadas":"-41.1535561 -71.4086208","Garita":"","Cartel":"1.0","Observaciones":"","Conexiones":"(50_A1:52)-(50_B1:52)-(50_C1:51)-"}},
{"type":"Feature","geometry":{"type":"Point","coordinates":[-71.408137,-41.159431,0]},"properties":{"name":"RP 82 y Acceso a Los Coihues -a","description":{"@type":"html","value":"descripción: Código: 0539<br>Coordenadas: -41.1594309 -71.408137<br>Garita: <br>Cartel: <br>Observaciones: <br>Conexiones: (50_A1:53)-(50_B1:53)-(50_C1:52)-<br>Código: 0539<br>Coordenadas: -41.1594309 -71.408137<br>Garita: <br>Cartel: <br>Observaciones: <br>Conexiones: (50_A1:53)-(50_B1:53)-(50_C1:52)-"},"styleUrl":"#icon-1739-E65100","icon-scale":1,"icon":"images/icon-1.png","descripción":"Código: 0539\nCoordenadas: -41.1594309 -71.408137\nGarita: \nCartel: \nObservaciones: \nConexiones: (50_A1:53)-(50_B1:53)-(50_C1:52)-","Código":"0539","Coordenadas":"-41.1594309 -71.408137","Garita":"","Cartel":"","Observaciones":"","Conexiones":"(50_A1:53)-(50_B1:53)-(50_C1:52)-"}},
{"type":"Feature","geometry":{"type":"Point","coordinates":[-71.406498,-41.162891,0]},"properties":{"name":"RP 82 Km.4.900","description":{"@type":"html","value":"descripción: Código: 0540<br>Coordenadas: -41.1628913 -71.406498<br>Garita: <br>Cartel: <br>Observaciones: <br>Conexiones: (50_A1:62)-(50_B1:54)-<br>Código: 0540<br>Coordenadas: -41.1628913 -71.406498<br>Garita: <br>Cartel: <br>Observaciones: <br>Conexiones: (50_A1:62)-(50_B1:54)-"},"styleUrl":"#icon-1739-E65100","icon-scale":1,"icon":"images/icon-1.png","descripción":"Código: 0540\nCoordenadas: -41.1628913 -71.406498\nGarita: \nCartel: \nObservaciones: \nConexiones: (50_A1:62)-(50_B1:54)-","Código":"0540","Coordenadas":"-41.1628913 -71.406498","Garita":"","Cartel":"","Observaciones":"","Conexiones":"(50_A1:62)-(50_B1:54)-"}},
{"type":"Feature","geometry":{"type":"Point","coordinates":[-71.393906,-41.171736,0]},"properties":{"name":"RP 82 Acceso Arelauquen -a","description":{"@type":"html","value":"descripción: Código: 0541<br>Coordenadas: -41.1717356 -71.393906<br>Garita: <br>Cartel: <br>Observaciones: <br>Conexiones: (41_2:1)-(50_A1:63)-(50_B1:55)-<br>Código: 0541<br>Coordenadas: -41.1717356 -71.393906<br>Garita: <br>Cartel: <br>Observaciones: <br>Conexiones: (41_2:1)-(50_A1:63)-(50_B1:55)-"},"styleUrl":"#icon-1739-E65100","icon-scale":1,"icon":"images/icon-1.png","descripción":"Código: 0541\nCoordenadas: -41.1717356 -71.393906\nGarita: \nCartel: \nObservaciones: \nConexiones: (41_2:1)-(50_A1:63)-(50_B1:55)-","Código":"0541","Coordenadas":"-41.1717356 -71.393906","Garita":"","Cartel":"","Observaciones":"","Conexiones":"(41_2:1)-(50_A1:63)-(50_B1:55)-"}},
{"type":"Feature","geometry":{"type":"Point","coordinates":[-71.384508,-41.178138,0]},"properties":{"name":"RN 82 y Rotonda de Ruta 82 -b","description":{"@type":"html","value":"descripción: Código: 0542<br>Coordenadas: -41.1781376 -71.3845082<br>Garita: <br>Cartel: <br>Observaciones: <br>Conexiones: (41_2:5)-<br>Código: 0542<br>Coordenadas: -41.1781376 -71.3845082<br>Garita: <br>Cartel: <br>Observaciones: <br>Conexiones: (41_2:5)-"},"styleUrl":"#icon-1739-E65100","icon-scale":1,"icon":"images/icon-1.png","descripción":"Código: 0542\nCoordenadas: -41.1781376 -71.3845082\nGarita: \nCartel: \nObservaciones: \nConexiones: (41_2:5)-","Código":"0542","Coordenadas":"-41.1781376 -71.3845082","Garita":"","Cartel":"","Observaciones":"","Conexiones":"(41_2:5)-"}},
{"type":"Feature","geometry":{"type":"Point","coordinates":[-71.393842,-41.171474,0]},"properties":{"name":"RP 82 Acceso Arelauquen -b","description":{"@type":"html","value":"descripción: Código: 0601<br>Coordenadas: -41.1714741 -71.3938419<br>Garita: 1<br>Cartel: <br>Observaciones: <br>Conexiones: (41_1:49)-(50_A2:5)-(50_B2:5)-<br>Código: 0601<br>Coordenadas: -41.1714741 -71.3938419<br>Garita: 1.0<br>Cartel: <br>Observaciones: <br>Conexiones: (41_1:49)-(50_A2:5)-(50_B2:5)-"},"styleUrl":"#icon-1739-E65100","icon-scale":1,"icon":"images/icon-1.png","descripción":"Código: 0601\nCoordenadas: -41.1714741 -71.3938419\nGarita: 1\nCartel: \nObservaciones: \nConexiones: (41_1:49)-(50_A2:5)-(50_B2:5)-","Código":"0601","Coordenadas":"-41.1714741 -71.3938419","Garita":"1.0","Cartel":"","Observaciones":"","Conexiones":"(41_1:49)-(50_A2:5)-(50_B2:5)-"}},
{"type":"Feature","geometry":{"type":"Point","coordinates":[-71.412951,-41.161293,0]},"properties":{"name":"Balcón Gutiérrez y P. Nac. Los Alerces -a","description":{"@type":"html","value":"descripción: Código: 0602<br>Coordenadas: -41.1612934 -71.4129507<br>Garita: <br>Cartel: <br>Observaciones: <br>Conexiones: (50_A1:55)-(50_B2:13)-(50_C1:54)-<br>Código: 0602<br>Coordenadas: -41.1612934 -71.4129507<br>Garita: <br>Cartel: <br>Observaciones: <br>Conexiones: (50_A1:55)-(50_B2:13)-(50_C1:54)-"},"styleUrl":"#icon-1739-E65100","icon-scale":1,"icon":"images/icon-1.png","descripción":"Código: 0602\nCoordenadas: -41.1612934 -71.4129507\nGarita: \nCartel: \nObservaciones: \nConexiones: (50_A1:55)-(50_B2:13)-(50_C1:54)-","Código":"0602","Coordenadas":"-41.1612934 -71.4129507","Garita":"","Cartel":"","Observaciones":"","Conexiones":"(50_A1:55)-(50_B2:13)-(50_C1:54)-"}},
{"type":"Feature","geometry":{"type":"Point","coordinates":[-71.417044,-41.159271,0]},"properties":{"name":"Esc. N°324 Maestro Alfonso Tórtora -b","description":{"@type":"html","value":"descripción: Código: 0603<br>Coordenadas: -41.1592707 -71.4170439<br>Garita: 1<br>Cartel: <br>Observaciones: <br>Conexiones: (50_B2:11)-(50_C2:1)-<br>Código: 0603<br>Coordenadas: -41.1592707 -71.4170439<br>Garita: 1.0<br>Cartel: <br>Observaciones: <br>Conexiones: (50_B2:11)-(50_C2:1)-"},"styleUrl":"#icon-1739-E65100","icon-scale":1,"icon":"images/icon-1.png","descripción":"Código: 0603\nCoordenadas: -41.1592707 -71.4170439\nGarita: 1\nCartel: \nObservaciones: \nConexiones: (50_B2:11)-(50_C2:1)-","Código":"0603","Coordenadas":"-41.1592707 -71.4170439","Garita":"1.0","Cartel":"","Observaciones":"","Conexiones":"(50_B2:11)-(50_C2:1)-"}},
{"type":"Feature","geometry":{"type":"Point","coordinates":[-71.413064,-41.161479,0]},"properties":{"name":"Balcón Gutiérrez y P. Nac. Los Alerces -b","description":{"@type":"html","value":"descripción: Código: 0604<br>Coordenadas: -41.161479 -71.4130635<br>Garita: 1<br>Cartel: <br>Observaciones: <br>Conexiones: (50_A1:59)-(50_B2:8)-(50_C2:4)-<br>Código: 0604<br>Coordenadas: -41.161479 -71.4130635<br>Garita: 1.0<br>Cartel: <br>Observaciones: <br>Conexiones: (50_A1:59)-(50_B2:8)-(50_C2:4)-"},"styleUrl":"#icon-1739-E65100","icon-scale":1,"icon":"images/icon-1.png","descripción":"Código: 0604\nCoordenadas: -41.161479 -71.4130635\nGarita: 1\nCartel: \nObservaciones: \nConexiones: (50_A1:59)-(50_B2:8)-(50_C2:4)-","Código":"0604","Coordenadas":"-41.161479 -71.4130635","Garita":"1.0","Cartel":"","Observaciones":"","Conexiones":"(50_A1:59)-(50_B2:8)-(50_C2:4)-"}},
{"type":"Feature","geometry":{"type":"Point","coordinates":[-71.407976,-41.15911,0]},"properties":{"name":"RP 82 y Acceso a Los Coihues -b","description":{"@type":"html","value":"descripción: Código: 0605<br>Coordenadas: -41.1591095 -71.4079757<br>Garita: <br>Cartel: <br>Observaciones: <br>Conexiones: (50_A2:6)-(50_B2:15)-(50_C2:6)-<br>Código: 0605<br>Coordenadas: -41.1591095 -71.4079757<br>Garita: <br>Cartel: <br>Observaciones: <br>Conexiones: (50_A2:6)-(50_B2:15)-(50_C2:6)-"},"styleUrl":"#icon-1739-E65100","icon-scale":1,"icon":"images/icon-1.png","descripción":"Código: 0605\nCoordenadas: -41.1591095 -71.4079757\nGarita: \nCartel: \nObservaciones: \nConexiones: (50_A2:6)-(50_B2:15)-(50_C2:6)-","Código":"0605","Coordenadas":"-41.1591095 -71.4079757","Garita":"","Cartel":"","Observaciones":"","Conexiones":"(50_A2:6)-(50_B2:15)-(50_C2:6)-"}},
{"type":"Feature","geometry":{"type":"Point","coordinates":[-71.408422,-41.153553,0]},"properties":{"name":"RP 82 Km.4.100 -b","description":{"@type":"html","value":"descripción: Código: 0606<br>Coordenadas: -41.1535528 -71.4084224<br>Garita: <br>Cartel: 1<br>Observaciones: <br>Conexiones: (50_A2:7)-(50_B2:16)-(50_C2:7)-<br>Código: 0606<br>Coordenadas: -41.1535528 -71.4084224<br>Garita: <br>Cartel: 1.0<br>Observaciones: <br>Conexiones: (50_A2:7)-(50_B2:16)-(50_C2:7)-"},"styleUrl":"#icon-1739-E65100","icon-scale":1,"icon":"images/icon-1.png","descripción":"Código: 0606\nCoordenadas: -41.1535528 -71.4084224\nGarita: \nCartel: 1\nObservaciones: \nConexiones: (50_A2:7)-(50_B2:16)-(50_C2:7)-","Código":"0606","Coordenadas":"-41.1535528 -71.4084224","Garita":"","Cartel":"1.0","Observaciones":"","Conexiones":"(50_A2:7)-(50_B2:16)-(50_C2:7)-"}},
{"type":"Feature","geometry":{"type":"Point","coordinates":[-71.40874,-41.150632,0]},"properties":{"name":"RP 82 Km.4200 -b","description":{"@type":"html","value":"descripción: Código: 0607<br>Coordenadas: -41.1506322 -71.40874<br>Garita: 1<br>Cartel: <br>Observaciones: <br>Conexiones: (50_A2:8)-(50_B2:17)-(50_C2:8)-<br>Código: 0607<br>Coordenadas: -41.1506322 -71.40874<br>Garita: 1.0<br>Cartel: <br>Observaciones: <br>Conexiones: (50_A2:8)-(50_B2:17)-(50_C2:8)-"},"styleUrl":"#icon-1739-E65100","icon-scale":1,"icon":"images/icon-1.png","descripción":"Código: 0607\nCoordenadas: -41.1506322 -71.40874\nGarita: 1\nCartel: \nObservaciones: \nConexiones: (50_A2:8)-(50_B2:17)-(50_C2:8)-","Código":"0607","Coordenadas":"-41.1506322 -71.40874","Garita":"1.0","Cartel":"","Observaciones":"","Conexiones":"(50_A2:8)-(50_B2:17)-(50_C2:8)-"}},
{"type":"Feature","geometry":{"type":"Point","coordinates":[-71.410214,-41.144302,0]},"properties":{"name":"RP 82 y Puente Negro -b","description":{"@type":"html","value":"descripción: Código: 0609<br>Coordenadas: -41.1443015 -71.4102141<br>Garita: 1<br>Cartel: <br>Observaciones: <br>Conexiones: (50_A2:10)-(50_B2:19)-(50_C2:10)-<br>Código: 0609<br>Coordenadas: -41.1443015 -71.4102141<br>Garita: 1.0<br>Cartel: <br>Observaciones: <br>Conexiones: (50_A2:10)-(50_B2:19)-(50_C2:10)-"},"styleUrl":"#icon-1739-E65100","icon-scale":1,"icon":"images/icon-1.png","descripción":"Código: 0609\nCoordenadas: -41.1443015 -71.4102141\nGarita: 1\nCartel: \nObservaciones: \nConexiones: (50_A2:10)-(50_B2:19)-(50_C2:10)-","Código":"0609","Coordenadas":"-41.1443015 -71.4102141","Garita":"1.0","Cartel":"","Observaciones":"","Conexiones":"(50_A2:10)-(50_B2:19)-(50_C2:10)-"}},
{"type":"Feature","geometry":{"type":"Point","coordinates":[-71.413797,-41.132808,0]},"properties":{"name":"RP 82 y Virgen de las Nieves -b","description":{"@type":"html","value":"descripción: Código: 0610<br>Coordenadas: -41.1328085 -71.4137968<br>Garita: 1<br>Cartel: <br>Observaciones: <br>Conexiones: (50_A2:11)-(50_B2:20)-(50_C2:11)-<br>Código: 0610<br>Coordenadas: -41.1328085 -71.4137968<br>Garita: 1.0<br>Cartel: <br>Observaciones: <br>Conexiones: (50_A2:11)-(50_B2:20)-(50_C2:11)-"},"styleUrl":"#icon-1739-E65100","icon-scale":1,"icon":"images/icon-1.png","descripción":"Código: 0610\nCoordenadas: -41.1328085 -71.4137968\nGarita: 1\nCartel: \nObservaciones: \nConexiones: (50_A2:11)-(50_B2:20)-(50_C2:11)-","Código":"0610","Coordenadas":"-41.1328085 -71.4137968","Garita":"1.0","Cartel":"","Observaciones":"","Conexiones":"(50_A2:11)-(50_B2:20)-(50_C2:11)-"}},
{"type":"Feature","geometry":{"type":"Point","coordinates":[-71.401024,-41.124171,0]},"properties":{"name":"Av. de Los Pioneros y Naos","description":{"@type":"html","value":"descripción: Código: 0613<br>Coordenadas: -41.1241708 -71.4010244<br>Garita: 1<br>Cartel: <br>Observaciones: <br>Conexiones: (50_A1:43)-(50_B1:43)-(50_C1:42)-(51_1:43)-(55_1:34)-<br>Código: 0613<br>Coordenadas: -41.1241708 -71.4010244<br>Garita: 1.0<br>Cartel: <br>Observaciones: <br>Conexiones: (50_A1:43)-(50_B1:43)-(50_C1:42)-(51_1:43)-(55_1:34)-"},"styleUrl":"#icon-1739-E65100","icon-scale":1,"icon":"images/icon-1.png","descripción":"Código: 0613\nCoordenadas: -41.1241708 -71.4010244\nGarita: 1\nCartel: \nObservaciones: \nConexiones: (50_A1:43)-(50_B1:43)-(50_C1:42)-(51_1:43)-(55_1:34)-","Código":"0613","Coordenadas":"-41.1241708 -71.4010244","Garita":"1.0","Cartel":"","Observaciones":"","Conexiones":"(50_A1:43)-(50_B1:43)-(50_C1:42)-(51_1:43)-(55_1:34)-"}},
{"type":"Feature","geometry":{"type":"Point","coordinates":[-71.395746,-41.125905,0]},"properties":{"name":"Av. de Los Pioneros y Libra -a","description":{"@type":"html","value":"descripción: Código: 0614<br>Coordenadas: -41.1259048 -71.3957457<br>Garita: 1<br>Cartel: <br>Observaciones: <br>Conexiones: (50_A1:42)-(50_B1:42)-(50_C1:41)-(51_1:42)-(55_1:33)-<br>Código: 0614<br>Coordenadas: -41.1259048 -71.3957457<br>Garita: 1.0<br>Cartel: <br>Observaciones: <br>Conexiones: (50_A1:42)-(50_B1:42)-(50_C1:41)-(51_1:42)-(55_1:33)-"},"styleUrl":"#icon-1739-E65100","icon-scale":1,"icon":"images/icon-1.png","descripción":"Código: 0614\nCoordenadas: -41.1259048 -71.3957457\nGarita: 1\nCartel: \nObservaciones: \nConexiones: (50_A1:42)-(50_B1:42)-(50_C1:41)-(51_1:42)-(55_1:33)-","Código":"0614","Coordenadas":"-41.1259048 -71.3957457","Garita":"1.0","Cartel":"","Observaciones":"","Conexiones":"(50_A1:42)-(50_B1:42)-(50_C1:41)-(51_1:42)-(55_1:33)-"}},
{"type":"Feature","geometry":{"type":"Point","coordinates":[-71.393055,-41.12686,0]},"properties":{"name":"Av. de Los Pioneros y Calafate","description":{"@type":"html","value":"descripción: Código: 0615<br>Coordenadas: -41.1268604 -71.3930553<br>Garita: 1<br>Cartel: <br>Observaciones: <br>Conexiones: (50_A1:41)-(50_B1:41)-(50_C1:40)-(51_1:41)-(55_1:32)-<br>Código: 0615<br>Coordenadas: -41.1268604 -71.3930553<br>Garita: 1.0<br>Cartel: <br>Observaciones: <br>Conexiones: (50_A1:41)-(50_B1:41)-(50_C1:40)-(51_1:41)-(55_1:32)-"},"styleUrl":"#icon-1739-E65100","icon-scale":1,"icon":"images/icon-1.png","descripción":"Código: 0615\nCoordenadas: -41.1268604 -71.3930553\nGarita: 1\nCartel: \nObservaciones: \nConexiones: (50_A1:41)-(50_B1:41)-(50_C1:40)-(51_1:41)-(55_1:32)-","Código":"0615","Coordenadas":"-41.1268604 -71.3930553","Garita":"1.0","Cartel":"","Observaciones":"","Conexiones":"(50_A1:41)-(50_B1:41)-(50_C1:40)-(51_1:41)-(55_1:32)-"}},
{"type":"Feature","geometry":{"type":"Point","coordinates":[-71.383184,-41.126735,0]},"properties":{"name":"Av. de Los Pioneros Km.6.500 -a","description":{"@type":"html","value":"descripción: Código: 0617<br>Coordenadas: -41.126735 -71.3831841<br>Garita: 1<br>Cartel: <br>Observaciones: <br>Conexiones: (50_A1:39)-(50_B1:39)-(50_C1:38)-(51_1:39)-(55_1:30)-<br>Código: 0617<br>Coordenadas: -41.126735 -71.3831841<br>Garita: 1.0<br>Cartel: <br>Observaciones: <br>Conexiones: (50_A1:39)-(50_B1:39)-(50_C1:38)-(51_1:39)-(55_1:30)-"},"styleUrl":"#icon-1739-E65100","icon-scale":1,"icon":"images/icon-1.png","descripción":"Código: 0617\nCoordenadas: -41.126735 -71.3831841\nGarita: 1\nCartel: \nObservaciones: \nConexiones: (50_A1:39)-(50_B1:39)-(50_C1:38)-(51_1:39)-(55_1:30)-","Código":"0617","Coordenadas":"-41.126735 -71.3831841","Garita":"1.0","Cartel":"","Observaciones":"","Conexiones":"(50_A1:39)-(50_B1:39)-(50_C1:38)-(51_1:39)-(55_1:30)-"}},
{"type":"Feature","geometry":{"type":"Point","coordinates":[-71.379253,-41.127621,0]},"properties":{"name":"Av. de Los Pioneros y Nilpi -a","description":{"@type":"html","value":"descripción: Código: 0618<br>Coordenadas: -41.1276206 -71.3792534<br>Garita: 1<br>Cartel: <br>Observaciones: <br>Conexiones: (50_A1:38)-(50_B1:38)-(50_C1:37)-(51_1:38)-(55_1:29)-<br>Código: 0618<br>Coordenadas: -41.1276206 -71.3792534<br>Garita: 1.0<br>Cartel: <br>Observaciones: <br>Conexiones: (50_A1:38)-(50_B1:38)-(50_C1:37)-(51_1:38)-(55_1:29)-"},"styleUrl":"#icon-1739-E65100","icon-scale":1,"icon":"images/icon-1.png","descripción":"Código: 0618\nCoordenadas: -41.1276206 -71.3792534\nGarita: 1\nCartel: \nObservaciones: \nConexiones: (50_A1:38)-(50_B1:38)-(50_C1:37)-(51_1:38)-(55_1:29)-","Código":"0618","Coordenadas":"-41.1276206 -71.3792534","Garita":"1.0","Cartel":"","Observaciones":"","Conexiones":"(50_A1:38)-(50_B1:38)-(50_C1:37)-(51_1:38)-(55_1:29)-"}},
{"type":"Feature","geometry":{"type":"Point","coordinates":[-71.375712,-41.128728,0]},"properties":{"name":"Av. de Los Pioneros e Hilandera -a","description":{"@type":"html","value":"descripción: Código: 0619<br>Coordenadas: -41.1287282 -71.3757121<br>Garita: 1<br>Cartel: <br>Observaciones: <br>Conexiones: (50_A1:37)-(50_B1:37)-(50_C1:36)-(51_1:37)-(55_1:28)-<br>Código: 0619<br>Coordenadas: -41.1287282 -71.3757121<br>Garita: 1.0<br>Cartel: <br>Observaciones: <br>Conexiones: (50_A1:37)-(50_B1:37)-(50_C1:36)-(51_1:37)-(55_1:28)-"},"styleUrl":"#icon-1739-E65100","icon-scale":1,"icon":"images/icon-1.png","descripción":"Código: 0619\nCoordenadas: -41.1287282 -71.3757121\nGarita: 1\nCartel: \nObservaciones: \nConexiones: (50_A1:37)-(50_B1:37)-(50_C1:36)-(51_1:37)-(55_1:28)-","Código":"0619","Coordenadas":"-41.1287282 -71.3757121","Garita":"1.0","Cartel":"","Observaciones":"","Conexiones":"(50_A1:37)-(50_B1:37)-(50_C1:36)-(51_1:37)-(55_1:28)-"}},
{"type":"Feature","geometry":{"type":"Point","coordinates":[-71.353151,-41.132675,0]},"properties":{"name":"Av. de Los Pioneros Km.3.600 -a","description":{"@type":"html","value":"descripción: Código: 0625<br>Coordenadas: -41.1326752 -71.3531509<br>Garita: 1<br>Cartel: <br>Observaciones: <br>Conexiones: (50_A1:27)-(50_B1:27)-(50_C1:27)-(51_1:28)-(55_1:18)-<br>Código: 0625<br>Coordenadas: -41.1326752 -71.3531509<br>Garita: 1.0<br>Cartel: <br>Observaciones: <br>Conexiones: (50_A1:27)-(50_B1:27)-(50_C1:27)-(51_1:28)-(55_1:18)-"},"styleUrl":"#icon-1739-E65100","icon-scale":1,"icon":"images/icon-1.png","descripción":"Código: 0625\nCoordenadas: -41.1326752 -71.3531509\nGarita: 1\nCartel: \nObservaciones: \nConexiones: (50_A1:27)-(50_B1:27)-(50_C1:27)-(51_1:28)-(55_1:18)-","Código":"0625","Coordenadas":"-41.1326752 -71.3531509","Garita":"1.0","Cartel":"","Observaciones":"","Conexiones":"(50_A1:27)-(50_B1:27)-(50_C1:27)-(51_1:28)-(55_1:18)-"}},
{"type":"Feature","geometry":{"type":"Point","coordinates":[-71.350692,-41.133405,0]},"properties":{"name":"Av. de Los Pioneros Km.3.400","description":{"@type":"html","value":"descripción: Código: 0626<br>Coordenadas: -41.1334047 -71.3506918<br>Garita: <br>Cartel: <br>Observaciones: <br>Conexiones: (50_A1:26)-(50_B1:26)-(50_C1:26)-(51_1:27)-(55_1:17)-<br>Código: 0626<br>Coordenadas: -41.1334047 -71.3506918<br>Garita: <br>Cartel: <br>Observaciones: <br>Conexiones: (50_A1:26)-(50_B1:26)-(50_C1:26)-(51_1:27)-(55_1:17)-"},"styleUrl":"#icon-1739-E65100","icon-scale":1,"icon":"images/icon-1.png","descripción":"Código: 0626\nCoordenadas: -41.1334047 -71.3506918\nGarita: \nCartel: \nObservaciones: \nConexiones: (50_A1:26)-(50_B1:26)-(50_C1:26)-(51_1:27)-(55_1:17)-","Código":"0626","Coordenadas":"-41.1334047 -71.3506918","Garita":"","Cartel":"","Observaciones":"","Conexiones":"(50_A1:26)-(50_B1:26)-(50_C1:26)-(51_1:27)-(55_1:17)-"}},
{"type":"Feature","geometry":{"type":"Point","coordinates":[-71.343768,-41.13478,0]},"properties":{"name":"Av. de Los Pioneros y Los Maitenes -a","description":{"@type":"html","value":"descripción: Código: 0627<br>Coordenadas: -41.1347798 -71.3437681<br>Garita: 1<br>Cartel: <br>Observaciones: <br>Conexiones: (50_A1:24)-(50_B1:24)-(50_C1:24)-(51_1:25)-(55_1:15)-<br>Código: 0627<br>Coordenadas: -41.1347798 -71.3437681<br>Garita: 1.0<br>Cartel: <br>Observaciones: <br>Conexiones: (50_A1:24)-(50_B1:24)-(50_C1:24)-(51_1:25)-(55_1:15)-"},"styleUrl":"#icon-1739-E65100","icon-scale":1,"icon":"images/icon-1.png","descripción":"Código: 0627\nCoordenadas: -41.1347798 -71.3437681\nGarita: 1\nCartel: \nObservaciones: \nConexiones: (50_A1:24)-(50_B1:24)-(50_C1:24)-(51_1:25)-(55_1:15)-","Código":"0627","Coordenadas":"-41.1347798 -71.3437681","Garita":"1.0","Cartel":"","Observaciones":"","Conexiones":"(50_A1:24)-(50_B1:24)-(50_C1:24)-(51_1:25)-(55_1:15)-"}},
{"type":"Feature","geometry":{"type":"Point","coordinates":[-71.33745,-41.136097,0]},"properties":{"name":"Av. de Los Pioneros y Las Vertientes -a","description":{"@type":"html","value":"descripción: Código: 0628<br>Coordenadas: -41.1360966 -71.3374498<br>Garita: 1<br>Cartel: <br>Observaciones: <br>Conexiones: (50_A1:23)-(50_B1:23)-(50_C1:23)-(51_1:24)-<br>Código: 0628<br>Coordenadas: -41.1360966 -71.3374498<br>Garita: 1.0<br>Cartel: <br>Observaciones: <br>Conexiones: (50_A1:23)-(50_B1:23)-(50_C1:23)-(51_1:24)-"},"styleUrl":"#icon-1739-E65100","icon-scale":1,"icon":"images/icon-1.png","descripción":"Código: 0628\nCoordenadas: -41.1360966 -71.3374498\nGarita: 1\nCartel: \nObservaciones: \nConexiones: (50_A1:23)-(50_B1:23)-(50_C1:23)-(51_1:24)-","Código":"0628","Coordenadas":"-41.1360966 -71.3374498","Garita":"1.0","Cartel":"","Observaciones":"","Conexiones":"(50_A1:23)-(50_B1:23)-(50_C1:23)-(51_1:24)-"}},
{"type":"Feature","geometry":{"type":"Point","coordinates":[-71.312483,-41.138051,0]},"properties":{"name":"20 de Febrero y 24 de Septiembre","description":{"@type":"html","value":"descripción: Código: 0632<br>Coordenadas: -41.1380511 -71.3124834<br>Garita: <br>Cartel: 1<br>Observaciones: <br>Conexiones: (50_A2:41)-(50_B2:50)-(50_C2:41)-(51_2:51)-(55_2:37)-<br>Código: 0632<br>Coordenadas: -41.1380511 -71.3124834<br>Garita: <br>Cartel: 1.0<br>Observaciones: <br>Conexiones: (50_A2:41)-(50_B2:50)-(50_C2:41)-(51_2:51)-(55_2:37)-"},"styleUrl":"#icon-1739-E65100","icon-scale":1,"icon":"images/icon-1.png","descripción":"Código: 0632\nCoordenadas: -41.1380511 -71.3124834\nGarita: \nCartel: 1\nObservaciones: \nConexiones: (50_A2:41)-(50_B2:50)-(50_C2:41)-(51_2:51)-(55_2:37)-","Código":"0632","Coordenadas":"-41.1380511 -71.3124834","Garita":"","Cartel":"1.0","Observaciones":"","Conexiones":"(50_A2:41)-(50_B2:50)-(50_C2:41)-(51_2:51)-(55_2:37)-"}},
{"type":"Feature","geometry":{"type":"Point","coordinates":[-71.305084,-41.1384,0]},"properties":{"name":"Tiscornia y Palacios","description":{"@type":"html","value":"descripción: Código: 0635<br>Coordenadas: -41.1383999 -71.3050836<br>Garita: <br>Cartel: <br>Observaciones: <br>Conexiones: (50_A2:44)-(50_B2:53)-(50_C2:44)-(51_2:54)-(55_2:40)-<br>Código: 0635<br>Coordenadas: -41.1383999 -71.3050836<br>Garita: <br>Cartel: <br>Observaciones: <br>Conexiones: (50_A2:44)-(50_B2:53)-(50_C2:44)-(51_2:54)-(55_2:40)-"},"styleUrl":"#icon-1739-E65100","icon-scale":1,"icon":"images/icon-1.png","descripción":"Código: 0635\nCoordenadas: -41.1383999 -71.3050836\nGarita: \nCartel: \nObservaciones: \nConexiones: (50_A2:44)-(50_B2:53)-(50_C2:44)-(51_2:54)-(55_2:40)-","Código":"0635","Coordenadas":"-41.1383999 -71.3050836","Garita":"","Cartel":"","Observaciones":"","Conexiones":"(50_A2:44)-(50_B2:53)-(50_C2:44)-(51_2:54)-(55_2:40)-"}},
{"type":"Feature","geometry":{"type":"Point","coordinates":[-71.411098,-41.114482,0]},"properties":{"name":"Av. Bustillo Km.9.500 - Ejercito -a","description":{"@type":"html","value":"descripción: Código: 0702<br>Coordenadas: -41.1144824 -71.4110977<br>Garita: <br>Cartel: <br>Observaciones: <br>Conexiones: (10_A1:35)-(10_B1:35)-(10_C1:35)-(13/22_A1:34)-(20_1:35)-(21_1:35)-(51_1:47)-<br>Código: 0702<br>Coordenadas: -41.1144824 -71.4110977<br>Garita: <br>Cartel: <br>Observaciones: <br>Conexiones: (10_A1:35)-(10_B1:35)-(10_C1:35)-(13/22_A1:34)-(20_1:35)-(21_1:35)-(51_1:47)-"},"styleUrl":"#icon-1739-E65100","icon-scale":1,"icon":"images/icon-1.png","descripción":"Código: 0702\nCoordenadas: -41.1144824 -71.4110977\nGarita: \nCartel: \nObservaciones: \nConexiones: (10_A1:35)-(10_B1:35)-(10_C1:35)-(13/22_A1:34)-(20_1:35)-(21_1:35)-(51_1:47)-","Código":"0702","Coordenadas":"-41.1144824 -71.4110977","Garita":"","Cartel":"","Observaciones":"","Conexiones":"(10_A1:35)-(10_B1:35)-(10_C1:35)-(13/22_A1:34)-(20_1:35)-(21_1:35)-(51_1:47)-"}},
{"type":"Feature","geometry":{"type":"Point","coordinates":[-71.424087,-41.110749,0]},"properties":{"name":"Av. Bustillo y Cóndores -a","description":{"@type":"html","value":"descripción: Código: 0704<br>Coordenadas: -41.1107488 -71.4240871<br>Garita: <br>Cartel: <br>Observaciones: <br>Conexiones: (10_A1:38)-(10_B1:38)-(10_C1:38)-(13/22_A1:37)-(20_1:38)-(51_1:50)-<br>Código: 0704<br>Coordenadas: -41.1107488 -71.4240871<br>Garita: <br>Cartel: <br>Observaciones: <br>Conexiones: (10_A1:38)-(10_B1:38)-(10_C1:38)-(13/22_A1:37)-(20_1:38)-(51_1:50)-"},"styleUrl":"#icon-1739-E65100","icon-scale":1,"icon":"images/icon-1.png","descripción":"Código: 0704\nCoordenadas: -41.1107488 -71.4240871\nGarita: \nCartel: \nObservaciones: \nConexiones: (10_A1:38)-(10_B1:38)-(10_C1:38)-(13/22_A1:37)-(20_1:38)-(51_1:50)-","Código":"0704","Coordenadas":"-41.1107488 -71.4240871","Garita":"","Cartel":"","Observaciones":"","Conexiones":"(10_A1:38)-(10_B1:38)-(10_C1:38)-(13/22_A1:37)-(20_1:38)-(51_1:50)-"}},
{"type":"Feature","geometry":{"type":"Point","coordinates":[-71.427093,-41.109678,0]},"properties":{"name":"Av. Bustillo Km.11.300 -a","description":{"@type":"html","value":"descripción: Código: 0705<br>Coordenadas: -41.1096785 -71.4270931<br>Garita: <br>Cartel: <br>Observaciones: <br>Conexiones: (10_A1:39)-(10_B1:39)-(10_C1:39)-(13/22_A1:38)-(20_1:39)-(51_1:51)-<br>Código: 0705<br>Coordenadas: -41.1096785 -71.4270931<br>Garita: <br>Cartel: <br>Observaciones: <br>Conexiones: (10_A1:39)-(10_B1:39)-(10_C1:39)-(13/22_A1:38)-(20_1:39)-(51_1:51)-"},"styleUrl":"#icon-1739-E65100","icon-scale":1,"icon":"images/icon-1.png","descripción":"Código: 0705\nCoordenadas: -41.1096785 -71.4270931\nGarita: \nCartel: \nObservaciones: \nConexiones: (10_A1:39)-(10_B1:39)-(10_C1:39)-(13/22_A1:38)-(20_1:39)-(51_1:51)-","Código":"0705","Coordenadas":"-41.1096785 -71.4270931","Garita":"","Cartel":"","Observaciones":"","Conexiones":"(10_A1:39)-(10_B1:39)-(10_C1:39)-(13/22_A1:38)-(20_1:39)-(51_1:51)-"}},
{"type":"Feature","geometry":{"type":"Point","coordinates":[-71.430331,-41.109755,0]},"properties":{"name":"Av. Bustillo Km.11.400 -a","description":{"@type":"html","value":"descripción: Código: 0706<br>Coordenadas: -41.1097554 -71.430331<br>Garita: <br>Cartel: <br>Observaciones: <br>Conexiones: (10_A1:40)-(10_B1:40)-(10_C1:40)-(13/22_A1:39)-(20_1:40)-(51_1:52)-<br>Código: 0706<br>Coordenadas: -41.1097554 -71.430331<br>Garita: <br>Cartel: <br>Observaciones: <br>Conexiones: (10_A1:40)-(10_B1:40)-(10_C1:40)-(13/22_A1:39)-(20_1:40)-(51_1:52)-"},"styleUrl":"#icon-1739-E65100","icon-scale":1,"icon":"images/icon-1.png","descripción":"Código: 0706\nCoordenadas: -41.1097554 -71.430331\nGarita: \nCartel: \nObservaciones: \nConexiones: (10_A1:40)-(10_B1:40)-(10_C1:40)-(13/22_A1:39)-(20_1:40)-(51_1:52)-","Código":"0706","Coordenadas":"-41.1097554 -71.430331","Garita":"","Cartel":"","Observaciones":"","Conexiones":"(10_A1:40)-(10_B1:40)-(10_C1:40)-(13/22_A1:39)-(20_1:40)-(51_1:52)-"}},
{"type":"Feature","geometry":{"type":"Point","coordinates":[-71.434298,-41.108046,0]},"properties":{"name":"Av. Bustillo Km.12 -a","description":{"@type":"html","value":"descripción: Código: 0707<br>Coordenadas: -41.1080459 -71.4342982<br>Garita: <br>Cartel: <br>Observaciones: <br>Conexiones: (10_A1:41)-(10_B1:41)-(10_C1:41)-(13/22_A1:40)-(20_1:41)-(51_1:53)-<br>Código: 0707<br>Coordenadas: -41.1080459 -71.4342982<br>Garita: <br>Cartel: <br>Observaciones: <br>Conexiones: (10_A1:41)-(10_B1:41)-(10_C1:41)-(13/22_A1:40)-(20_1:41)-(51_1:53)-"},"styleUrl":"#icon-1739-E65100","icon-scale":1,"icon":"images/icon-1.png","descripción":"Código: 0707\nCoordenadas: -41.1080459 -71.4342982\nGarita: \nCartel: \nObservaciones: \nConexiones: (10_A1:41)-(10_B1:41)-(10_C1:41)-(13/22_A1:40)-(20_1:41)-(51_1:53)-","Código":"0707","Coordenadas":"-41.1080459 -71.4342982","Garita":"","Cartel":"","Observaciones":"","Conexiones":"(10_A1:41)-(10_B1:41)-(10_C1:41)-(13/22_A1:40)-(20_1:41)-(51_1:53)-"}},
{"type":"Feature","geometry":{"type":"Point","coordinates":[-71.440039,-41.105391,0]},"properties":{"name":"Av. Bustillo 12.400 -a","description":{"@type":"html","value":"descripción: Código: 0708<br>Coordenadas: -41.1053913 -71.4400389<br>Garita: 1<br>Cartel: <br>Observaciones: <br>Conexiones: (10_A1:42)-(10_B1:42)-(10_C1:42)-(13/22_A1:41)-(20_1:42)-(51_1:54)-<br>Código: 0708<br>Coordenadas: -41.1053913 -71.4400389<br>Garita: 1.0<br>Cartel: <br>Observaciones: <br>Conexiones: (10_A1:42)-(10_B1:42)-(10_C1:42)-(13/22_A1:41)-(20_1:42)-(51_1:54)-"},"styleUrl":"#icon-1739-E65100","icon-scale":1,"icon":"images/icon-1.png","descripción":"Código: 0708\nCoordenadas: -41.1053913 -71.4400389\nGarita: 1\nCartel: \nObservaciones: \nConexiones: (10_A1:42)-(10_B1:42)-(10_C1:42)-(13/22_A1:41)-(20_1:42)-(51_1:54)-","Código":"0708","Coordenadas":"-41.1053913 -71.4400389","Garita":"1.0","Cartel":"","Observaciones":"","Conexiones":"(10_A1:42)-(10_B1:42)-(10_C1:42)-(13/22_A1:41)-(20_1:42)-(51_1:54)-"}},
{"type":"Feature","geometry":{"type":"Point","coordinates":[-71.442434,-41.103241,0]},"properties":{"name":"Av. Bustillo Km.12.700 -a","description":{"@type":"html","value":"descripción: Código: 0709<br>Coordenadas: -41.1032412 -71.4424341<br>Garita: 1<br>Cartel: <br>Observaciones: <br>Conexiones: (10_A1:43)-(10_B1:43)-(10_C1:43)-(13/22_A1:42)-(20_1:43)-(51_1:55)-<br>Código: 0709<br>Coordenadas: -41.1032412 -71.4424341<br>Garita: 1.0<br>Cartel: <br>Observaciones: <br>Conexiones: (10_A1:43)-(10_B1:43)-(10_C1:43)-(13/22_A1:42)-(20_1:43)-(51_1:55)-"},"styleUrl":"#icon-1739-E65100","icon-scale":1,"icon":"images/icon-1.png","descripción":"Código: 0709\nCoordenadas: -41.1032412 -71.4424341\nGarita: 1\nCartel: \nObservaciones: \nConexiones: (10_A1:43)-(10_B1:43)-(10_C1:43)-(13/22_A1:42)-(20_1:43)-(51_1:55)-","Código":"0709","Coordenadas":"-41.1032412 -71.4424341","Garita":"1.0","Cartel":"","Observaciones":"","Conexiones":"(10_A1:43)-(10_B1:43)-(10_C1:43)-(13/22_A1:42)-(20_1:43)-(51_1:55)-"}},
{"type":"Feature","geometry":{"type":"Point","coordinates":[-71.445525,-41.100292,0]},"properties":{"name":"Av. Bustillo Km.13 -a","description":{"@type":"html","value":"descripción: Código: 0710<br>Coordenadas: -41.1002918 -71.4455247<br>Garita: 1<br>Cartel: <br>Observaciones: <br>Conexiones: (10_A1:44)-(10_B1:44)-(10_C1:44)-(13/22_A1:43)-(20_1:44)-(51_1:56)-<br>Código: 0710<br>Coordenadas: -41.1002918 -71.4455247<br>Garita: 1.0<br>Cartel: <br>Observaciones: <br>Conexiones: (10_A1:44)-(10_B1:44)-(10_C1:44)-(13/22_A1:43)-(20_1:44)-(51_1:56)-"},"styleUrl":"#icon-1739-E65100","icon-scale":1,"icon":"images/icon-1.png","descripción":"Código: 0710\nCoordenadas: -41.1002918 -71.4455247\nGarita: 1\nCartel: \nObservaciones: \nConexiones: (10_A1:44)-(10_B1:44)-(10_C1:44)-(13/22_A1:43)-(20_1:44)-(51_1:56)-","Código":"0710","Coordenadas":"-41.1002918 -71.4455247","Garita":"1.0","Cartel":"","Observaciones":"","Conexiones":"(10_A1:44)-(10_B1:44)-(10_C1:44)-(13/22_A1:43)-(20_1:44)-(51_1:56)-"}},
{"type":"Feature","geometry":{"type":"Point","coordinates":[-71.447817,-41.098084,0]},"properties":{"name":"Av. Bustillo Km.13.400 -a","description":{"@type":"html","value":"descripción: Código: 0711<br>Coordenadas: -41.0980841 -71.4478171<br>Garita: <br>Cartel: <br>Observaciones: <br>Conexiones: (10_A1:45)-(10_B1:45)-(10_C1:45)-(13/22_A1:44)-(20_1:45)-(51_1:57)-<br>Código: 0711<br>Coordenadas: -41.0980841 -71.4478171<br>Garita: <br>Cartel: <br>Observaciones: <br>Conexiones: (10_A1:45)-(10_B1:45)-(10_C1:45)-(13/22_A1:44)-(20_1:45)-(51_1:57)-"},"styleUrl":"#icon-1739-E65100","icon-scale":1,"icon":"images/icon-1.png","descripción":"Código: 0711\nCoordenadas: -41.0980841 -71.4478171\nGarita: \nCartel: \nObservaciones: \nConexiones: (10_A1:45)-(10_B1:45)-(10_C1:45)-(13/22_A1:44)-(20_1:45)-(51_1:57)-","Código":"0711","Coordenadas":"-41.0980841 -71.4478171","Garita":"","Cartel":"","Observaciones":"","Conexiones":"(10_A1:45)-(10_B1:45)-(10_C1:45)-(13/22_A1:44)-(20_1:45)-(51_1:57)-"}},
{"type":"Feature","geometry":{"type":"Point","coordinates":[-71.448845,-41.096093,0]},"properties":{"name":"Av. Bustillo Km.13.600 -a","description":{"@type":"html","value":"descripción: Código: 0712<br>Coordenadas: -41.0960934 -71.4488454<br>Garita: <br>Cartel: <br>Observaciones: <br>Conexiones: (10_A1:46)-(10_B1:46)-(10_C1:46)-(13/22_A1:45)-(20_1:46)-(51_1:58)-<br>Código: 0712<br>Coordenadas: -41.0960934 -71.4488454<br>Garita: <br>Cartel: <br>Observaciones: <br>Conexiones: (10_A1:46)-(10_B1:46)-(10_C1:46)-(13/22_A1:45)-(20_1:46)-(51_1:58)-"},"styleUrl":"#icon-1739-E65100","icon-scale":1,"icon":"images/icon-1.png","descripción":"Código: 0712\nCoordenadas: -41.0960934 -71.4488454\nGarita: \nCartel: \nObservaciones: \nConexiones: (10_A1:46)-(10_B1:46)-(10_C1:46)-(13/22_A1:45)-(20_1:46)-(51_1:58)-","Código":"0712","Coordenadas":"-41.0960934 -71.4488454","Garita":"","Cartel":"","Observaciones":"","Conexiones":"(10_A1:46)-(10_B1:46)-(10_C1:46)-(13/22_A1:45)-(20_1:46)-(51_1:58)-"}},
{"type":"Feature","geometry":{"type":"Point","coordinates":[-71.449446,-41.093798,0]},"properties":{"name":"Av. Bustillo Km.13.900 -a","description":{"@type":"html","value":"descripción: Código: 0713<br>Coordenadas: -41.0937978 -71.4494465<br>Garita: 1<br>Cartel: <br>Observaciones: <br>Conexiones: (10_A1:47)-(10_B1:47)-(10_C1:47)-(13/22_A1:46)-(20_1:47)-(51_1:59)-<br>Código: 0713<br>Coordenadas: -41.0937978 -71.4494465<br>Garita: 1.0<br>Cartel: <br>Observaciones: <br>Conexiones: (10_A1:47)-(10_B1:47)-(10_C1:47)-(13/22_A1:46)-(20_1:47)-(51_1:59)-"},"styleUrl":"#icon-1739-E65100","icon-scale":1,"icon":"images/icon-1.png","descripción":"Código: 0713\nCoordenadas: -41.0937978 -71.4494465\nGarita: 1\nCartel: \nObservaciones: \nConexiones: (10_A1:47)-(10_B1:47)-(10_C1:47)-(13/22_A1:46)-(20_1:47)-(51_1:59)-","Código":"0713","Coordenadas":"-41.0937978 -71.4494465","Garita":"1.0","Cartel":"","Observaciones":"","Conexiones":"(10_A1:47)-(10_B1:47)-(10_C1:47)-(13/22_A1:46)-(20_1:47)-(51_1:59)-"}},
{"type":"Feature","geometry":{"type":"Point","coordinates":[-71.45109,-41.091356,0]},"properties":{"name":"Av. Bustillo Km.14.200","description":{"@type":"html","value":"descripción: Código: 0714<br>Coordenadas: -41.0913564 -71.4510898<br>Garita: <br>Cartel: <br>Observaciones: <br>Conexiones: (10_A1:48)-(10_B1:48)-(10_C1:48)-(13/22_A1:47)-(20_1:48)-(51_1:60)-<br>Código: 0714<br>Coordenadas: -41.0913564 -71.4510898<br>Garita: <br>Cartel: <br>Observaciones: <br>Conexiones: (10_A1:48)-(10_B1:48)-(10_C1:48)-(13/22_A1:47)-(20_1:48)-(51_1:60)-"},"styleUrl":"#icon-1739-E65100","icon-scale":1,"icon":"images/icon-1.png","descripción":"Código: 0714\nCoordenadas: -41.0913564 -71.4510898\nGarita: \nCartel: \nObservaciones: \nConexiones: (10_A1:48)-(10_B1:48)-(10_C1:48)-(13/22_A1:47)-(20_1:48)-(51_1:60)-","Código":"0714","Coordenadas":"-41.0913564 -71.4510898","Garita":"","Cartel":"","Observaciones":"","Conexiones":"(10_A1:48)-(10_B1:48)-(10_C1:48)-(13/22_A1:47)-(20_1:48)-(51_1:60)-"}},
{"type":"Feature","geometry":{"type":"Point","coordinates":[-71.451787,-41.090662,0]},"properties":{"name":"Av. Bustillo Km.14.400","description":{"@type":"html","value":"descripción: Código: 0715<br>Coordenadas: -41.0906622 -71.4517866<br>Garita: <br>Cartel: <br>Observaciones: <br>Conexiones: (10_A1:49)-(10_B1:49)-(10_C1:49)-(13/22_A1:48)-(20_1:49)-(51_1:61)-<br>Código: 0715<br>Coordenadas: -41.0906622 -71.4517866<br>Garita: <br>Cartel: <br>Observaciones: <br>Conexiones: (10_A1:49)-(10_B1:49)-(10_C1:49)-(13/22_A1:48)-(20_1:49)-(51_1:61)-"},"styleUrl":"#icon-1739-E65100","icon-scale":1,"icon":"images/icon-1.png","descripción":"Código: 0715\nCoordenadas: -41.0906622 -71.4517866\nGarita: \nCartel: \nObservaciones: \nConexiones: (10_A1:49)-(10_B1:49)-(10_C1:49)-(13/22_A1:48)-(20_1:49)-(51_1:61)-","Código":"0715","Coordenadas":"-41.0906622 -71.4517866","Garita":"","Cartel":"","Observaciones":"","Conexiones":"(10_A1:49)-(10_B1:49)-(10_C1:49)-(13/22_A1:48)-(20_1:49)-(51_1:61)-"}},
{"type":"Feature","geometry":{"type":"Point","coordinates":[-71.459915,-41.086636,0]},"properties":{"name":"Av. Bustillo Km.15.300","description":{"@type":"html","value":"descripción: Código: 0716<br>Coordenadas: -41.0866356 -71.4599151<br>Garita: <br>Cartel: <br>Observaciones: <br>Conexiones: (10_A1:50)-(10_B1:50)-(10_C1:50)-(13/22_A1:49)-(20_1:50)-(51_1:62)-<br>Código: 0716<br>Coordenadas: -41.0866356 -71.4599151<br>Garita: <br>Cartel: <br>Observaciones: <br>Conexiones: (10_A1:50)-(10_B1:50)-(10_C1:50)-(13/22_A1:49)-(20_1:50)-(51_1:62)-"},"styleUrl":"#icon-1739-E65100","icon-scale":1,"icon":"images/icon-1.png","descripción":"Código: 0716\nCoordenadas: -41.0866356 -71.4599151\nGarita: \nCartel: \nObservaciones: \nConexiones: (10_A1:50)-(10_B1:50)-(10_C1:50)-(13/22_A1:49)-(20_1:50)-(51_1:62)-","Código":"0716","Coordenadas":"-41.0866356 -71.4599151","Garita":"","Cartel":"","Observaciones":"","Conexiones":"(10_A1:50)-(10_B1:50)-(10_C1:50)-(13/22_A1:49)-(20_1:50)-(51_1:62)-"}},
{"type":"Feature","geometry":{"type":"Point","coordinates":[-71.461684,-41.084517,0]},"properties":{"name":"Av. Bustillo Km.15.500 -a","description":{"@type":"html","value":"descripción: Código: 0717<br>Coordenadas: -41.0845169 -71.4616839<br>Garita: 1<br>Cartel: <br>Observaciones: <br>Conexiones: (10_A1:51)-(10_B1:51)-(10_C1:51)-(13/22_A1:50)-(20_1:51)-(51_1:63)-<br>Código: 0717<br>Coordenadas: -41.0845169 -71.4616839<br>Garita: 1.0<br>Cartel: <br>Observaciones: <br>Conexiones: (10_A1:51)-(10_B1:51)-(10_C1:51)-(13/22_A1:50)-(20_1:51)-(51_1:63)-"},"styleUrl":"#icon-1739-E65100","icon-scale":1,"icon":"images/icon-1.png","descripción":"Código: 0717\nCoordenadas: -41.0845169 -71.4616839\nGarita: 1\nCartel: \nObservaciones: \nConexiones: (10_A1:51)-(10_B1:51)-(10_C1:51)-(13/22_A1:50)-(20_1:51)-(51_1:63)-","Código":"0717","Coordenadas":"-41.0845169 -71.4616839","Garita":"1.0","Cartel":"","Observaciones":"","Conexiones":"(10_A1:51)-(10_B1:51)-(10_C1:51)-(13/22_A1:50)-(20_1:51)-(51_1:63)-"}},
{"type":"Feature","geometry":{"type":"Point","coordinates":[-71.464073,-41.080649,0]},"properties":{"name":"Av. Bustillo Km.16 -a","description":{"@type":"html","value":"descripción: Código: 0718<br>Coordenadas: -41.0806494 -71.4640731<br>Garita: <br>Cartel: <br>Observaciones: <br>Conexiones: (10_A1:52)-(10_B1:52)-(10_C1:52)-(13/22_A1:51)-(20_1:52)-(51_1:64)-<br>Código: 0718<br>Coordenadas: -41.0806494 -71.4640731<br>Garita: <br>Cartel: <br>Observaciones: <br>Conexiones: (10_A1:52)-(10_B1:52)-(10_C1:52)-(13/22_A1:51)-(20_1:52)-(51_1:64)-"},"styleUrl":"#icon-1739-E65100","icon-scale":1,"icon":"images/icon-1.png","descripción":"Código: 0718\nCoordenadas: -41.0806494 -71.4640731\nGarita: \nCartel: \nObservaciones: \nConexiones: (10_A1:52)-(10_B1:52)-(10_C1:52)-(13/22_A1:51)-(20_1:52)-(51_1:64)-","Código":"0718","Coordenadas":"-41.0806494 -71.4640731","Garita":"","Cartel":"","Observaciones":"","Conexiones":"(10_A1:52)-(10_B1:52)-(10_C1:52)-(13/22_A1:51)-(20_1:52)-(51_1:64)-"}},
{"type":"Feature","geometry":{"type":"Point","coordinates":[-71.464446,-41.078454,0]},"properties":{"name":"Av. Bustillo y Jorge Cafrune -a","description":{"@type":"html","value":"descripción: Código: 0719<br>Coordenadas: -41.0784544 -71.4644464<br>Garita: <br>Cartel: <br>Observaciones: <br>Conexiones: (10_A1:53)-(10_B1:53)-(10_C1:53)-(13/22_A1:52)-(20_1:53)-(51_1:65)-<br>Código: 0719<br>Coordenadas: -41.0784544 -71.4644464<br>Garita: <br>Cartel: <br>Observaciones: <br>Conexiones: (10_A1:53)-(10_B1:53)-(10_C1:53)-(13/22_A1:52)-(20_1:53)-(51_1:65)-"},"styleUrl":"#icon-1739-E65100","icon-scale":1,"icon":"images/icon-1.png","descripción":"Código: 0719\nCoordenadas: -41.0784544 -71.4644464\nGarita: \nCartel: \nObservaciones: \nConexiones: (10_A1:53)-(10_B1:53)-(10_C1:53)-(13/22_A1:52)-(20_1:53)-(51_1:65)-","Código":"0719","Coordenadas":"-41.0784544 -71.4644464","Garita":"","Cartel":"","Observaciones":"","Conexiones":"(10_A1:53)-(10_B1:53)-(10_C1:53)-(13/22_A1:52)-(20_1:53)-(51_1:65)-"}},
{"type":"Feature","geometry":{"type":"Point","coordinates":[-71.469405,-41.07308,0]},"properties":{"name":"Av. Bustillo Km.17.100 -a","description":{"@type":"html","value":"descripción: Código: 0720<br>Coordenadas: -41.0730801 -71.4694049<br>Garita: 1<br>Cartel: <br>Observaciones: <br>Conexiones: (10_A1:54)-(10_B1:54)-(10_C1:54)-(13/22_A1:53)-(20_1:54)-(51_1:66)-<br>Código: 0720<br>Coordenadas: -41.0730801 -71.4694049<br>Garita: 1.0<br>Cartel: <br>Observaciones: <br>Conexiones: (10_A1:54)-(10_B1:54)-(10_C1:54)-(13/22_A1:53)-(20_1:54)-(51_1:66)-"},"styleUrl":"#icon-1739-E65100","icon-scale":1,"icon":"images/icon-1.png","descripción":"Código: 0720\nCoordenadas: -41.0730801 -71.4694049\nGarita: 1\nCartel: \nObservaciones: \nConexiones: (10_A1:54)-(10_B1:54)-(10_C1:54)-(13/22_A1:53)-(20_1:54)-(51_1:66)-","Código":"0720","Coordenadas":"-41.0730801 -71.4694049","Garita":"1.0","Cartel":"","Observaciones":"","Conexiones":"(10_A1:54)-(10_B1:54)-(10_C1:54)-(13/22_A1:53)-(20_1:54)-(51_1:66)-"}},
{"type":"Feature","geometry":{"type":"Point","coordinates":[-71.473528,-41.070096,0]},"properties":{"name":"Av. Bustillo y Cerro Campanario -a","description":{"@type":"html","value":"descripción: Código: 0721<br>Coordenadas: -41.0700957 -71.4735276<br>Garita: 1<br>Cartel: <br>Observaciones: <br>Conexiones: (10_A1:55)-(10_B1:55)-(10_C1:55)-(13/22_A1:54)-(20_1:55)-(51_1:67)-<br>Código: 0721<br>Coordenadas: -41.0700957 -71.4735276<br>Garita: 1.0<br>Cartel: <br>Observaciones: <br>Conexiones: (10_A1:55)-(10_B1:55)-(10_C1:55)-(13/22_A1:54)-(20_1:55)-(51_1:67)-"},"styleUrl":"#icon-1739-E65100","icon-scale":1,"icon":"images/icon-1.png","descripción":"Código: 0721\nCoordenadas: -41.0700957 -71.4735276\nGarita: 1\nCartel: \nObservaciones: \nConexiones: (10_A1:55)-(10_B1:55)-(10_C1:55)-(13/22_A1:54)-(20_1:55)-(51_1:67)-","Código":"0721","Coordenadas":"-41.0700957 -71.4735276","Garita":"1.0","Cartel":"","Observaciones":"","Conexiones":"(10_A1:55)-(10_B1:55)-(10_C1:55)-(13/22_A1:54)-(20_1:55)-(51_1:67)-"}},
{"type":"Feature","geometry":{"type":"Point","coordinates":[-71.479032,-41.068686,0]},"properties":{"name":"Av. Bustillo y Altué","description":{"@type":"html","value":"descripción: Código: 0722<br>Coordenadas: -41.0686856 -71.4790319<br>Garita: <br>Cartel: <br>Observaciones: <br>Conexiones: (10_A1:56)-(10_B1:56)-(10_C1:56)-(13/22_A1:55)-(20_1:56)-(51_1:68)-<br>Código: 0722<br>Coordenadas: -41.0686856 -71.4790319<br>Garita: <br>Cartel: <br>Observaciones: <br>Conexiones: (10_A1:56)-(10_B1:56)-(10_C1:56)-(13/22_A1:55)-(20_1:56)-(51_1:68)-"},"styleUrl":"#icon-1739-E65100","icon-scale":1,"icon":"images/icon-1.png","descripción":"Código: 0722\nCoordenadas: -41.0686856 -71.4790319\nGarita: \nCartel: \nObservaciones: \nConexiones: (10_A1:56)-(10_B1:56)-(10_C1:56)-(13/22_A1:55)-(20_1:56)-(51_1:68)-","Código":"0722","Coordenadas":"-41.0686856 -71.4790319","Garita":"","Cartel":"","Observaciones":"","Conexiones":"(10_A1:56)-(10_B1:56)-(10_C1:56)-(13/22_A1:55)-(20_1:56)-(51_1:68)-"}},
{"type":"Feature","geometry":{"type":"Point","coordinates":[-71.485298,-41.066274,0]},"properties":{"name":"Av. Bustillo Km.18.600 -a","description":{"@type":"html","value":"descripción: Código: 0724<br>Coordenadas: -41.0662744 -71.4852977<br>Garita: <br>Cartel: <br>Observaciones: <br>Conexiones: (13/22_A1:57)-(13/22_B1:20)-(22_C:2)-(20_1:58)-<br>Código: 0724<br>Coordenadas: -41.0662744 -71.4852977<br>Garita: <br>Cartel: <br>Observaciones: <br>Conexiones: (13/22_A1:57)-(13/22_B1:20)-(22_C:2)-(20_1:58)-"},"styleUrl":"#icon-1739-E65100","icon-scale":1,"icon":"images/icon-1.png","descripción":"Código: 0724\nCoordenadas: -41.0662744 -71.4852977\nGarita: \nCartel: \nObservaciones: \nConexiones: (13/22_A1:57)-(13/22_B1:20)-(22_C:2)-(20_1:58)-","Código":"0724","Coordenadas":"-41.0662744 -71.4852977","Garita":"","Cartel":"","Observaciones":"","Conexiones":"(13/22_A1:57)-(13/22_B1:20)-(22_C:2)-(20_1:58)-"}},
{"type":"Feature","geometry":{"type":"Point","coordinates":[-71.489575,-41.06151,0]},"properties":{"name":"Av. Bustillo Km.19 - Escuela 48 -a","description":{"@type":"html","value":"descripción: Código: 0725<br>Coordenadas: -41.0615095 -71.4895746<br>Garita: 1<br>Cartel: <br>Observaciones: <br>Conexiones: (13/22_A1:58)-(13/22_B1:21)-(22_C:3)-(20_1:59)-<br>Código: 0725<br>Coordenadas: -41.0615095 -71.4895746<br>Garita: 1.0<br>Cartel: <br>Observaciones: <br>Conexiones: (13/22_A1:58)-(13/22_B1:21)-(22_C:3)-(20_1:59)-"},"styleUrl":"#icon-1739-E65100","icon-scale":1,"icon":"images/icon-1.png","descripción":"Código: 0725\nCoordenadas: -41.0615095 -71.4895746\nGarita: 1\nCartel: \nObservaciones: \nConexiones: (13/22_A1:58)-(13/22_B1:21)-(22_C:3)-(20_1:59)-","Código":"0725","Coordenadas":"-41.0615095 -71.4895746","Garita":"1.0","Cartel":"","Observaciones":"","Conexiones":"(13/22_A1:58)-(13/22_B1:21)-(22_C:3)-(20_1:59)-"}},
{"type":"Feature","geometry":{"type":"Point","coordinates":[-71.491519,-41.059162,0]},"properties":{"name":"Av. Bustillo Km.19.700 - Bomberos  -a","description":{"@type":"html","value":"descripción: Código: 0726<br>Coordenadas: -41.0591624 -71.4915188<br>Garita: 1<br>Cartel: <br>Observaciones: <br>Conexiones: (13/22_A1:59)-(13/22_B1:22)-(22_C:4)-(20_1:60)-<br>Código: 0726<br>Coordenadas: -41.0591624 -71.4915188<br>Garita: 1.0<br>Cartel: <br>Observaciones: <br>Conexiones: (13/22_A1:59)-(13/22_B1:22)-(22_C:4)-(20_1:60)-"},"styleUrl":"#icon-1739-E65100","icon-scale":1,"icon":"images/icon-1.png","descripción":"Código: 0726\nCoordenadas: -41.0591624 -71.4915188\nGarita: 1\nCartel: \nObservaciones: \nConexiones: (13/22_A1:59)-(13/22_B1:22)-(22_C:4)-(20_1:60)-","Código":"0726","Coordenadas":"-41.0591624 -71.4915188","Garita":"1.0","Cartel":"","Observaciones":"","Conexiones":"(13/22_A1:59)-(13/22_B1:22)-(22_C:4)-(20_1:60)-"}},
{"type":"Feature","geometry":{"type":"Point","coordinates":[-71.490784,-41.057541,0]},"properties":{"name":"Av. Bustillo Km.20 - a","description":{"@type":"html","value":"descripción: Código: 0727<br>Coordenadas: -41.0575409 -71.4907843<br>Garita: <br>Cartel: <br>Observaciones: <br>Conexiones: (13/22_A1:60)-(13/22_B1:23)-(22_C:5)-(20_1:61)-<br>Código: 0727<br>Coordenadas: -41.0575409 -71.4907843<br>Garita: <br>Cartel: <br>Observaciones: <br>Conexiones: (13/22_A1:60)-(13/22_B1:23)-(22_C:5)-(20_1:61)-"},"styleUrl":"#icon-1739-E65100","icon-scale":1,"icon":"images/icon-1.png","descripción":"Código: 0727\nCoordenadas: -41.0575409 -71.4907843\nGarita: \nCartel: \nObservaciones: \nConexiones: (13/22_A1:60)-(13/22_B1:23)-(22_C:5)-(20_1:61)-","Código":"0727","Coordenadas":"-41.0575409 -71.4907843","Garita":"","Cartel":"","Observaciones":"","Conexiones":"(13/22_A1:60)-(13/22_B1:23)-(22_C:5)-(20_1:61)-"}},
{"type":"Feature","geometry":{"type":"Point","coordinates":[-71.48898,-41.055501,0]},"properties":{"name":"Av. Bustillo y Av. del Campanario -a","description":{"@type":"html","value":"descripción: Código: 0728<br>Coordenadas: -41.0555013 -71.4889799<br>Garita: <br>Cartel: <br>Observaciones: <br>Conexiones: (20_1:62)-<br>Código: 0728<br>Coordenadas: -41.0555013 -71.4889799<br>Garita: <br>Cartel: <br>Observaciones: <br>Conexiones: (20_1:62)-"},"styleUrl":"#icon-1739-E65100","icon-scale":1,"icon":"images/icon-1.png","descripción":"Código: 0728\nCoordenadas: -41.0555013 -71.4889799\nGarita: \nCartel: \nObservaciones: \nConexiones: (20_1:62)-","Código":"0728","Coordenadas":"-41.0555013 -71.4889799","Garita":"","Cartel":"","Observaciones":"","Conexiones":"(20_1:62)-"}},
{"type":"Feature","geometry":{"type":"Point","coordinates":[-71.493656,-41.053274,0]},"properties":{"name":"Av. Bustillo km.21 -a","description":{"@type":"html","value":"descripción: Código: 0729<br>Coordenadas: -41.0532745 -71.4936556<br>Garita: <br>Cartel: <br>Observaciones: <br>Conexiones: (20_1:63)-<br>Código: 0729<br>Coordenadas: -41.0532745 -71.4936556<br>Garita: <br>Cartel: <br>Observaciones: <br>Conexiones: (20_1:63)-"},"styleUrl":"#icon-1739-E65100","icon-scale":1,"icon":"images/icon-1.png","descripción":"Código: 0729\nCoordenadas: -41.0532745 -71.4936556\nGarita: \nCartel: \nObservaciones: \nConexiones: (20_1:63)-","Código":"0729","Coordenadas":"-41.0532745 -71.4936556","Garita":"","Cartel":"","Observaciones":"","Conexiones":"(20_1:63)-"}},
{"type":"Feature","geometry":{"type":"Point","coordinates":[-71.49676,-41.051327,0]},"properties":{"name":"Av. Bustillo Km.21.300 -a","description":{"@type":"html","value":"descripción: Código: 0730<br>Coordenadas: -41.0513266 -71.4967597<br>Garita: <br>Cartel: <br>Observaciones: <br>Conexiones: (20_1:64)-<br>Código: 0730<br>Coordenadas: -41.0513266 -71.4967597<br>Garita: <br>Cartel: <br>Observaciones: <br>Conexiones: (20_1:64)-"},"styleUrl":"#icon-1739-E65100","icon-scale":1,"icon":"images/icon-1.png","descripción":"Código: 0730\nCoordenadas: -41.0513266 -71.4967597\nGarita: \nCartel: \nObservaciones: \nConexiones: (20_1:64)-","Código":"0730","Coordenadas":"-41.0513266 -71.4967597","Garita":"","Cartel":"","Observaciones":"","Conexiones":"(20_1:64)-"}},
{"type":"Feature","geometry":{"type":"Point","coordinates":[-71.499801,-41.050315,0]},"properties":{"name":"Av. Bustillo Km.21.500 -a","description":{"@type":"html","value":"descripción: Código: 0731<br>Coordenadas: -41.0503149 -71.4998009<br>Garita: <br>Cartel: <br>Observaciones: <br>Conexiones: (20_1:65)-<br>Código: 0731<br>Coordenadas: -41.0503149 -71.4998009<br>Garita: <br>Cartel: <br>Observaciones: <br>Conexiones: (20_1:65)-"},"styleUrl":"#icon-1739-E65100","icon-scale":1,"icon":"images/icon-1.png","descripción":"Código: 0731\nCoordenadas: -41.0503149 -71.4998009\nGarita: \nCartel: \nObservaciones: \nConexiones: (20_1:65)-","Código":"0731","Coordenadas":"-41.0503149 -71.4998009","Garita":"","Cartel":"","Observaciones":"","Conexiones":"(20_1:65)-"}},
{"type":"Feature","geometry":{"type":"Point","coordinates":[-71.506256,-41.045763,0]},"properties":{"name":"Av. Bustillo Km.22.500 -a","description":{"@type":"html","value":"descripción: Código: 0732<br>Coordenadas: -41.0457628 -71.5062558<br>Garita: <br>Cartel: <br>Observaciones: <br>Conexiones: (20_1:66)-<br>Código: 0732<br>Coordenadas: -41.0457628 -71.5062558<br>Garita: <br>Cartel: <br>Observaciones: <br>Conexiones: (20_1:66)-"},"styleUrl":"#icon-1739-E65100","icon-scale":1,"icon":"images/icon-1.png","descripción":"Código: 0732\nCoordenadas: -41.0457628 -71.5062558\nGarita: \nCartel: \nObservaciones: \nConexiones: (20_1:66)-","Código":"0732","Coordenadas":"-41.0457628 -71.5062558","Garita":"","Cartel":"","Observaciones":"","Conexiones":"(20_1:66)-"}},
{"type":"Feature","geometry":{"type":"Point","coordinates":[-71.511371,-41.045811,0]},"properties":{"name":"Av. Bustillo Km.22.900 -a","description":{"@type":"html","value":"descripción: Código: 0733<br>Coordenadas: -41.0458111 -71.5113712<br>Garita: <br>Cartel: <br>Observaciones: <br>Conexiones: (20_1:67)-<br>Código: 0733<br>Coordenadas: -41.0458111 -71.5113712<br>Garita: <br>Cartel: <br>Observaciones: <br>Conexiones: (20_1:67)-"},"styleUrl":"#icon-1739-E65100","icon-scale":1,"icon":"images/icon-1.png","descripción":"Código: 0733\nCoordenadas: -41.0458111 -71.5113712\nGarita: \nCartel: \nObservaciones: \nConexiones: (20_1:67)-","Código":"0733","Coordenadas":"-41.0458111 -71.5113712","Garita":"","Cartel":"","Observaciones":"","Conexiones":"(20_1:67)-"}},
{"type":"Feature","geometry":{"type":"Point","coordinates":[-71.51326,-41.045524,0]},"properties":{"name":"Av. Bustillo Km.23 -a","description":{"@type":"html","value":"descripción: Código: 0734<br>Coordenadas: -41.0455241 -71.5132603<br>Garita: <br>Cartel: <br>Observaciones: <br>Conexiones: (20_1:68)-<br>Código: 0734<br>Coordenadas: -41.0455241 -71.5132603<br>Garita: <br>Cartel: <br>Observaciones: <br>Conexiones: (20_1:68)-"},"styleUrl":"#icon-1739-E65100","icon-scale":1,"icon":"images/icon-1.png","descripción":"Código: 0734\nCoordenadas: -41.0455241 -71.5132603\nGarita: \nCartel: \nObservaciones: \nConexiones: (20_1:68)-","Código":"0734","Coordenadas":"-41.0455241 -71.5132603","Garita":"","Cartel":"","Observaciones":"","Conexiones":"(20_1:68)-"}},
{"type":"Feature","geometry":{"type":"Point","coordinates":[-71.516542,-41.044407,0]},"properties":{"name":"Av. Bustillo Km.23.400 -a","description":{"@type":"html","value":"descripción: Código: 0735<br>Coordenadas: -41.0444067 -71.5165421<br>Garita: <br>Cartel: <br>Observaciones: <br>Conexiones: (20_1:69)-<br>Código: 0735<br>Coordenadas: -41.0444067 -71.5165421<br>Garita: <br>Cartel: <br>Observaciones: <br>Conexiones: (20_1:69)-"},"styleUrl":"#icon-1739-E65100","icon-scale":1,"icon":"images/icon-1.png","descripción":"Código: 0735\nCoordenadas: -41.0444067 -71.5165421\nGarita: \nCartel: \nObservaciones: \nConexiones: (20_1:69)-","Código":"0735","Coordenadas":"-41.0444067 -71.5165421","Garita":"","Cartel":"","Observaciones":"","Conexiones":"(20_1:69)-"}},
{"type":"Feature","geometry":{"type":"Point","coordinates":[-71.518968,-41.045537,0]},"properties":{"name":"Av. Bustillo Km.23.600 -a","description":{"@type":"html","value":"descripción: Código: 0736<br>Coordenadas: -41.0455366 -71.5189677<br>Garita: <br>Cartel: <br>Observaciones: <br>Conexiones: (20_1:70)-<br>Código: 0736<br>Coordenadas: -41.0455366 -71.5189677<br>Garita: <br>Cartel: <br>Observaciones: <br>Conexiones: (20_1:70)-"},"styleUrl":"#icon-1739-E65100","icon-scale":1,"icon":"images/icon-1.png","descripción":"Código: 0736\nCoordenadas: -41.0455366 -71.5189677\nGarita: \nCartel: \nObservaciones: \nConexiones: (20_1:70)-","Código":"0736","Coordenadas":"-41.0455366 -71.5189677","Garita":"","Cartel":"","Observaciones":"","Conexiones":"(20_1:70)-"}},
{"type":"Feature","geometry":{"type":"Point","coordinates":[-71.522016,-41.047576,0]},"properties":{"name":"Av. Bustillo Km.24 -a","description":{"@type":"html","value":"descripción: Código: 0737<br>Coordenadas: -41.0475765 -71.5220165<br>Garita: 1<br>Cartel: <br>Observaciones: <br>Conexiones: (20_1:71)-<br>Código: 0737<br>Coordenadas: -41.0475765 -71.5220165<br>Garita: 1.0<br>Cartel: <br>Observaciones: <br>Conexiones: (20_1:71)-"},"styleUrl":"#icon-1739-E65100","icon-scale":1,"icon":"images/icon-1.png","descripción":"Código: 0737\nCoordenadas: -41.0475765 -71.5220165\nGarita: 1\nCartel: \nObservaciones: \nConexiones: (20_1:71)-","Código":"0737","Coordenadas":"-41.0475765 -71.5220165","Garita":"1.0","Cartel":"","Observaciones":"","Conexiones":"(20_1:71)-"}},
{"type":"Feature","geometry":{"type":"Point","coordinates":[-71.522277,-41.048994,0]},"properties":{"name":"Av. Bustillo Km.24.300 -a","description":{"@type":"html","value":"descripción: Código: 0738<br>Coordenadas: -41.0489944 -71.5222771<br>Garita: <br>Cartel: <br>Observaciones: <br>Conexiones: (20_1:72)-<br>Código: 0738<br>Coordenadas: -41.0489944 -71.5222771<br>Garita: <br>Cartel: <br>Observaciones: <br>Conexiones: (20_1:72)-"},"styleUrl":"#icon-1739-E65100","icon-scale":1,"icon":"images/icon-1.png","descripción":"Código: 0738\nCoordenadas: -41.0489944 -71.5222771\nGarita: \nCartel: \nObservaciones: \nConexiones: (20_1:72)-","Código":"0738","Coordenadas":"-41.0489944 -71.5222771","Garita":"","Cartel":"","Observaciones":"","Conexiones":"(20_1:72)-"}},
{"type":"Feature","geometry":{"type":"Point","coordinates":[-71.522894,-41.050873,0]},"properties":{"name":"Av. Bustillo Km.24.500 -a","description":{"@type":"html","value":"descripción: Código: 0739<br>Coordenadas: -41.0508733 -71.5228944<br>Garita: <br>Cartel: <br>Observaciones: <br>Conexiones: (20_1:73)-<br>Código: 0739<br>Coordenadas: -41.0508733 -71.5228944<br>Garita: <br>Cartel: <br>Observaciones: <br>Conexiones: (20_1:73)-"},"styleUrl":"#icon-1739-E65100","icon-scale":1,"icon":"images/icon-1.png","descripción":"Código: 0739\nCoordenadas: -41.0508733 -71.5228944\nGarita: \nCartel: \nObservaciones: \nConexiones: (20_1:73)-","Código":"0739","Coordenadas":"-41.0508733 -71.5228944","Garita":"","Cartel":"","Observaciones":"","Conexiones":"(20_1:73)-"}},
{"type":"Feature","geometry":{"type":"Point","coordinates":[-71.525013,-41.051682,0]},"properties":{"name":"Av. Bustillo Km.24.700 - Puesto Policial -a","description":{"@type":"html","value":"descripción: Código: 0740<br>Coordenadas: -41.0516815 -71.5250133<br>Garita: <br>Cartel: <br>Observaciones: <br>Conexiones: (20_1:74)-<br>Código: 0740<br>Coordenadas: -41.0516815 -71.5250133<br>Garita: <br>Cartel: <br>Observaciones: <br>Conexiones: (20_1:74)-"},"styleUrl":"#icon-1739-E65100","icon-scale":1,"icon":"images/icon-1.png","descripción":"Código: 0740\nCoordenadas: -41.0516815 -71.5250133\nGarita: \nCartel: \nObservaciones: \nConexiones: (20_1:74)-","Código":"0740","Coordenadas":"-41.0516815 -71.5250133","Garita":"","Cartel":"","Observaciones":"","Conexiones":"(20_1:74)-"}},
{"type":"Feature","geometry":{"type":"Point","coordinates":[-71.527741,-41.053615,0]},"properties":{"name":"Av. Bustillo Km.25 -a","description":{"@type":"html","value":"descripción: Código: 0741<br>Coordenadas: -41.0536154 -71.5277408<br>Garita: <br>Cartel: <br>Observaciones: <br>Conexiones: (20_1:75)-<br>Código: 0741<br>Coordenadas: -41.0536154 -71.5277408<br>Garita: <br>Cartel: <br>Observaciones: <br>Conexiones: (20_1:75)-"},"styleUrl":"#icon-1739-E65100","icon-scale":1,"icon":"images/icon-1.png","descripción":"Código: 0741\nCoordenadas: -41.0536154 -71.5277408\nGarita: \nCartel: \nObservaciones: \nConexiones: (20_1:75)-","Código":"0741","Coordenadas":"-41.0536154 -71.5277408","Garita":"","Cartel":"","Observaciones":"","Conexiones":"(20_1:75)-"}},
{"type":"Feature","geometry":{"type":"Point","coordinates":[-71.530359,-41.054742,0]},"properties":{"name":"Av. Bustillo - Puerto Pañuelo -a","description":{"@type":"html","value":"descripción: Código: 0742<br>Coordenadas: -41.0547417 -71.5303588<br>Garita: 1<br>Cartel: <br>Observaciones: <br>Conexiones: (20_1:76)-<br>Código: 0742<br>Coordenadas: -41.0547417 -71.5303588<br>Garita: 1.0<br>Cartel: <br>Observaciones: <br>Conexiones: (20_1:76)-"},"styleUrl":"#icon-1739-E65100","icon-scale":1,"icon":"images/icon-1.png","descripción":"Código: 0742\nCoordenadas: -41.0547417 -71.5303588\nGarita: 1\nCartel: \nObservaciones: \nConexiones: (20_1:76)-","Código":"0742","Coordenadas":"-41.0547417 -71.5303588","Garita":"1.0","Cartel":"","Observaciones":"","Conexiones":"(20_1:76)-"}},
{"type":"Feature","geometry":{"type":"Point","coordinates":[-71.531134,-41.058955,0]},"properties":{"name":"Giuseppe Verdi y Cabecera Hotel Llao Llao -a","description":{"@type":"html","value":"descripción: Código: 0744<br>Coordenadas: -41.0589551 -71.5311335<br>Garita: <br>Cartel: <br>Observaciones: <br>Conexiones: (20_1:77)-<br>Código: 0744<br>Coordenadas: -41.0589551 -71.5311335<br>Garita: <br>Cartel: <br>Observaciones: <br>Conexiones: (20_1:77)-"},"styleUrl":"#icon-1739-E65100","icon-scale":1,"icon":"images/icon-1.png","descripción":"Código: 0744\nCoordenadas: -41.0589551 -71.5311335\nGarita: \nCartel: \nObservaciones: \nConexiones: (20_1:77)-","Código":"0744","Coordenadas":"-41.0589551 -71.5311335","Garita":"","Cartel":"","Observaciones":"","Conexiones":"(20_1:77)-"}},
{"type":"Feature","geometry":{"type":"Point","coordinates":[-71.531057,-41.059123,0]},"properties":{"name":"Giuseppe Verdi y Cabecera Hotel Llao Llao -b","description":{"@type":"html","value":"descripción: Código: 0801<br>Coordenadas: -41.0591227 -71.5310569<br>Garita: <br>Cartel: <br>Observaciones: <br>Conexiones: (20_2:1)-<br>Código: 0801<br>Coordenadas: -41.0591227 -71.5310569<br>Garita: <br>Cartel: <br>Observaciones: <br>Conexiones: (20_2:1)-"},"styleUrl":"#icon-1739-E65100","icon-scale":1,"icon":"images/icon-1.png","descripción":"Código: 0801\nCoordenadas: -41.0591227 -71.5310569\nGarita: \nCartel: \nObservaciones: \nConexiones: (20_2:1)-","Código":"0801","Coordenadas":"-41.0591227 -71.5310569","Garita":"","Cartel":"","Observaciones":"","Conexiones":"(20_2:1)-"}},
{"type":"Feature","geometry":{"type":"Point","coordinates":[-71.530275,-41.054947,0]},"properties":{"name":"Av. Bustillo - Puerto Pañuelo -b","description":{"@type":"html","value":"descripción: Código: 0802<br>Coordenadas: -41.054947 -71.5302749<br>Garita: 1<br>Cartel: <br>Observaciones: <br>Conexiones: (20_2:2)-<br>Código: 0802<br>Coordenadas: -41.054947 -71.5302749<br>Garita: 1.0<br>Cartel: <br>Observaciones: <br>Conexiones: (20_2:2)-"},"styleUrl":"#icon-1739-E65100","icon-scale":1,"icon":"images/icon-1.png","descripción":"Código: 0802\nCoordenadas: -41.054947 -71.5302749\nGarita: 1\nCartel: \nObservaciones: \nConexiones: (20_2:2)-","Código":"0802","Coordenadas":"-41.054947 -71.5302749","Garita":"1.0","Cartel":"","Observaciones":"","Conexiones":"(20_2:2)-"}},
{"type":"Feature","geometry":{"type":"Point","coordinates":[-71.527477,-41.053725,0]},"properties":{"name":"Av. Bustillo Km.25 -b","description":{"@type":"html","value":"descripción: Código: 0803<br>Coordenadas: -41.0537249 -71.5274767<br>Garita: <br>Cartel: <br>Observaciones: <br>Conexiones: (20_2:3)-<br>Código: 0803<br>Coordenadas: -41.0537249 -71.5274767<br>Garita: <br>Cartel: <br>Observaciones: <br>Conexiones: (20_2:3)-"},"styleUrl":"#icon-1739-E65100","icon-scale":1,"icon":"images/icon-1.png","descripción":"Código: 0803\nCoordenadas: -41.0537249 -71.5274767\nGarita: \nCartel: \nObservaciones: \nConexiones: (20_2:3)-","Código":"0803","Coordenadas":"-41.0537249 -71.5274767","Garita":"","Cartel":"","Observaciones":"","Conexiones":"(20_2:3)-"}},
{"type":"Feature","geometry":{"type":"Point","coordinates":[-71.524908,-41.051882,0]},"properties":{"name":"Av. Bustillo Km.24.700 - Puesto Policial -b","description":{"@type":"html","value":"descripción: Código: 0804<br>Coordenadas: -41.0518825 -71.5249078<br>Garita: 1<br>Cartel: <br>Observaciones: <br>Conexiones: (20_2:4)-<br>Código: 0804<br>Coordenadas: -41.0518825 -71.5249078<br>Garita: 1.0<br>Cartel: <br>Observaciones: <br>Conexiones: (20_2:4)-"},"styleUrl":"#icon-1739-E65100","icon-scale":1,"icon":"images/icon-1.png","descripción":"Código: 0804\nCoordenadas: -41.0518825 -71.5249078\nGarita: 1\nCartel: \nObservaciones: \nConexiones: (20_2:4)-","Código":"0804","Coordenadas":"-41.0518825 -71.5249078","Garita":"1.0","Cartel":"","Observaciones":"","Conexiones":"(20_2:4)-"}},
{"type":"Feature","geometry":{"type":"Point","coordinates":[-71.522472,-41.050821,0]},"properties":{"name":"Av. Bustillo Km.24.300 -b","description":{"@type":"html","value":"descripción: Código: 0805<br>Coordenadas: -41.0508213 -71.5224721<br>Garita: 1<br>Cartel: <br>Observaciones: <br>Conexiones: (20_2:5)-<br>Código: 0805<br>Coordenadas: -41.0508213 -71.5224721<br>Garita: 1.0<br>Cartel: <br>Observaciones: <br>Conexiones: (20_2:5)-"},"styleUrl":"#icon-1739-E65100","icon-scale":1,"icon":"images/icon-1.png","descripción":"Código: 0805\nCoordenadas: -41.0508213 -71.5224721\nGarita: 1\nCartel: \nObservaciones: \nConexiones: (20_2:5)-","Código":"0805","Coordenadas":"-41.0508213 -71.5224721","Garita":"1.0","Cartel":"","Observaciones":"","Conexiones":"(20_2:5)-"}},
{"type":"Feature","geometry":{"type":"Point","coordinates":[-71.521984,-41.049007,0]},"properties":{"name":"Av. Bustillo Km.24.300 -b","description":{"@type":"html","value":"descripción: Código: 0806<br>Coordenadas: -41.0490068 -71.5219836<br>Garita: <br>Cartel: <br>Observaciones: <br>Conexiones: (20_2:6)-<br>Código: 0806<br>Coordenadas: -41.0490068 -71.5219836<br>Garita: <br>Cartel: <br>Observaciones: <br>Conexiones: (20_2:6)-"},"styleUrl":"#icon-1739-E65100","icon-scale":1,"icon":"images/icon-1.png","descripción":"Código: 0806\nCoordenadas: -41.0490068 -71.5219836\nGarita: \nCartel: \nObservaciones: \nConexiones: (20_2:6)-","Código":"0806","Coordenadas":"-41.0490068 -71.5219836","Garita":"","Cartel":"","Observaciones":"","Conexiones":"(20_2:6)-"}},
{"type":"Feature","geometry":{"type":"Point","coordinates":[-71.521832,-41.047588,0]},"properties":{"name":"Av. Bustillo Km.24 -b","description":{"@type":"html","value":"descripción: Código: 0807<br>Coordenadas: -41.0475876 -71.521832<br>Garita: <br>Cartel: 1<br>Observaciones: <br>Conexiones: (20_2:7)-<br>Código: 0807<br>Coordenadas: -41.0475876 -71.521832<br>Garita: <br>Cartel: 1.0<br>Observaciones: <br>Conexiones: (20_2:7)-"},"styleUrl":"#icon-1739-E65100","icon-scale":1,"icon":"images/icon-1.png","descripción":"Código: 0807\nCoordenadas: -41.0475876 -71.521832\nGarita: \nCartel: 1\nObservaciones: \nConexiones: (20_2:7)-","Código":"0807","Coordenadas":"-41.0475876 -71.521832","Garita":"","Cartel":"1.0","Observaciones":"","Conexiones":"(20_2:7)-"}},
{"type":"Feature","geometry":{"type":"Point","coordinates":[-71.518949,-41.045754,0]},"properties":{"name":"Av. Bustillo Km.23.600 -b","description":{"@type":"html","value":"descripción: Código: 0808<br>Coordenadas: -41.0457536 -71.5189493<br>Garita: <br>Cartel: <br>Observaciones: <br>Conexiones: (20_2:8)-<br>Código: 0808<br>Coordenadas: -41.0457536 -71.5189493<br>Garita: <br>Cartel: <br>Observaciones: <br>Conexiones: (20_2:8)-"},"styleUrl":"#icon-1739-E65100","icon-scale":1,"icon":"images/icon-1.png","descripción":"Código: 0808\nCoordenadas: -41.0457536 -71.5189493\nGarita: \nCartel: \nObservaciones: \nConexiones: (20_2:8)-","Código":"0808","Coordenadas":"-41.0457536 -71.5189493","Garita":"","Cartel":"","Observaciones":"","Conexiones":"(20_2:8)-"}},
{"type":"Feature","geometry":{"type":"Point","coordinates":[-71.51639,-41.044509,0]},"properties":{"name":"Av. Bustillo Km.23.400 -b","description":{"@type":"html","value":"descripción: Código: 0809<br>Coordenadas: -41.0445086 -71.5163896<br>Garita: 1<br>Cartel: <br>Observaciones: <br>Conexiones: (20_2:9)-<br>Código: 0809<br>Coordenadas: -41.0445086 -71.5163896<br>Garita: 1.0<br>Cartel: <br>Observaciones: <br>Conexiones: (20_2:9)-"},"styleUrl":"#icon-1739-E65100","icon-scale":1,"icon":"images/icon-1.png","descripción":"Código: 0809\nCoordenadas: -41.0445086 -71.5163896\nGarita: 1\nCartel: \nObservaciones: \nConexiones: (20_2:9)-","Código":"0809","Coordenadas":"-41.0445086 -71.5163896","Garita":"1.0","Cartel":"","Observaciones":"","Conexiones":"(20_2:9)-"}},
{"type":"Feature","geometry":{"type":"Point","coordinates":[-71.513247,-41.045722,0]},"properties":{"name":"Av. Bustillo Km.23 -b","description":{"@type":"html","value":"descripción: Código: 0810<br>Coordenadas: -41.0457225 -71.5132466<br>Garita: 1<br>Cartel: <br>Observaciones: <br>Conexiones: (20_2:10)-<br>Código: 0810<br>Coordenadas: -41.0457225 -71.5132466<br>Garita: 1.0<br>Cartel: <br>Observaciones: <br>Conexiones: (20_2:10)-"},"styleUrl":"#icon-1739-E65100","icon-scale":1,"icon":"images/icon-1.png","descripción":"Código: 0810\nCoordenadas: -41.0457225 -71.5132466\nGarita: 1\nCartel: \nObservaciones: \nConexiones: (20_2:10)-","Código":"0810","Coordenadas":"-41.0457225 -71.5132466","Garita":"1.0","Cartel":"","Observaciones":"","Conexiones":"(20_2:10)-"}},
{"type":"Feature","geometry":{"type":"Point","coordinates":[-71.511292,-41.046024,0]},"properties":{"name":"Av. Bustillo Km.22.900 -b","description":{"@type":"html","value":"descripción: Código: 0811<br>Coordenadas: -41.0460244 -71.5112915<br>Garita: 1<br>Cartel: <br>Observaciones: <br>Conexiones: (20_2:11)-<br>Código: 0811<br>Coordenadas: -41.0460244 -71.5112915<br>Garita: 1.0<br>Cartel: <br>Observaciones: <br>Conexiones: (20_2:11)-"},"styleUrl":"#icon-1739-E65100","icon-scale":1,"icon":"images/icon-1.png","descripción":"Código: 0811\nCoordenadas: -41.0460244 -71.5112915\nGarita: 1\nCartel: \nObservaciones: \nConexiones: (20_2:11)-","Código":"0811","Coordenadas":"-41.0460244 -71.5112915","Garita":"1.0","Cartel":"","Observaciones":"","Conexiones":"(20_2:11)-"}},
{"type":"Feature","geometry":{"type":"Point","coordinates":[-71.506248,-41.045997,0]},"properties":{"name":"Av. Bustillo Km.22.500 -b","description":{"@type":"html","value":"descripción: Código: 0812<br>Coordenadas: -41.045997 -71.5062475<br>Garita: <br>Cartel: <br>Observaciones: <br>Conexiones: (20_2:12)-<br>Código: 0812<br>Coordenadas: -41.045997 -71.5062475<br>Garita: <br>Cartel: <br>Observaciones: <br>Conexiones: (20_2:12)-"},"styleUrl":"#icon-1739-E65100","icon-scale":1,"icon":"images/icon-1.png","descripción":"Código: 0812\nCoordenadas: -41.045997 -71.5062475\nGarita: \nCartel: \nObservaciones: \nConexiones: (20_2:12)-","Código":"0812","Coordenadas":"-41.045997 -71.5062475","Garita":"","Cartel":"","Observaciones":"","Conexiones":"(20_2:12)-"}},
{"type":"Feature","geometry":{"type":"Point","coordinates":[-71.499898,-41.050477,0]},"properties":{"name":"Av. Bustillo Km.21.500 -b","description":{"@type":"html","value":"descripción: Código: 0813<br>Coordenadas: -41.0504771 -71.4998976<br>Garita: <br>Cartel: <br>Observaciones: <br>Conexiones: (20_2:13)-<br>Código: 0813<br>Coordenadas: -41.0504771 -71.4998976<br>Garita: <br>Cartel: <br>Observaciones: <br>Conexiones: (20_2:13)-"},"styleUrl":"#icon-1739-E65100","icon-scale":1,"icon":"images/icon-1.png","descripción":"Código: 0813\nCoordenadas: -41.0504771 -71.4998976\nGarita: \nCartel: \nObservaciones: \nConexiones: (20_2:13)-","Código":"0813","Coordenadas":"-41.0504771 -71.4998976","Garita":"","Cartel":"","Observaciones":"","Conexiones":"(20_2:13)-"}},
{"type":"Feature","geometry":{"type":"Point","coordinates":[-71.496924,-41.051526,0]},"properties":{"name":"Av. Bustillo Km.21.300 -b","description":{"@type":"html","value":"descripción: Código: 0814<br>Coordenadas: -41.0515258 -71.4969236<br>Garita: <br>Cartel: <br>Observaciones: <br>Conexiones: (20_2:14)-<br>Código: 0814<br>Coordenadas: -41.0515258 -71.4969236<br>Garita: <br>Cartel: <br>Observaciones: <br>Conexiones: (20_2:14)-"},"styleUrl":"#icon-1739-E65100","icon-scale":1,"icon":"images/icon-1.png","descripción":"Código: 0814\nCoordenadas: -41.0515258 -71.4969236\nGarita: \nCartel: \nObservaciones: \nConexiones: (20_2:14)-","Código":"0814","Coordenadas":"-41.0515258 -71.4969236","Garita":"","Cartel":"","Observaciones":"","Conexiones":"(20_2:14)-"}},
{"type":"Feature","geometry":{"type":"Point","coordinates":[-71.493902,-41.053317,0]},"properties":{"name":"Av. Bustillo km.21 -b","description":{"@type":"html","value":"descripción: Código: 0815<br>Coordenadas: -41.0533171 -71.4939022<br>Garita: 1<br>Cartel: <br>Observaciones: <br>Conexiones: (20_2:15)-<br>Código: 0815<br>Coordenadas: -41.0533171 -71.4939022<br>Garita: 1.0<br>Cartel: <br>Observaciones: <br>Conexiones: (20_2:15)-"},"styleUrl":"#icon-1739-E65100","icon-scale":1,"icon":"images/icon-1.png","descripción":"Código: 0815\nCoordenadas: -41.0533171 -71.4939022\nGarita: 1\nCartel: \nObservaciones: \nConexiones: (20_2:15)-","Código":"0815","Coordenadas":"-41.0533171 -71.4939022","Garita":"1.0","Cartel":"","Observaciones":"","Conexiones":"(20_2:15)-"}},
{"type":"Feature","geometry":{"type":"Point","coordinates":[-71.489167,-41.055534,0]},"properties":{"name":"Av. Bustillo y Av. del Campanario -b","description":{"@type":"html","value":"descripción: Código: 0816<br>Coordenadas: -41.0555345 -71.4891668<br>Garita: 1<br>Cartel: <br>Observaciones: <br>Conexiones: (20_2:16)-<br>Código: 0816<br>Coordenadas: -41.0555345 -71.4891668<br>Garita: 1.0<br>Cartel: <br>Observaciones: <br>Conexiones: (20_2:16)-"},"styleUrl":"#icon-1739-E65100","icon-scale":1,"icon":"images/icon-1.png","descripción":"Código: 0816\nCoordenadas: -41.0555345 -71.4891668\nGarita: 1\nCartel: \nObservaciones: \nConexiones: (20_2:16)-","Código":"0816","Coordenadas":"-41.0555345 -71.4891668","Garita":"1.0","Cartel":"","Observaciones":"","Conexiones":"(20_2:16)-"}},
{"type":"Feature","geometry":{"type":"Point","coordinates":[-71.491296,-41.057716,0]},"properties":{"name":"Av. Bustillo Km.20 - b","description":{"@type":"html","value":"descripción: Código: 0817<br>Coordenadas: -41.0577155 -71.491296<br>Garita: 1<br>Cartel: <br>Observaciones: <br>Conexiones: (13/22_A2:16)-(13/22_B2:16)-(20_2:17)-<br>Código: 0817<br>Coordenadas: -41.0577155 -71.491296<br>Garita: 1.0<br>Cartel: <br>Observaciones: <br>Conexiones: (13/22_A2:16)-(13/22_B2:16)-(20_2:17)-"},"styleUrl":"#icon-1739-E65100","icon-scale":1,"icon":"images/icon-1.png","descripción":"Código: 0817\nCoordenadas: -41.0577155 -71.491296\nGarita: 1\nCartel: \nObservaciones: \nConexiones: (13/22_A2:16)-(13/22_B2:16)-(20_2:17)-","Código":"0817","Coordenadas":"-41.0577155 -71.491296","Garita":"1.0","Cartel":"","Observaciones":"","Conexiones":"(13/22_A2:16)-(13/22_B2:16)-(20_2:17)-"}},
{"type":"Feature","geometry":{"type":"Point","coordinates":[-71.491724,-41.059031,0]},"properties":{"name":"Av. Bustillo Km.19.700 - Bomberos -b","description":{"@type":"html","value":"descripción: Código: 0818<br>Coordenadas: -41.0590314 -71.4917243<br>Garita: 1<br>Cartel: <br>Observaciones: <br>Conexiones: (13/22_A2:17)-(13/22_B2:17)-(20_2:18)-<br>Código: 0818<br>Coordenadas: -41.0590314 -71.4917243<br>Garita: 1.0<br>Cartel: <br>Observaciones: <br>Conexiones: (13/22_A2:17)-(13/22_B2:17)-(20_2:18)-"},"styleUrl":"#icon-1739-E65100","icon-scale":1,"icon":"images/icon-1.png","descripción":"Código: 0818\nCoordenadas: -41.0590314 -71.4917243\nGarita: 1\nCartel: \nObservaciones: \nConexiones: (13/22_A2:17)-(13/22_B2:17)-(20_2:18)-","Código":"0818","Coordenadas":"-41.0590314 -71.4917243","Garita":"1.0","Cartel":"","Observaciones":"","Conexiones":"(13/22_A2:17)-(13/22_B2:17)-(20_2:18)-"}},
{"type":"Feature","geometry":{"type":"Point","coordinates":[-71.490082,-41.061354,0]},"properties":{"name":"Av. Bustillo Km.19 - Escuela 48 -b","description":{"@type":"html","value":"descripción: Código: 0819<br>Coordenadas: -41.061354 -71.4900824<br>Garita: <br>Cartel: <br>Observaciones: <br>Conexiones: (13/22_A2:18)-(13/22_B2:18)-(20_2:19)-<br>Código: 0819<br>Coordenadas: -41.061354 -71.4900824<br>Garita: <br>Cartel: <br>Observaciones: <br>Conexiones: (13/22_A2:18)-(13/22_B2:18)-(20_2:19)-"},"styleUrl":"#icon-1739-E65100","icon-scale":1,"icon":"images/icon-1.png","descripción":"Código: 0819\nCoordenadas: -41.061354 -71.4900824\nGarita: \nCartel: \nObservaciones: \nConexiones: (13/22_A2:18)-(13/22_B2:18)-(20_2:19)-","Código":"0819","Coordenadas":"-41.061354 -71.4900824","Garita":"","Cartel":"","Observaciones":"","Conexiones":"(13/22_A2:18)-(13/22_B2:18)-(20_2:19)-"}},
{"type":"Feature","geometry":{"type":"Point","coordinates":[-71.485716,-41.066258,0]},"properties":{"name":"Av. Bustillo Km.18.600 -b","description":{"@type":"html","value":"descripción: Código: 0820<br>Coordenadas: -41.0662577 -71.4857157<br>Garita: <br>Cartel: <br>Observaciones: <br>Conexiones: (13/22_A2:19)-(13/22_B2:19)-(20_2:20)-<br>Código: 0820<br>Coordenadas: -41.0662577 -71.4857157<br>Garita: <br>Cartel: <br>Observaciones: <br>Conexiones: (13/22_A2:19)-(13/22_B2:19)-(20_2:20)-"},"styleUrl":"#icon-1739-E65100","icon-scale":1,"icon":"images/icon-1.png","descripción":"Código: 0820\nCoordenadas: -41.0662577 -71.4857157\nGarita: \nCartel: \nObservaciones: \nConexiones: (13/22_A2:19)-(13/22_B2:19)-(20_2:20)-","Código":"0820","Coordenadas":"-41.0662577 -71.4857157","Garita":"","Cartel":"","Observaciones":"","Conexiones":"(13/22_A2:19)-(13/22_B2:19)-(20_2:20)-"}},
{"type":"Feature","geometry":{"type":"Point","coordinates":[-71.473684,-41.07026,0]},"properties":{"name":"Av. Bustillo y Cerro Campanario -b","description":{"@type":"html","value":"descripción: Código: 0822<br>Coordenadas: -41.0702601 -71.4736836<br>Garita: <br>Cartel: <br>Observaciones: <br>Conexiones: (10_A2:19)-(10_B2:20)-(10_C2:29)-(13/22_A2:22)-(20_2:22)-(51_2:3)-<br>Código: 0822<br>Coordenadas: -41.0702601 -71.4736836<br>Garita: <br>Cartel: <br>Observaciones: <br>Conexiones: (10_A2:19)-(10_B2:20)-(10_C2:29)-(13/22_A2:22)-(20_2:22)-(51_2:3)-"},"styleUrl":"#icon-1739-E65100","icon-scale":1,"icon":"images/icon-1.png","descripción":"Código: 0822\nCoordenadas: -41.0702601 -71.4736836\nGarita: \nCartel: \nObservaciones: \nConexiones: (10_A2:19)-(10_B2:20)-(10_C2:29)-(13/22_A2:22)-(20_2:22)-(51_2:3)-","Código":"0822","Coordenadas":"-41.0702601 -71.4736836","Garita":"","Cartel":"","Observaciones":"","Conexiones":"(10_A2:19)-(10_B2:20)-(10_C2:29)-(13/22_A2:22)-(20_2:22)-(51_2:3)-"}},
{"type":"Feature","geometry":{"type":"Point","coordinates":[-71.469493,-41.073188,0]},"properties":{"name":"Av. Bustillo Km.17.100 -b","description":{"@type":"html","value":"descripción: Código: 0823<br>Coordenadas: -41.0731881 -71.4694927<br>Garita: 1<br>Cartel: <br>Observaciones: <br>Conexiones: (10_A2:20)-(10_B2:21)-(10_C2:30)-(13/22_A2:23)-(20_2:23)-(51_2:4)-<br>Código: 0823<br>Coordenadas: -41.0731881 -71.4694927<br>Garita: 1.0<br>Cartel: <br>Observaciones: <br>Conexiones: (10_A2:20)-(10_B2:21)-(10_C2:30)-(13/22_A2:23)-(20_2:23)-(51_2:4)-"},"styleUrl":"#icon-1739-E65100","icon-scale":1,"icon":"images/icon-1.png","descripción":"Código: 0823\nCoordenadas: -41.0731881 -71.4694927\nGarita: 1\nCartel: \nObservaciones: \nConexiones: (10_A2:20)-(10_B2:21)-(10_C2:30)-(13/22_A2:23)-(20_2:23)-(51_2:4)-","Código":"0823","Coordenadas":"-41.0731881 -71.4694927","Garita":"1.0","Cartel":"","Observaciones":"","Conexiones":"(10_A2:20)-(10_B2:21)-(10_C2:30)-(13/22_A2:23)-(20_2:23)-(51_2:4)-"}},
{"type":"Feature","geometry":{"type":"Point","coordinates":[-71.464593,-41.078349,0]},"properties":{"name":"Av. Bustillo y Jorge Cafrune -b","description":{"@type":"html","value":"descripción: Código: 0824<br>Coordenadas: -41.0783489 -71.4645929<br>Garita: 1<br>Cartel: <br>Observaciones: <br>Conexiones: (10_A2:21)-(10_B2:22)-(10_C2:31)-(13/22_A2:24)-(20_2:24)-(51_2:5)-<br>Código: 0824<br>Coordenadas: -41.0783489 -71.4645929<br>Garita: 1.0<br>Cartel: <br>Observaciones: <br>Conexiones: (10_A2:21)-(10_B2:22)-(10_C2:31)-(13/22_A2:24)-(20_2:24)-(51_2:5)-"},"styleUrl":"#icon-1739-E65100","icon-scale":1,"icon":"images/icon-1.png","descripción":"Código: 0824\nCoordenadas: -41.0783489 -71.4645929\nGarita: 1\nCartel: \nObservaciones: \nConexiones: (10_A2:21)-(10_B2:22)-(10_C2:31)-(13/22_A2:24)-(20_2:24)-(51_2:5)-","Código":"0824","Coordenadas":"-41.0783489 -71.4645929","Garita":"1.0","Cartel":"","Observaciones":"","Conexiones":"(10_A2:21)-(10_B2:22)-(10_C2:31)-(13/22_A2:24)-(20_2:24)-(51_2:5)-"}},
{"type":"Feature","geometry":{"type":"Point","coordinates":[-71.4644,-41.08055,0]},"properties":{"name":"Av. Bustillo Km.16 -b","description":{"@type":"html","value":"descripción: Código: 0825<br>Coordenadas: -41.0805495 -71.4644005<br>Garita: <br>Cartel: <br>Observaciones: <br>Conexiones: (10_A2:22)-(10_B2:23)-(10_C2:32)-(13/22_A2:25)-(20_2:25)-(51_2:6)-<br>Código: 0825<br>Coordenadas: -41.0805495 -71.4644005<br>Garita: <br>Cartel: <br>Observaciones: <br>Conexiones: (10_A2:22)-(10_B2:23)-(10_C2:32)-(13/22_A2:25)-(20_2:25)-(51_2:6)-"},"styleUrl":"#icon-1739-E65100","icon-scale":1,"icon":"images/icon-1.png","descripción":"Código: 0825\nCoordenadas: -41.0805495 -71.4644005\nGarita: \nCartel: \nObservaciones: \nConexiones: (10_A2:22)-(10_B2:23)-(10_C2:32)-(13/22_A2:25)-(20_2:25)-(51_2:6)-","Código":"0825","Coordenadas":"-41.0805495 -71.4644005","Garita":"","Cartel":"","Observaciones":"","Conexiones":"(10_A2:22)-(10_B2:23)-(10_C2:32)-(13/22_A2:25)-(20_2:25)-(51_2:6)-"}},
{"type":"Feature","geometry":{"type":"Point","coordinates":[-71.46169,-41.084866,0]},"properties":{"name":"Av. Bustillo Km.15.500 -b","description":{"@type":"html","value":"descripción: Código: 0826<br>Coordenadas: -41.084866 -71.4616898<br>Garita: 1<br>Cartel: <br>Observaciones: <br>Conexiones: (10_A2:23)-(10_B2:24)-(10_C2:33)-(13/22_A2:26)-(20_2:26)-(51_2:7)-<br>Código: 0826<br>Coordenadas: -41.084866 -71.4616898<br>Garita: 1.0<br>Cartel: <br>Observaciones: <br>Conexiones: (10_A2:23)-(10_B2:24)-(10_C2:33)-(13/22_A2:26)-(20_2:26)-(51_2:7)-"},"styleUrl":"#icon-1739-E65100","icon-scale":1,"icon":"images/icon-1.png","descripción":"Código: 0826\nCoordenadas: -41.084866 -71.4616898\nGarita: 1\nCartel: \nObservaciones: \nConexiones: (10_A2:23)-(10_B2:24)-(10_C2:33)-(13/22_A2:26)-(20_2:26)-(51_2:7)-","Código":"0826","Coordenadas":"-41.084866 -71.4616898","Garita":"1.0","Cartel":"","Observaciones":"","Conexiones":"(10_A2:23)-(10_B2:24)-(10_C2:33)-(13/22_A2:26)-(20_2:26)-(51_2:7)-"}},
{"type":"Feature","geometry":{"type":"Point","coordinates":[-71.458703,-41.087924,0]},"properties":{"name":"Av. Bustillo y Cerro Chico","description":{"@type":"html","value":"descripción: Código: 0827<br>Coordenadas: -41.087924 -71.4587027<br>Garita: 1<br>Cartel: <br>Observaciones: <br>Conexiones: (10_A2:24)-(10_B2:25)-(10_C2:34)-(13/22_A2:27)-(20_2:27)-(51_2:8)-<br>Código: 0827<br>Coordenadas: -41.087924 -71.4587027<br>Garita: 1.0<br>Cartel: <br>Observaciones: <br>Conexiones: (10_A2:24)-(10_B2:25)-(10_C2:34)-(13/22_A2:27)-(20_2:27)-(51_2:8)-"},"styleUrl":"#icon-1739-E65100","icon-scale":1,"icon":"images/icon-1.png","descripción":"Código: 0827\nCoordenadas: -41.087924 -71.4587027\nGarita: 1\nCartel: \nObservaciones: \nConexiones: (10_A2:24)-(10_B2:25)-(10_C2:34)-(13/22_A2:27)-(20_2:27)-(51_2:8)-","Código":"0827","Coordenadas":"-41.087924 -71.4587027","Garita":"1.0","Cartel":"","Observaciones":"","Conexiones":"(10_A2:24)-(10_B2:25)-(10_C2:34)-(13/22_A2:27)-(20_2:27)-(51_2:8)-"}},
{"type":"Feature","geometry":{"type":"Point","coordinates":[-71.449636,-41.09383,0]},"properties":{"name":"Av. Bustillo Km.13.900 -b","description":{"@type":"html","value":"descripción: Código: 0829<br>Coordenadas: -41.0938302 -71.4496363<br>Garita: 1<br>Cartel: <br>Observaciones: <br>Conexiones: (10_A2:26)-(10_B2:27)-(10_C2:36)-(13/22_A2:29)-(20_2:29)-(51_2:10)-<br>Código: 0829<br>Coordenadas: -41.0938302 -71.4496363<br>Garita: 1.0<br>Cartel: <br>Observaciones: <br>Conexiones: (10_A2:26)-(10_B2:27)-(10_C2:36)-(13/22_A2:29)-(20_2:29)-(51_2:10)-"},"styleUrl":"#icon-1739-E65100","icon-scale":1,"icon":"images/icon-1.png","descripción":"Código: 0829\nCoordenadas: -41.0938302 -71.4496363\nGarita: 1\nCartel: \nObservaciones: \nConexiones: (10_A2:26)-(10_B2:27)-(10_C2:36)-(13/22_A2:29)-(20_2:29)-(51_2:10)-","Código":"0829","Coordenadas":"-41.0938302 -71.4496363","Garita":"1.0","Cartel":"","Observaciones":"","Conexiones":"(10_A2:26)-(10_B2:27)-(10_C2:36)-(13/22_A2:29)-(20_2:29)-(51_2:10)-"}},
{"type":"Feature","geometry":{"type":"Point","coordinates":[-71.44903,-41.096159,0]},"properties":{"name":"Av. Bustillo Km.13.600 -b","description":{"@type":"html","value":"descripción: Código: 0830<br>Coordenadas: -41.0961587 -71.4490295<br>Garita: 1<br>Cartel: <br>Observaciones: <br>Conexiones: (10_A2:27)-(10_B2:28)-(10_C2:37)-(13/22_A2:30)-(20_2:30)-(51_2:11)-<br>Código: 0830<br>Coordenadas: -41.0961587 -71.4490295<br>Garita: 1.0<br>Cartel: <br>Observaciones: <br>Conexiones: (10_A2:27)-(10_B2:28)-(10_C2:37)-(13/22_A2:30)-(20_2:30)-(51_2:11)-"},"styleUrl":"#icon-1739-E65100","icon-scale":1,"icon":"images/icon-1.png","descripción":"Código: 0830\nCoordenadas: -41.0961587 -71.4490295\nGarita: 1\nCartel: \nObservaciones: \nConexiones: (10_A2:27)-(10_B2:28)-(10_C2:37)-(13/22_A2:30)-(20_2:30)-(51_2:11)-","Código":"0830","Coordenadas":"-41.0961587 -71.4490295","Garita":"1.0","Cartel":"","Observaciones":"","Conexiones":"(10_A2:27)-(10_B2:28)-(10_C2:37)-(13/22_A2:30)-(20_2:30)-(51_2:11)-"}},
{"type":"Feature","geometry":{"type":"Point","coordinates":[-71.448199,-41.097981,0]},"properties":{"name":"Av. Bustillo Km.13.400 -b","description":{"@type":"html","value":"descripción: Código: 0831<br>Coordenadas: -41.0979812 -71.448199<br>Garita: 1<br>Cartel: <br>Observaciones: <br>Conexiones: (10_A2:28)-(10_B2:29)-(10_C2:38)-(13/22_A2:31)-(20_2:31)-(51_2:12)-<br>Código: 0831<br>Coordenadas: -41.0979812 -71.448199<br>Garita: 1.0<br>Cartel: <br>Observaciones: <br>Conexiones: (10_A2:28)-(10_B2:29)-(10_C2:38)-(13/22_A2:31)-(20_2:31)-(51_2:12)-"},"styleUrl":"#icon-1739-E65100","icon-scale":1,"icon":"images/icon-1.png","descripción":"Código: 0831\nCoordenadas: -41.0979812 -71.448199\nGarita: 1\nCartel: \nObservaciones: \nConexiones: (10_A2:28)-(10_B2:29)-(10_C2:38)-(13/22_A2:31)-(20_2:31)-(51_2:12)-","Código":"0831","Coordenadas":"-41.0979812 -71.448199","Garita":"1.0","Cartel":"","Observaciones":"","Conexiones":"(10_A2:28)-(10_B2:29)-(10_C2:38)-(13/22_A2:31)-(20_2:31)-(51_2:12)-"}},
{"type":"Feature","geometry":{"type":"Point","coordinates":[-71.445874,-41.100271,0]},"properties":{"name":"Av. Bustillo Km.13 -b","description":{"@type":"html","value":"descripción: Código: 0832<br>Coordenadas: -41.1002713 -71.4458738<br>Garita: 1<br>Cartel: <br>Observaciones: <br>Conexiones: (10_A2:29)-(10_B2:30)-(10_C2:39)-(13/22_A2:32)-(20_2:32)-(51_2:13)-<br>Código: 0832<br>Coordenadas: -41.1002713 -71.4458738<br>Garita: 1.0<br>Cartel: <br>Observaciones: <br>Conexiones: (10_A2:29)-(10_B2:30)-(10_C2:39)-(13/22_A2:32)-(20_2:32)-(51_2:13)-"},"styleUrl":"#icon-1739-E65100","icon-scale":1,"icon":"images/icon-1.png","descripción":"Código: 0832\nCoordenadas: -41.1002713 -71.4458738\nGarita: 1\nCartel: \nObservaciones: \nConexiones: (10_A2:29)-(10_B2:30)-(10_C2:39)-(13/22_A2:32)-(20_2:32)-(51_2:13)-","Código":"0832","Coordenadas":"-41.1002713 -71.4458738","Garita":"1.0","Cartel":"","Observaciones":"","Conexiones":"(10_A2:29)-(10_B2:30)-(10_C2:39)-(13/22_A2:32)-(20_2:32)-(51_2:13)-"}},
{"type":"Feature","geometry":{"type":"Point","coordinates":[-71.442397,-41.10356,0]},"properties":{"name":"Av. Bustillo Km.12.700 -b","description":{"@type":"html","value":"descripción: Código: 0833<br>Coordenadas: -41.1035602 -71.4423966<br>Garita: <br>Cartel: <br>Observaciones: <br>Conexiones: (10_A2:30)-(10_B2:31)-(10_C2:40)-(13/22_A2:33)-(20_2:33)-(51_2:14)-<br>Código: 0833<br>Coordenadas: -41.1035602 -71.4423966<br>Garita: <br>Cartel: <br>Observaciones: <br>Conexiones: (10_A2:30)-(10_B2:31)-(10_C2:40)-(13/22_A2:33)-(20_2:33)-(51_2:14)-"},"styleUrl":"#icon-1739-E65100","icon-scale":1,"icon":"images/icon-1.png","descripción":"Código: 0833\nCoordenadas: -41.1035602 -71.4423966\nGarita: \nCartel: \nObservaciones: \nConexiones: (10_A2:30)-(10_B2:31)-(10_C2:40)-(13/22_A2:33)-(20_2:33)-(51_2:14)-","Código":"0833","Coordenadas":"-41.1035602 -71.4423966","Garita":"","Cartel":"","Observaciones":"","Conexiones":"(10_A2:30)-(10_B2:31)-(10_C2:40)-(13/22_A2:33)-(20_2:33)-(51_2:14)-"}},
{"type":"Feature","geometry":{"type":"Point","coordinates":[-71.440137,-41.105556,0]},"properties":{"name":"Av. Bustillo Km.12.400 -b","description":{"@type":"html","value":"descripción: Código: 0834<br>Coordenadas: -41.105556 -71.4401367<br>Garita: 1<br>Cartel: <br>Observaciones: <br>Conexiones: (10_A2:31)-(10_B2:32)-(10_C2:41)-(13/22_A2:34)-(20_2:34)-(51_2:15)-<br>Código: 0834<br>Coordenadas: -41.105556 -71.4401367<br>Garita: 1.0<br>Cartel: <br>Observaciones: <br>Conexiones: (10_A2:31)-(10_B2:32)-(10_C2:41)-(13/22_A2:34)-(20_2:34)-(51_2:15)-"},"styleUrl":"#icon-1739-E65100","icon-scale":1,"icon":"images/icon-1.png","descripción":"Código: 0834\nCoordenadas: -41.105556 -71.4401367\nGarita: 1\nCartel: \nObservaciones: \nConexiones: (10_A2:31)-(10_B2:32)-(10_C2:41)-(13/22_A2:34)-(20_2:34)-(51_2:15)-","Código":"0834","Coordenadas":"-41.105556 -71.4401367","Garita":"1.0","Cartel":"","Observaciones":"","Conexiones":"(10_A2:31)-(10_B2:32)-(10_C2:41)-(13/22_A2:34)-(20_2:34)-(51_2:15)-"}},
{"type":"Feature","geometry":{"type":"Point","coordinates":[-71.434278,-41.108299,0]},"properties":{"name":"Av. Bustillo Km.12 -b","description":{"@type":"html","value":"descripción: Código: 0835<br>Coordenadas: -41.108299 -71.434278<br>Garita: <br>Cartel: <br>Observaciones: <br>Conexiones: (10_A2:32)-(10_B2:33)-(10_C2:42)-(13/22_A2:35)-(20_2:35)-(51_2:16)-<br>Código: 0835<br>Coordenadas: -41.108299 -71.434278<br>Garita: <br>Cartel: <br>Observaciones: <br>Conexiones: (10_A2:32)-(10_B2:33)-(10_C2:42)-(13/22_A2:35)-(20_2:35)-(51_2:16)-"},"styleUrl":"#icon-1739-E65100","icon-scale":1,"icon":"images/icon-1.png","descripción":"Código: 0835\nCoordenadas: -41.108299 -71.434278\nGarita: \nCartel: \nObservaciones: \nConexiones: (10_A2:32)-(10_B2:33)-(10_C2:42)-(13/22_A2:35)-(20_2:35)-(51_2:16)-","Código":"0835","Coordenadas":"-41.108299 -71.434278","Garita":"","Cartel":"","Observaciones":"","Conexiones":"(10_A2:32)-(10_B2:33)-(10_C2:42)-(13/22_A2:35)-(20_2:35)-(51_2:16)-"}},
{"type":"Feature","geometry":{"type":"Point","coordinates":[-71.430389,-41.109893,0]},"properties":{"name":"Av. Bustillo Km.11.400 -b","description":{"@type":"html","value":"descripción: Código: 0836<br>Coordenadas: -41.1098932 -71.4303886<br>Garita: 1<br>Cartel: <br>Observaciones: <br>Conexiones: (10_A2:33)-(10_B2:34)-(10_C2:43)-(13/22_A2:36)-(20_2:36)-(51_2:17)-<br>Código: 0836<br>Coordenadas: -41.1098932 -71.4303886<br>Garita: 1.0<br>Cartel: <br>Observaciones: <br>Conexiones: (10_A2:33)-(10_B2:34)-(10_C2:43)-(13/22_A2:36)-(20_2:36)-(51_2:17)-"},"styleUrl":"#icon-1739-E65100","icon-scale":1,"icon":"images/icon-1.png","descripción":"Código: 0836\nCoordenadas: -41.1098932 -71.4303886\nGarita: 1\nCartel: \nObservaciones: \nConexiones: (10_A2:33)-(10_B2:34)-(10_C2:43)-(13/22_A2:36)-(20_2:36)-(51_2:17)-","Código":"0836","Coordenadas":"-41.1098932 -71.4303886","Garita":"1.0","Cartel":"","Observaciones":"","Conexiones":"(10_A2:33)-(10_B2:34)-(10_C2:43)-(13/22_A2:36)-(20_2:36)-(51_2:17)-"}},
{"type":"Feature","geometry":{"type":"Point","coordinates":[-71.426916,-41.109781,0]},"properties":{"name":"Av. Bustillo Km.11.300 -b","description":{"@type":"html","value":"descripción: Código: 0837<br>Coordenadas: -41.1097806 -71.426916<br>Garita: <br>Cartel: <br>Observaciones: <br>Conexiones: (10_A2:34)-(10_B2:35)-(10_C2:44)-(13/22_A2:37)-(20_2:37)-(51_2:18)-<br>Código: 0837<br>Coordenadas: -41.1097806 -71.426916<br>Garita: <br>Cartel: <br>Observaciones: <br>Conexiones: (10_A2:34)-(10_B2:35)-(10_C2:44)-(13/22_A2:37)-(20_2:37)-(51_2:18)-"},"styleUrl":"#icon-1739-E65100","icon-scale":1,"icon":"images/icon-1.png","descripción":"Código: 0837\nCoordenadas: -41.1097806 -71.426916\nGarita: \nCartel: \nObservaciones: \nConexiones: (10_A2:34)-(10_B2:35)-(10_C2:44)-(13/22_A2:37)-(20_2:37)-(51_2:18)-","Código":"0837","Coordenadas":"-41.1097806 -71.426916","Garita":"","Cartel":"","Observaciones":"","Conexiones":"(10_A2:34)-(10_B2:35)-(10_C2:44)-(13/22_A2:37)-(20_2:37)-(51_2:18)-"}},
{"type":"Feature","geometry":{"type":"Point","coordinates":[-71.424336,-41.1107,0]},"properties":{"name":"Av. Bustillo y Cóndores -b","description":{"@type":"html","value":"descripción: Código: 0838<br>Coordenadas: -41.1106997 -71.424336<br>Garita: 1<br>Cartel: <br>Observaciones: <br>Conexiones: (10_A2:35)-(10_B2:36)-(10_C2:45)-(13/22_A2:38)-(20_2:38)-(51_2:19)-<br>Código: 0838<br>Coordenadas: -41.1106997 -71.424336<br>Garita: 1.0<br>Cartel: <br>Observaciones: <br>Conexiones: (10_A2:35)-(10_B2:36)-(10_C2:45)-(13/22_A2:38)-(20_2:38)-(51_2:19)-"},"styleUrl":"#icon-1739-E65100","icon-scale":1,"icon":"images/icon-1.png","descripción":"Código: 0838\nCoordenadas: -41.1106997 -71.424336\nGarita: 1\nCartel: \nObservaciones: \nConexiones: (10_A2:35)-(10_B2:36)-(10_C2:45)-(13/22_A2:38)-(20_2:38)-(51_2:19)-","Código":"0838","Coordenadas":"-41.1106997 -71.424336","Garita":"1.0","Cartel":"","Observaciones":"","Conexiones":"(10_A2:35)-(10_B2:36)-(10_C2:45)-(13/22_A2:38)-(20_2:38)-(51_2:19)-"}},
{"type":"Feature","geometry":{"type":"Point","coordinates":[-71.422468,-41.111662,0]},"properties":{"name":"Av. Bustillo Km.10.500 - Puerto Moreno -b","description":{"@type":"html","value":"descripción: Código: 0839<br>Coordenadas: -41.1116615 -71.4224684<br>Garita: 1<br>Cartel: <br>Observaciones: <br>Conexiones: (10_A2:36)-(10_B2:37)-(10_C2:46)-(13/22_A2:39)-(20_2:39)-(21_2:21)-(51_2:20)-<br>Código: 0839<br>Coordenadas: -41.1116615 -71.4224684<br>Garita: 1.0<br>Cartel: <br>Observaciones: <br>Conexiones: (10_A2:36)-(10_B2:37)-(10_C2:46)-(13/22_A2:39)-(20_2:39)-(21_2:21)-(51_2:20)-"},"styleUrl":"#icon-1739-E65100","icon-scale":1,"icon":"images/icon-1.png","descripción":"Código: 0839\nCoordenadas: -41.1116615 -71.4224684\nGarita: 1\nCartel: \nObservaciones: \nConexiones: (10_A2:36)-(10_B2:37)-(10_C2:46)-(13/22_A2:39)-(20_2:39)-(21_2:21)-(51_2:20)-","Código":"0839","Coordenadas":"-41.1116615 -71.4224684","Garita":"1.0","Cartel":"","Observaciones":"","Conexiones":"(10_A2:36)-(10_B2:37)-(10_C2:46)-(13/22_A2:39)-(20_2:39)-(21_2:21)-(51_2:20)-"}},
{"type":"Feature","geometry":{"type":"Point","coordinates":[-71.414442,-41.113515,0]},"properties":{"name":"Av. Bustillo Km.9.800 - Centro Atómico -b","description":{"@type":"html","value":"descripción: Código: 0840<br>Coordenadas: -41.1135147 -71.4144418<br>Garita: 1<br>Cartel: <br>Observaciones: <br>Conexiones: (10_A2:37)-(10_B2:38)-(10_C2:47)-(13/22_A2:40)-(20_2:40)-(21_2:22)-(51_2:21)-<br>Código: 0840<br>Coordenadas: -41.1135147 -71.4144418<br>Garita: 1.0<br>Cartel: <br>Observaciones: <br>Conexiones: (10_A2:37)-(10_B2:38)-(10_C2:47)-(13/22_A2:40)-(20_2:40)-(21_2:22)-(51_2:21)-"},"styleUrl":"#icon-1739-E65100","icon-scale":1,"icon":"images/icon-1.png","descripción":"Código: 0840\nCoordenadas: -41.1135147 -71.4144418\nGarita: 1\nCartel: \nObservaciones: \nConexiones: (10_A2:37)-(10_B2:38)-(10_C2:47)-(13/22_A2:40)-(20_2:40)-(21_2:22)-(51_2:21)-","Código":"0840","Coordenadas":"-41.1135147 -71.4144418","Garita":"1.0","Cartel":"","Observaciones":"","Conexiones":"(10_A2:37)-(10_B2:38)-(10_C2:47)-(13/22_A2:40)-(20_2:40)-(21_2:22)-(51_2:21)-"}},
{"type":"Feature","geometry":{"type":"Point","coordinates":[-71.411638,-41.114557,0]},"properties":{"name":"Av. Bustillo Km.9.500 - Ejercito -b","description":{"@type":"html","value":"descripción: Código: 0841<br>Coordenadas: -41.1145573 -71.4116384<br>Garita: 1<br>Cartel: <br>Observaciones: <br>Conexiones: (10_A2:38)-(10_B2:39)-(10_C2:48)-(13/22_A2:41)-(20_2:41)-(21_2:23)-(51_2:22)-<br>Código: 0841<br>Coordenadas: -41.1145573 -71.4116384<br>Garita: 1.0<br>Cartel: <br>Observaciones: <br>Conexiones: (10_A2:38)-(10_B2:39)-(10_C2:48)-(13/22_A2:41)-(20_2:41)-(21_2:23)-(51_2:22)-"},"styleUrl":"#icon-1739-E65100","icon-scale":1,"icon":"images/icon-1.png","descripción":"Código: 0841\nCoordenadas: -41.1145573 -71.4116384\nGarita: 1\nCartel: \nObservaciones: \nConexiones: (10_A2:38)-(10_B2:39)-(10_C2:48)-(13/22_A2:41)-(20_2:41)-(21_2:23)-(51_2:22)-","Código":"0841","Coordenadas":"-41.1145573 -71.4116384","Garita":"1.0","Cartel":"","Observaciones":"","Conexiones":"(10_A2:38)-(10_B2:39)-(10_C2:48)-(13/22_A2:41)-(20_2:41)-(21_2:23)-(51_2:22)-"}},
{"type":"Feature","geometry":{"type":"Point","coordinates":[-71.401535,-41.119747,0]},"properties":{"name":"Av. Bustillo Km.8.500 -b","description":{"@type":"html","value":"descripción: Código: 0843<br>Coordenadas: -41.1197472 -71.4015349<br>Garita: 1<br>Cartel: <br>Observaciones: <br>Conexiones: (10_A2:40)-(10_B2:41)-(10_C2:50)-(13/22_A2:43)-(20_2:43)-(21_2:25)-<br>Código: 0843<br>Coordenadas: -41.1197472 -71.4015349<br>Garita: 1.0<br>Cartel: <br>Observaciones: <br>Conexiones: (10_A2:40)-(10_B2:41)-(10_C2:50)-(13/22_A2:43)-(20_2:43)-(21_2:25)-"},"styleUrl":"#icon-1739-E65100","icon-scale":1,"icon":"images/icon-1.png","descripción":"Código: 0843\nCoordenadas: -41.1197472 -71.4015349\nGarita: 1\nCartel: \nObservaciones: \nConexiones: (10_A2:40)-(10_B2:41)-(10_C2:50)-(13/22_A2:43)-(20_2:43)-(21_2:25)-","Código":"0843","Coordenadas":"-41.1197472 -71.4015349","Garita":"1.0","Cartel":"","Observaciones":"","Conexiones":"(10_A2:40)-(10_B2:41)-(10_C2:50)-(13/22_A2:43)-(20_2:43)-(21_2:25)-"}},
{"type":"Feature","geometry":{"type":"Point","coordinates":[-71.397096,-41.121662,0]},"properties":{"name":"Av. Bustillo Km.7.900 - Playa Bonita -b","description":{"@type":"html","value":"descripción: Código: 0844<br>Coordenadas: -41.1216615 -71.3970955<br>Garita: 1<br>Cartel: <br>Observaciones: <br>Conexiones: (10_A2:41)-(10_B2:42)-(10_C2:51)-(13/22_A2:44)-(20_2:44)-(21_2:26)-<br>Código: 0844<br>Coordenadas: -41.1216615 -71.3970955<br>Garita: 1.0<br>Cartel: <br>Observaciones: <br>Conexiones: (10_A2:41)-(10_B2:42)-(10_C2:51)-(13/22_A2:44)-(20_2:44)-(21_2:26)-"},"styleUrl":"#icon-1739-E65100","icon-scale":1,"icon":"images/icon-1.png","descripción":"Código: 0844\nCoordenadas: -41.1216615 -71.3970955\nGarita: 1\nCartel: \nObservaciones: \nConexiones: (10_A2:41)-(10_B2:42)-(10_C2:51)-(13/22_A2:44)-(20_2:44)-(21_2:26)-","Código":"0844","Coordenadas":"-41.1216615 -71.3970955","Garita":"1.0","Cartel":"","Observaciones":"","Conexiones":"(10_A2:41)-(10_B2:42)-(10_C2:51)-(13/22_A2:44)-(20_2:44)-(21_2:26)-"}},
{"type":"Feature","geometry":{"type":"Point","coordinates":[-71.390841,-41.120544,0]},"properties":{"name":"Av. Bustillo Km.7500 -b","description":{"@type":"html","value":"descripción: Código: 0845<br>Coordenadas: -41.1205436 -71.3908411<br>Garita: 1<br>Cartel: <br>Observaciones: <br>Conexiones: (10_A2:42)-(10_B2:43)-(10_C2:52)-(13/22_A2:45)-(20_2:45)-(21_2:27)-<br>Código: 0845<br>Coordenadas: -41.1205436 -71.3908411<br>Garita: 1.0<br>Cartel: <br>Observaciones: <br>Conexiones: (10_A2:42)-(10_B2:43)-(10_C2:52)-(13/22_A2:45)-(20_2:45)-(21_2:27)-"},"styleUrl":"#icon-1739-E65100","icon-scale":1,"icon":"images/icon-1.png","descripción":"Código: 0845\nCoordenadas: -41.1205436 -71.3908411\nGarita: 1\nCartel: \nObservaciones: \nConexiones: (10_A2:42)-(10_B2:43)-(10_C2:52)-(13/22_A2:45)-(20_2:45)-(21_2:27)-","Código":"0845","Coordenadas":"-41.1205436 -71.3908411","Garita":"1.0","Cartel":"","Observaciones":"","Conexiones":"(10_A2:42)-(10_B2:43)-(10_C2:52)-(13/22_A2:45)-(20_2:45)-(21_2:27)-"}},
{"type":"Feature","geometry":{"type":"Point","coordinates":[-71.386525,-41.119581,0]},"properties":{"name":"Av. Bustillo Km.7 -b","description":{"@type":"html","value":"descripción: Código: 0846<br>Coordenadas: -41.1195813 -71.386525<br>Garita: 1<br>Cartel: <br>Observaciones: <br>Conexiones: (10_A2:43)-(10_B2:44)-(10_C2:53)-(13/22_A2:46)-(20_2:46)-(21_2:28)-<br>Código: 0846<br>Coordenadas: -41.1195813 -71.386525<br>Garita: 1.0<br>Cartel: <br>Observaciones: <br>Conexiones: (10_A2:43)-(10_B2:44)-(10_C2:53)-(13/22_A2:46)-(20_2:46)-(21_2:28)-"},"styleUrl":"#icon-1739-E65100","icon-scale":1,"icon":"images/icon-1.png","descripción":"Código: 0846\nCoordenadas: -41.1195813 -71.386525\nGarita: 1\nCartel: \nObservaciones: \nConexiones: (10_A2:43)-(10_B2:44)-(10_C2:53)-(13/22_A2:46)-(20_2:46)-(21_2:28)-","Código":"0846","Coordenadas":"-41.1195813 -71.386525","Garita":"1.0","Cartel":"","Observaciones":"","Conexiones":"(10_A2:43)-(10_B2:44)-(10_C2:53)-(13/22_A2:46)-(20_2:46)-(21_2:28)-"}},
{"type":"Feature","geometry":{"type":"Point","coordinates":[-71.383526,-41.119688,0]},"properties":{"name":"Av. Bustillo Km.6.600 -b","description":{"@type":"html","value":"descripción: Código: 0847<br>Coordenadas: -41.1196884 -71.3835256<br>Garita: 1<br>Cartel: <br>Observaciones: <br>Conexiones: (10_A2:44)-(10_B2:45)-(10_C2:54)-(13/22_A2:47)-(20_2:47)-(21_2:29)-<br>Código: 0847<br>Coordenadas: -41.1196884 -71.3835256<br>Garita: 1.0<br>Cartel: <br>Observaciones: <br>Conexiones: (10_A2:44)-(10_B2:45)-(10_C2:54)-(13/22_A2:47)-(20_2:47)-(21_2:29)-"},"styleUrl":"#icon-1739-E65100","icon-scale":1,"icon":"images/icon-1.png","descripción":"Código: 0847\nCoordenadas: -41.1196884 -71.3835256\nGarita: 1\nCartel: \nObservaciones: \nConexiones: (10_A2:44)-(10_B2:45)-(10_C2:54)-(13/22_A2:47)-(20_2:47)-(21_2:29)-","Código":"0847","Coordenadas":"-41.1196884 -71.3835256","Garita":"1.0","Cartel":"","Observaciones":"","Conexiones":"(10_A2:44)-(10_B2:45)-(10_C2:54)-(13/22_A2:47)-(20_2:47)-(21_2:29)-"}},
{"type":"Feature","geometry":{"type":"Point","coordinates":[-71.37925,-41.120455,0]},"properties":{"name":"Av. Bustillo y El Mirador -b","description":{"@type":"html","value":"descripción: Código: 0848<br>Coordenadas: -41.1204553 -71.3792499<br>Garita: 1<br>Cartel: <br>Observaciones: <br>Conexiones: (10_A2:45)-(10_B2:46)-(10_C2:55)-(13/22_A2:48)-(20_2:48)-(21_2:30)-<br>Código: 0848<br>Coordenadas: -41.1204553 -71.3792499<br>Garita: 1.0<br>Cartel: <br>Observaciones: <br>Conexiones: (10_A2:45)-(10_B2:46)-(10_C2:55)-(13/22_A2:48)-(20_2:48)-(21_2:30)-"},"styleUrl":"#icon-1739-E65100","icon-scale":1,"icon":"images/icon-1.png","descripción":"Código: 0848\nCoordenadas: -41.1204553 -71.3792499\nGarita: 1\nCartel: \nObservaciones: \nConexiones: (10_A2:45)-(10_B2:46)-(10_C2:55)-(13/22_A2:48)-(20_2:48)-(21_2:30)-","Código":"0848","Coordenadas":"-41.1204553 -71.3792499","Garita":"1.0","Cartel":"","Observaciones":"","Conexiones":"(10_A2:45)-(10_B2:46)-(10_C2:55)-(13/22_A2:48)-(20_2:48)-(21_2:30)-"}},
{"type":"Feature","geometry":{"type":"Point","coordinates":[-71.376506,-41.121127,0]},"properties":{"name":"Av. Bustillo y La Cascada -b","description":{"@type":"html","value":"descripción: Código: 0849<br>Coordenadas: -41.121127 -71.376506<br>Garita: 1<br>Cartel: <br>Observaciones: <br>Conexiones: (10_A2:46)-(10_B2:47)-(10_C2:56)-(13/22_A2:49)-(20_2:49)-(21_2:31)-<br>Código: 0849<br>Coordenadas: -41.121127 -71.376506<br>Garita: 1.0<br>Cartel: <br>Observaciones: <br>Conexiones: (10_A2:46)-(10_B2:47)-(10_C2:56)-(13/22_A2:49)-(20_2:49)-(21_2:31)-"},"styleUrl":"#icon-1739-E65100","icon-scale":1,"icon":"images/icon-1.png","descripción":"Código: 0849\nCoordenadas: -41.121127 -71.376506\nGarita: 1\nCartel: \nObservaciones: \nConexiones: (10_A2:46)-(10_B2:47)-(10_C2:56)-(13/22_A2:49)-(20_2:49)-(21_2:31)-","Código":"0849","Coordenadas":"-41.121127 -71.376506","Garita":"1.0","Cartel":"","Observaciones":"","Conexiones":"(10_A2:46)-(10_B2:47)-(10_C2:56)-(13/22_A2:49)-(20_2:49)-(21_2:31)-"}},
{"type":"Feature","geometry":{"type":"Point","coordinates":[-71.373403,-41.121364,0]},"properties":{"name":"Av. Bustillo y Pehuén -b","description":{"@type":"html","value":"descripción: Código: 0850<br>Coordenadas: -41.121364 -71.373403<br>Garita: 1<br>Cartel: <br>Observaciones: <br>Conexiones: (20_2:50)-(21_2:32)-<br>Código: 0850<br>Coordenadas: -41.121364 -71.373403<br>Garita: 1.0<br>Cartel: <br>Observaciones: <br>Conexiones: (20_2:50)-(21_2:32)-"},"styleUrl":"#icon-1739-E65100","icon-scale":1,"icon":"images/icon-1.png","descripción":"Código: 0850\nCoordenadas: -41.121364 -71.373403\nGarita: 1\nCartel: \nObservaciones: \nConexiones: (20_2:50)-(21_2:32)-","Código":"0850","Coordenadas":"-41.121364 -71.373403","Garita":"1.0","Cartel":"","Observaciones":"","Conexiones":"(20_2:50)-(21_2:32)-"}},
{"type":"Feature","geometry":{"type":"Point","coordinates":[-71.367464,-41.121918,0]},"properties":{"name":"Av. Bustillo Km.5 -b","description":{"@type":"html","value":"descripción: Código: 0851<br>Coordenadas: -41.1219178 -71.3674636<br>Garita: 1<br>Cartel: <br>Observaciones: <br>Conexiones: (10_A2:47)-(10_B2:48)-(10_C2:57)-(13/22_A2:50)-(20_2:51)-(21_2:33)-<br>Código: 0851<br>Coordenadas: -41.1219178 -71.3674636<br>Garita: 1.0<br>Cartel: <br>Observaciones: <br>Conexiones: (10_A2:47)-(10_B2:48)-(10_C2:57)-(13/22_A2:50)-(20_2:51)-(21_2:33)-"},"styleUrl":"#icon-1739-E65100","icon-scale":1,"icon":"images/icon-1.png","descripción":"Código: 0851\nCoordenadas: -41.1219178 -71.3674636\nGarita: 1\nCartel: \nObservaciones: \nConexiones: (10_A2:47)-(10_B2:48)-(10_C2:57)-(13/22_A2:50)-(20_2:51)-(21_2:33)-","Código":"0851","Coordenadas":"-41.1219178 -71.3674636","Garita":"1.0","Cartel":"","Observaciones":"","Conexiones":"(10_A2:47)-(10_B2:48)-(10_C2:57)-(13/22_A2:50)-(20_2:51)-(21_2:33)-"}},
{"type":"Feature","geometry":{"type":"Point","coordinates":[-71.361312,-41.123771,0]},"properties":{"name":"Av. Bustillo Km.4.600 -b","description":{"@type":"html","value":"descripción: Código: 0852<br>Coordenadas: -41.1237707 -71.3613119<br>Garita: 1<br>Cartel: <br>Observaciones: <br>Conexiones: (10_A2:49)-(10_B2:50)-(10_C2:59)-(13/22_A2:52)-(20_2:53)-(21_2:35)-<br>Código: 0852<br>Coordenadas: -41.1237707 -71.3613119<br>Garita: 1.0<br>Cartel: <br>Observaciones: <br>Conexiones: (10_A2:49)-(10_B2:50)-(10_C2:59)-(13/22_A2:52)-(20_2:53)-(21_2:35)-"},"styleUrl":"#icon-1739-E65100","icon-scale":1,"icon":"images/icon-1.png","descripción":"Código: 0852\nCoordenadas: -41.1237707 -71.3613119\nGarita: 1\nCartel: \nObservaciones: \nConexiones: (10_A2:49)-(10_B2:50)-(10_C2:59)-(13/22_A2:52)-(20_2:53)-(21_2:35)-","Código":"0852","Coordenadas":"-41.1237707 -71.3613119","Garita":"1.0","Cartel":"","Observaciones":"","Conexiones":"(10_A2:49)-(10_B2:50)-(10_C2:59)-(13/22_A2:52)-(20_2:53)-(21_2:35)-"}},
{"type":"Feature","geometry":{"type":"Point","coordinates":[-71.357278,-41.125738,0]},"properties":{"name":"Av. Bustillo Km.4.200 -b","description":{"@type":"html","value":"descripción: Código: 0853<br>Coordenadas: -41.1257382 -71.3572776<br>Garita: <br>Cartel: <br>Observaciones: <br>Conexiones: (10_A2:50)-(10_B2:51)-(10_C2:60)-(13/22_A2:53)-(20_2:54)-(21_2:36)-<br>Código: 0853<br>Coordenadas: -41.1257382 -71.3572776<br>Garita: <br>Cartel: <br>Observaciones: <br>Conexiones: (10_A2:50)-(10_B2:51)-(10_C2:60)-(13/22_A2:53)-(20_2:54)-(21_2:36)-"},"styleUrl":"#icon-1739-E65100","icon-scale":1,"icon":"images/icon-1.png","descripción":"Código: 0853\nCoordenadas: -41.1257382 -71.3572776\nGarita: \nCartel: \nObservaciones: \nConexiones: (10_A2:50)-(10_B2:51)-(10_C2:60)-(13/22_A2:53)-(20_2:54)-(21_2:36)-","Código":"0853","Coordenadas":"-41.1257382 -71.3572776","Garita":"","Cartel":"","Observaciones":"","Conexiones":"(10_A2:50)-(10_B2:51)-(10_C2:60)-(13/22_A2:53)-(20_2:54)-(21_2:36)-"}},
{"type":"Feature","geometry":{"type":"Point","coordinates":[-71.354399,-41.126515,0]},"properties":{"name":"Av. Bustillo Km.4 - Playa Melipal -b","description":{"@type":"html","value":"descripción: Código: 0854<br>Coordenadas: -41.1265147 -71.3543991<br>Garita: 1<br>Cartel: <br>Observaciones: <br>Conexiones: (10_A2:51)-(10_B2:52)-(10_C2:61)-(13/22_A2:54)-(20_2:55)-(21_2:37)-<br>Código: 0854<br>Coordenadas: -41.1265147 -71.3543991<br>Garita: 1.0<br>Cartel: <br>Observaciones: <br>Conexiones: (10_A2:51)-(10_B2:52)-(10_C2:61)-(13/22_A2:54)-(20_2:55)-(21_2:37)-"},"styleUrl":"#icon-1739-E65100","icon-scale":1,"icon":"images/icon-1.png","descripción":"Código: 0854\nCoordenadas: -41.1265147 -71.3543991\nGarita: 1\nCartel: \nObservaciones: \nConexiones: (10_A2:51)-(10_B2:52)-(10_C2:61)-(13/22_A2:54)-(20_2:55)-(21_2:37)-","Código":"0854","Coordenadas":"-41.1265147 -71.3543991","Garita":"1.0","Cartel":"","Observaciones":"","Conexiones":"(10_A2:51)-(10_B2:52)-(10_C2:61)-(13/22_A2:54)-(20_2:55)-(21_2:37)-"}},
{"type":"Feature","geometry":{"type":"Point","coordinates":[-71.349852,-41.128269,0]},"properties":{"name":"Av. Bustillo Km.3.700 -b","description":{"@type":"html","value":"descripción: Código: 0855<br>Coordenadas: -41.1282691 -71.3498517<br>Garita: <br>Cartel: <br>Observaciones: <br>Conexiones: (10_A2:52)-(10_B2:53)-(10_C2:62)-(13/22_A2:55)-(20_2:56)-(21_2:38)-<br>Código: 0855<br>Coordenadas: -41.1282691 -71.3498517<br>Garita: <br>Cartel: <br>Observaciones: <br>Conexiones: (10_A2:52)-(10_B2:53)-(10_C2:62)-(13/22_A2:55)-(20_2:56)-(21_2:38)-"},"styleUrl":"#icon-1739-E65100","icon-scale":1,"icon":"images/icon-1.png","descripción":"Código: 0855\nCoordenadas: -41.1282691 -71.3498517\nGarita: \nCartel: \nObservaciones: \nConexiones: (10_A2:52)-(10_B2:53)-(10_C2:62)-(13/22_A2:55)-(20_2:56)-(21_2:38)-","Código":"0855","Coordenadas":"-41.1282691 -71.3498517","Garita":"","Cartel":"","Observaciones":"","Conexiones":"(10_A2:52)-(10_B2:53)-(10_C2:62)-(13/22_A2:55)-(20_2:56)-(21_2:38)-"}},
{"type":"Feature","geometry":{"type":"Point","coordinates":[-71.347192,-41.129352,0]},"properties":{"name":"Av. Bustillo km.3.200 -b","description":{"@type":"html","value":"descripción: Código: 0856<br>Coordenadas: -41.1293519 -71.3471918<br>Garita: 1<br>Cartel: <br>Observaciones: <br>Conexiones: (10_A2:53)-(10_B2:54)-(10_C2:63)-(13/22_A2:56)-(20_2:57)-(21_2:39)-<br>Código: 0856<br>Coordenadas: -41.1293519 -71.3471918<br>Garita: 1.0<br>Cartel: <br>Observaciones: <br>Conexiones: (10_A2:53)-(10_B2:54)-(10_C2:63)-(13/22_A2:56)-(20_2:57)-(21_2:39)-"},"styleUrl":"#icon-1739-E65100","icon-scale":1,"icon":"images/icon-1.png","descripción":"Código: 0856\nCoordenadas: -41.1293519 -71.3471918\nGarita: 1\nCartel: \nObservaciones: \nConexiones: (10_A2:53)-(10_B2:54)-(10_C2:63)-(13/22_A2:56)-(20_2:57)-(21_2:39)-","Código":"0856","Coordenadas":"-41.1293519 -71.3471918","Garita":"1.0","Cartel":"","Observaciones":"","Conexiones":"(10_A2:53)-(10_B2:54)-(10_C2:63)-(13/22_A2:56)-(20_2:57)-(21_2:39)-"}},
{"type":"Feature","geometry":{"type":"Point","coordinates":[-71.341476,-41.130996,0]},"properties":{"name":"Av. Bustillo Km.2.800 -b","description":{"@type":"html","value":"descripción: Código: 0857<br>Coordenadas: -41.1309962 -71.3414764<br>Garita: 1<br>Cartel: <br>Observaciones: <br>Conexiones: (10_A2:54)-(10_B2:55)-(10_C2:64)-(13/22_A2:57)-(20_2:58)-(21_2:40)-<br>Código: 0857<br>Coordenadas: -41.1309962 -71.3414764<br>Garita: 1.0<br>Cartel: <br>Observaciones: <br>Conexiones: (10_A2:54)-(10_B2:55)-(10_C2:64)-(13/22_A2:57)-(20_2:58)-(21_2:40)-"},"styleUrl":"#icon-1739-E65100","icon-scale":1,"icon":"images/icon-1.png","descripción":"Código: 0857\nCoordenadas: -41.1309962 -71.3414764\nGarita: 1\nCartel: \nObservaciones: \nConexiones: (10_A2:54)-(10_B2:55)-(10_C2:64)-(13/22_A2:57)-(20_2:58)-(21_2:40)-","Código":"0857","Coordenadas":"-41.1309962 -71.3414764","Garita":"1.0","Cartel":"","Observaciones":"","Conexiones":"(10_A2:54)-(10_B2:55)-(10_C2:64)-(13/22_A2:57)-(20_2:58)-(21_2:40)-"}},
{"type":"Feature","geometry":{"type":"Point","coordinates":[-71.338554,-41.131548,0]},"properties":{"name":"Av. Bustillo Km.2.500 -b","description":{"@type":"html","value":"descripción: Código: 0858<br>Coordenadas: -41.1315477 -71.3385542<br>Garita: <br>Cartel: <br>Observaciones: <br>Conexiones: (10_A2:55)-(10_B2:56)-(10_C2:65)-(13/22_A2:58)-(20_2:59)-(21_2:41)-<br>Código: 0858<br>Coordenadas: -41.1315477 -71.3385542<br>Garita: <br>Cartel: <br>Observaciones: <br>Conexiones: (10_A2:55)-(10_B2:56)-(10_C2:65)-(13/22_A2:58)-(20_2:59)-(21_2:41)-"},"styleUrl":"#icon-1739-E65100","icon-scale":1,"icon":"images/icon-1.png","descripción":"Código: 0858\nCoordenadas: -41.1315477 -71.3385542\nGarita: \nCartel: \nObservaciones: \nConexiones: (10_A2:55)-(10_B2:56)-(10_C2:65)-(13/22_A2:58)-(20_2:59)-(21_2:41)-","Código":"0858","Coordenadas":"-41.1315477 -71.3385542","Garita":"","Cartel":"","Observaciones":"","Conexiones":"(10_A2:55)-(10_B2:56)-(10_C2:65)-(13/22_A2:58)-(20_2:59)-(21_2:41)-"}},
{"type":"Feature","geometry":{"type":"Point","coordinates":[-71.333625,-41.13207,0]},"properties":{"name":"Av. Bustillo km.2 -b","description":{"@type":"html","value":"descripción: Código: 0859<br>Coordenadas: -41.1320698 -71.3336254<br>Garita: <br>Cartel: <br>Observaciones: <br>Conexiones: (10_A2:56)-(10_B2:57)-(10_C2:66)-(13/22_A2:59)-(20_2:60)-(21_2:42)-<br>Código: 0859<br>Coordenadas: -41.1320698 -71.3336254<br>Garita: <br>Cartel: <br>Observaciones: <br>Conexiones: (10_A2:56)-(10_B2:57)-(10_C2:66)-(13/22_A2:59)-(20_2:60)-(21_2:42)-"},"styleUrl":"#icon-1739-E65100","icon-scale":1,"icon":"images/icon-1.png","descripción":"Código: 0859\nCoordenadas: -41.1320698 -71.3336254\nGarita: \nCartel: \nObservaciones: \nConexiones: (10_A2:56)-(10_B2:57)-(10_C2:66)-(13/22_A2:59)-(20_2:60)-(21_2:42)-","Código":"0859","Coordenadas":"-41.1320698 -71.3336254","Garita":"","Cartel":"","Observaciones":"","Conexiones":"(10_A2:56)-(10_B2:57)-(10_C2:66)-(13/22_A2:59)-(20_2:60)-(21_2:42)-"}},
{"type":"Feature","geometry":{"type":"Point","coordinates":[-71.324257,-41.131735,0]},"properties":{"name":"Av. Bustillo Km.1 -b","description":{"@type":"html","value":"descripción: Código: 0860<br>Coordenadas: -41.131735 -71.3242566<br>Garita: <br>Cartel: <br>Observaciones: <br>Conexiones: (10_A2:58)-(10_B2:59)-(10_C2:68)-(13/22_A2:61)-(20_2:62)-(21_2:44)-<br>Código: 0860<br>Coordenadas: -41.131735 -71.3242566<br>Garita: <br>Cartel: <br>Observaciones: <br>Conexiones: (10_A2:58)-(10_B2:59)-(10_C2:68)-(13/22_A2:61)-(20_2:62)-(21_2:44)-"},"styleUrl":"#icon-1739-E65100","icon-scale":1,"icon":"images/icon-1.png","descripción":"Código: 0860\nCoordenadas: -41.131735 -71.3242566\nGarita: \nCartel: \nObservaciones: \nConexiones: (10_A2:58)-(10_B2:59)-(10_C2:68)-(13/22_A2:61)-(20_2:62)-(21_2:44)-","Código":"0860","Coordenadas":"-41.131735 -71.3242566","Garita":"","Cartel":"","Observaciones":"","Conexiones":"(10_A2:58)-(10_B2:59)-(10_C2:68)-(13/22_A2:61)-(20_2:62)-(21_2:44)-"}},
{"type":"Feature","geometry":{"type":"Point","coordinates":[-71.31996,-41.13262,0]},"properties":{"name":"Av. Bustillo - Sanatorio -b","description":{"@type":"html","value":"descripción: Código: 0861<br>Coordenadas: -41.1326204 -71.3199596<br>Garita: 1<br>Cartel: <br>Observaciones: <br>Conexiones: (10_A2:59)-(10_B2:60)-(10_C2:69)-(13/22_A2:62)-(20_2:63)-(21_2:45)-<br>Código: 0861<br>Coordenadas: -41.1326204 -71.3199596<br>Garita: 1.0<br>Cartel: <br>Observaciones: <br>Conexiones: (10_A2:59)-(10_B2:60)-(10_C2:69)-(13/22_A2:62)-(20_2:63)-(21_2:45)-"},"styleUrl":"#icon-1739-E65100","icon-scale":1,"icon":"images/icon-1.png","descripción":"Código: 0861\nCoordenadas: -41.1326204 -71.3199596\nGarita: 1\nCartel: \nObservaciones: \nConexiones: (10_A2:59)-(10_B2:60)-(10_C2:69)-(13/22_A2:62)-(20_2:63)-(21_2:45)-","Código":"0861","Coordenadas":"-41.1326204 -71.3199596","Garita":"1.0","Cartel":"","Observaciones":"","Conexiones":"(10_A2:59)-(10_B2:60)-(10_C2:69)-(13/22_A2:62)-(20_2:63)-(21_2:45)-"}},
{"type":"Feature","geometry":{"type":"Point","coordinates":[-71.316328,-41.133641,0]},"properties":{"name":"San Martin y Berutti","description":{"@type":"html","value":"descripción: Código: 0862<br>Coordenadas: -41.1336408 -71.3163277<br>Garita: <br>Cartel: 1<br>Observaciones: <br>Conexiones: (10_A2:60)-(10_B2:61)-(10_C2:70)-(13/22_A2:63)-(20_2:64)-(21_2:46)-<br>Código: 0862<br>Coordenadas: -41.1336408 -71.3163277<br>Garita: <br>Cartel: 1.0<br>Observaciones: <br>Conexiones: (10_A2:60)-(10_B2:61)-(10_C2:70)-(13/22_A2:63)-(20_2:64)-(21_2:46)-"},"styleUrl":"#icon-1739-E65100","icon-scale":1,"icon":"images/icon-1.png","descripción":"Código: 0862\nCoordenadas: -41.1336408 -71.3163277\nGarita: \nCartel: 1\nObservaciones: \nConexiones: (10_A2:60)-(10_B2:61)-(10_C2:70)-(13/22_A2:63)-(20_2:64)-(21_2:46)-","Código":"0862","Coordenadas":"-41.1336408 -71.3163277","Garita":"","Cartel":"1.0","Observaciones":"","Conexiones":"(10_A2:60)-(10_B2:61)-(10_C2:70)-(13/22_A2:63)-(20_2:64)-(21_2:46)-"}},
{"type":"Feature","geometry":{"type":"Point","coordinates":[-71.310588,-41.134616,0]},"properties":{"name":"San Martín - Centro Cívico -b","description":{"@type":"html","value":"descripción: Código: 0864<br>Coordenadas: -41.1346163 -71.3105885<br>Garita: 1<br>Cartel: <br>Observaciones: <br>Conexiones: (10_A2:62)-(10_B2:63)-(10_C2:72)-(13/22_A2:65)-(20_2:66)-(21_2:48)-<br>Código: 0864<br>Coordenadas: -41.1346163 -71.3105885<br>Garita: 1.0<br>Cartel: <br>Observaciones: <br>Conexiones: (10_A2:62)-(10_B2:63)-(10_C2:72)-(13/22_A2:65)-(20_2:66)-(21_2:48)-"},"styleUrl":"#icon-1739-E65100","icon-scale":1,"icon":"images/icon-1.png","descripción":"Código: 0864\nCoordenadas: -41.1346163 -71.3105885\nGarita: 1\nCartel: \nObservaciones: \nConexiones: (10_A2:62)-(10_B2:63)-(10_C2:72)-(13/22_A2:65)-(20_2:66)-(21_2:48)-","Código":"0864","Coordenadas":"-41.1346163 -71.3105885","Garita":"1.0","Cartel":"","Observaciones":"","Conexiones":"(10_A2:62)-(10_B2:63)-(10_C2:72)-(13/22_A2:65)-(20_2:66)-(21_2:48)-"}},
{"type":"Feature","geometry":{"type":"Point","coordinates":[-71.271052,-41.13018,0]},"properties":{"name":"Terminal de Ómnibus - Cabecera","description":{"@type":"html","value":"descripción: Código: 0901<br>Coordenadas: -41.1301796 -71.2710522<br>Garita: <br>Cartel: <br>Observaciones: <br>Conexiones: (10_A2:77)-(10_B2:76)-(10_C2:86)-(13/22_A2:77)-(20_2:76)-(21_2:58)-(55_2:51)-(71/81_A2:43)-(71/81_B1:17)-(71/81_C1:17)-(72_2:14)-<br>Código: 0901<br>Coordenadas: -41.1301796 -71.2710522<br>Garita: <br>Cartel: <br>Observaciones: <br>Conexiones: (10_A2:77)-(10_B2:76)-(10_C2:86)-(13/22_A2:77)-(20_2:76)-(21_2:58)-(55_2:51)-(71/81_A2:43)-(71/81_B1:17)-(71/81_C1:17)-(72_2:14)-"},"styleUrl":"#icon-1739-E65100","icon-scale":1,"icon":"images/icon-1.png","descripción":"Código: 0901\nCoordenadas: -41.1301796 -71.2710522\nGarita: \nCartel: \nObservaciones: \nConexiones: (10_A2:77)-(10_B2:76)-(10_C2:86)-(13/22_A2:77)-(20_2:76)-(21_2:58)-(55_2:51)-(71/81_A2:43)-(71/81_B1:17)-(71/81_C1:17)-(72_2:14)-","Código":"0901","Coordenadas":"-41.1301796 -71.2710522","Garita":"","Cartel":"","Observaciones":"","Conexiones":"(10_A2:77)-(10_B2:76)-(10_C2:86)-(13/22_A2:77)-(20_2:76)-(21_2:58)-(55_2:51)-(71/81_A2:43)-(71/81_B1:17)-(71/81_C1:17)-(72_2:14)-"}},
{"type":"Feature","geometry":{"type":"Point","coordinates":[-71.324276,-41.131568,0]},"properties":{"name":"Av. Bustillo Km.1 -a","description":{"@type":"html","value":"descripción: Código: 0913<br>Coordenadas: -41.1315685 -71.3242765<br>Garita: <br>Cartel: 1<br>Observaciones: <br>Conexiones: (10_A1:13)-(10_B1:13)-(10_C1:13)-(13/22_A1:12)-(20_1:13)-(21_1:13)-<br>Código: 0913<br>Coordenadas: -41.1315685 -71.3242765<br>Garita: <br>Cartel: 1.0<br>Observaciones: <br>Conexiones: (10_A1:13)-(10_B1:13)-(10_C1:13)-(13/22_A1:12)-(20_1:13)-(21_1:13)-"},"styleUrl":"#icon-1739-E65100","icon-scale":1,"icon":"images/icon-1.png","descripción":"Código: 0913\nCoordenadas: -41.1315685 -71.3242765\nGarita: \nCartel: 1\nObservaciones: \nConexiones: (10_A1:13)-(10_B1:13)-(10_C1:13)-(13/22_A1:12)-(20_1:13)-(21_1:13)-","Código":"0913","Coordenadas":"-41.1315685 -71.3242765","Garita":"","Cartel":"1.0","Observaciones":"","Conexiones":"(10_A1:13)-(10_B1:13)-(10_C1:13)-(13/22_A1:12)-(20_1:13)-(21_1:13)-"}},
{"type":"Feature","geometry":{"type":"Point","coordinates":[-71.331139,-41.131747,0]},"properties":{"name":"Av. Bustillo Km.1.700 - Mirador","description":{"@type":"html","value":"descripción: Código: 0914<br>Coordenadas: -41.1317474 -71.3311392<br>Garita: <br>Cartel: <br>Observaciones: <br>Conexiones: (10_A1:14)-(10_B1:14)-(10_C1:14)-(13/22_A1:13)-(20_1:14)-(21_1:14)-<br>Código: 0914<br>Coordenadas: -41.1317474 -71.3311392<br>Garita: <br>Cartel: <br>Observaciones: <br>Conexiones: (10_A1:14)-(10_B1:14)-(10_C1:14)-(13/22_A1:13)-(20_1:14)-(21_1:14)-"},"styleUrl":"#icon-1739-E65100","icon-scale":1,"icon":"images/icon-1.png","descripción":"Código: 0914\nCoordenadas: -41.1317474 -71.3311392\nGarita: \nCartel: \nObservaciones: \nConexiones: (10_A1:14)-(10_B1:14)-(10_C1:14)-(13/22_A1:13)-(20_1:14)-(21_1:14)-","Código":"0914","Coordenadas":"-41.1317474 -71.3311392","Garita":"","Cartel":"","Observaciones":"","Conexiones":"(10_A1:14)-(10_B1:14)-(10_C1:14)-(13/22_A1:13)-(20_1:14)-(21_1:14)-"}},
{"type":"Feature","geometry":{"type":"Point","coordinates":[-71.338598,-41.131334,0]},"properties":{"name":"Av. Bustillo Km.2.500 -a","description":{"@type":"html","value":"descripción: Código: 0915<br>Coordenadas: -41.1313343 -71.3385977<br>Garita: <br>Cartel: <br>Observaciones: <br>Conexiones: (10_A1:16)-(10_B1:16)-(10_C1:16)-(13/22_A1:15)-(20_1:16)-(21_1:16)-<br>Código: 0915<br>Coordenadas: -41.1313343 -71.3385977<br>Garita: <br>Cartel: <br>Observaciones: <br>Conexiones: (10_A1:16)-(10_B1:16)-(10_C1:16)-(13/22_A1:15)-(20_1:16)-(21_1:16)-"},"styleUrl":"#icon-1739-E65100","icon-scale":1,"icon":"images/icon-1.png","descripción":"Código: 0915\nCoordenadas: -41.1313343 -71.3385977\nGarita: \nCartel: \nObservaciones: \nConexiones: (10_A1:16)-(10_B1:16)-(10_C1:16)-(13/22_A1:15)-(20_1:16)-(21_1:16)-","Código":"0915","Coordenadas":"-41.1313343 -71.3385977","Garita":"","Cartel":"","Observaciones":"","Conexiones":"(10_A1:16)-(10_B1:16)-(10_C1:16)-(13/22_A1:15)-(20_1:16)-(21_1:16)-"}},
{"type":"Feature","geometry":{"type":"Point","coordinates":[-71.345371,-41.129557,0]},"properties":{"name":"Av. Bustillo Km.3.100 -a","description":{"@type":"html","value":"descripción: Código: 0916<br>Coordenadas: -41.1295568 -71.3453709<br>Garita: 1<br>Cartel: <br>Observaciones: <br>Conexiones: (10_A1:18)-(10_B1:18)-(10_C1:18)-(13/22_A1:17)-(20_1:18)-(21_1:18)-<br>Código: 0916<br>Coordenadas: -41.1295568 -71.3453709<br>Garita: 1.0<br>Cartel: <br>Observaciones: <br>Conexiones: (10_A1:18)-(10_B1:18)-(10_C1:18)-(13/22_A1:17)-(20_1:18)-(21_1:18)-"},"styleUrl":"#icon-1739-E65100","icon-scale":1,"icon":"images/icon-1.png","descripción":"Código: 0916\nCoordenadas: -41.1295568 -71.3453709\nGarita: 1\nCartel: \nObservaciones: \nConexiones: (10_A1:18)-(10_B1:18)-(10_C1:18)-(13/22_A1:17)-(20_1:18)-(21_1:18)-","Código":"0916","Coordenadas":"-41.1295568 -71.3453709","Garita":"1.0","Cartel":"","Observaciones":"","Conexiones":"(10_A1:18)-(10_B1:18)-(10_C1:18)-(13/22_A1:17)-(20_1:18)-(21_1:18)-"}},
{"type":"Feature","geometry":{"type":"Point","coordinates":[-71.357053,-41.125639,0]},"properties":{"name":"Av. Bustillo Km.4200 -a","description":{"@type":"html","value":"descripción: Código: 0920<br>Coordenadas: -41.1256391 -71.3570534<br>Garita: <br>Cartel: <br>Observaciones: <br>Conexiones: (10_A1:22)-(10_B1:22)-(10_C1:22)-(13/22_A1:21)-(20_1:22)-(21_1:22)-<br>Código: 0920<br>Coordenadas: -41.1256391 -71.3570534<br>Garita: <br>Cartel: <br>Observaciones: <br>Conexiones: (10_A1:22)-(10_B1:22)-(10_C1:22)-(13/22_A1:21)-(20_1:22)-(21_1:22)-"},"styleUrl":"#icon-1739-E65100","icon-scale":1,"icon":"images/icon-1.png","descripción":"Código: 0920\nCoordenadas: -41.1256391 -71.3570534\nGarita: \nCartel: \nObservaciones: \nConexiones: (10_A1:22)-(10_B1:22)-(10_C1:22)-(13/22_A1:21)-(20_1:22)-(21_1:22)-","Código":"0920","Coordenadas":"-41.1256391 -71.3570534","Garita":"","Cartel":"","Observaciones":"","Conexiones":"(10_A1:22)-(10_B1:22)-(10_C1:22)-(13/22_A1:21)-(20_1:22)-(21_1:22)-"}},
{"type":"Feature","geometry":{"type":"Point","coordinates":[-71.360939,-41.123788,0]},"properties":{"name":"Av. Bustillo Km.4.600 -a","description":{"@type":"html","value":"descripción: Código: 0921<br>Coordenadas: -41.123788 -71.360939<br>Garita: 1<br>Cartel: <br>Observaciones: <br>Conexiones: (10_A1:23)-(10_B1:23)-(10_C1:23)-(13/22_A1:22)-(20_1:23)-(21_1:23)-<br>Código: 0921<br>Coordenadas: -41.123788 -71.360939<br>Garita: 1.0<br>Cartel: <br>Observaciones: <br>Conexiones: (10_A1:23)-(10_B1:23)-(10_C1:23)-(13/22_A1:22)-(20_1:23)-(21_1:23)-"},"styleUrl":"#icon-1739-E65100","icon-scale":1,"icon":"images/icon-1.png","descripción":"Código: 0921\nCoordenadas: -41.123788 -71.360939\nGarita: 1\nCartel: \nObservaciones: \nConexiones: (10_A1:23)-(10_B1:23)-(10_C1:23)-(13/22_A1:22)-(20_1:23)-(21_1:23)-","Código":"0921","Coordenadas":"-41.123788 -71.360939","Garita":"1.0","Cartel":"","Observaciones":"","Conexiones":"(10_A1:23)-(10_B1:23)-(10_C1:23)-(13/22_A1:22)-(20_1:23)-(21_1:23)-"}},
{"type":"Feature","geometry":{"type":"Point","coordinates":[-71.373665,-41.121272,0]},"properties":{"name":"Av. Bustillo y Pehuén -a","description":{"@type":"html","value":"descripción: Código: 0923<br>Coordenadas: -41.121272 -71.3736649<br>Garita: <br>Cartel: <br>Observaciones: <br>Conexiones: (10_A1:26)-(10_B1:26)-(10_C1:26)-(13/22_A1:25)-(20_1:26)-(21_1:26)-<br>Código: 0923<br>Coordenadas: -41.121272 -71.3736649<br>Garita: <br>Cartel: <br>Observaciones: <br>Conexiones: (10_A1:26)-(10_B1:26)-(10_C1:26)-(13/22_A1:25)-(20_1:26)-(21_1:26)-"},"styleUrl":"#icon-1739-E65100","icon-scale":1,"icon":"images/icon-1.png","descripción":"Código: 0923\nCoordenadas: -41.121272 -71.3736649\nGarita: \nCartel: \nObservaciones: \nConexiones: (10_A1:26)-(10_B1:26)-(10_C1:26)-(13/22_A1:25)-(20_1:26)-(21_1:26)-","Código":"0923","Coordenadas":"-41.121272 -71.3736649","Garita":"","Cartel":"","Observaciones":"","Conexiones":"(10_A1:26)-(10_B1:26)-(10_C1:26)-(13/22_A1:25)-(20_1:26)-(21_1:26)-"}},
{"type":"Feature","geometry":{"type":"Point","coordinates":[-71.376167,-41.12108,0]},"properties":{"name":"Av. Bustillo y La Cascada -a","description":{"@type":"html","value":"descripción: Código: 0925<br>Coordenadas: -41.1210805 -71.3761667<br>Garita: <br>Cartel: <br>Observaciones: <br>Conexiones: (10_A1:27)-(10_B1:27)-(10_C1:27)-(13/22_A1:26)-(20_1:27)-(21_1:27)-<br>Código: 0925<br>Coordenadas: -41.1210805 -71.3761667<br>Garita: <br>Cartel: <br>Observaciones: <br>Conexiones: (10_A1:27)-(10_B1:27)-(10_C1:27)-(13/22_A1:26)-(20_1:27)-(21_1:27)-"},"styleUrl":"#icon-1739-E65100","icon-scale":1,"icon":"images/icon-1.png","descripción":"Código: 0925\nCoordenadas: -41.1210805 -71.3761667\nGarita: \nCartel: \nObservaciones: \nConexiones: (10_A1:27)-(10_B1:27)-(10_C1:27)-(13/22_A1:26)-(20_1:27)-(21_1:27)-","Código":"0925","Coordenadas":"-41.1210805 -71.3761667","Garita":"","Cartel":"","Observaciones":"","Conexiones":"(10_A1:27)-(10_B1:27)-(10_C1:27)-(13/22_A1:26)-(20_1:27)-(21_1:27)-"}},
{"type":"Feature","geometry":{"type":"Point","coordinates":[-71.391078,-41.120492,0]},"properties":{"name":"Av. Bustillo Km.7.500 -a","description":{"@type":"html","value":"descripción: Código: 0929<br>Coordenadas: -41.1204924 -71.3910783<br>Garita: 1<br>Cartel: <br>Observaciones: <br>Conexiones: (10_A1:31)-(10_B1:31)-(10_C1:31)-(13/22_A1:30)-(20_1:31)-(21_1:31)-<br>Código: 0929<br>Coordenadas: -41.1204924 -71.3910783<br>Garita: 1.0<br>Cartel: <br>Observaciones: <br>Conexiones: (10_A1:31)-(10_B1:31)-(10_C1:31)-(13/22_A1:30)-(20_1:31)-(21_1:31)-"},"styleUrl":"#icon-1739-E65100","icon-scale":1,"icon":"images/icon-1.png","descripción":"Código: 0929\nCoordenadas: -41.1204924 -71.3910783\nGarita: 1\nCartel: \nObservaciones: \nConexiones: (10_A1:31)-(10_B1:31)-(10_C1:31)-(13/22_A1:30)-(20_1:31)-(21_1:31)-","Código":"0929","Coordenadas":"-41.1204924 -71.3910783","Garita":"1.0","Cartel":"","Observaciones":"","Conexiones":"(10_A1:31)-(10_B1:31)-(10_C1:31)-(13/22_A1:30)-(20_1:31)-(21_1:31)-"}},
{"type":"Feature","geometry":{"type":"Point","coordinates":[-71.351176,-41.176705,0]},"properties":{"name":"Acceso Pilar II y San Juan Bosco","description":{"@type":"html","value":"descripción: Código: 1010<br>Coordenadas: -41.1767049 -71.3511756<br>Garita: <br>Cartel: 1<br>Observaciones: <br>Conexiones: (40_1:34)-(61_B1:49)-<br>Código: 1010<br>Coordenadas: -41.1767049 -71.3511756<br>Garita: <br>Cartel: 1.0<br>Observaciones: <br>Conexiones: (40_1:34)-(61_B1:49)-"},"styleUrl":"#icon-1739-E65100","icon-scale":1,"icon":"images/icon-1.png","descripción":"Código: 1010\nCoordenadas: -41.1767049 -71.3511756\nGarita: \nCartel: 1\nObservaciones: \nConexiones: (40_1:34)-(61_B1:49)-","Código":"1010","Coordenadas":"-41.1767049 -71.3511756","Garita":"","Cartel":"1.0","Observaciones":"","Conexiones":"(40_1:34)-(61_B1:49)-"}},
{"type":"Feature","geometry":{"type":"Point","coordinates":[-71.35131,-41.178175,0]},"properties":{"name":"Vicente Robles y San Juan Bosco -a","description":{"@type":"html","value":"descripción: Código: 1011<br>Coordenadas: -41.1781753 -71.3513103<br>Garita: <br>Cartel: <br>Observaciones: <br>Conexiones: (40_1:35)-(61_B1:50)-<br>Código: 1011<br>Coordenadas: -41.1781753 -71.3513103<br>Garita: <br>Cartel: <br>Observaciones: <br>Conexiones: (40_1:35)-(61_B1:50)-"},"styleUrl":"#icon-1739-E65100","icon-scale":1,"icon":"images/icon-1.png","descripción":"Código: 1011\nCoordenadas: -41.1781753 -71.3513103\nGarita: \nCartel: \nObservaciones: \nConexiones: (40_1:35)-(61_B1:50)-","Código":"1011","Coordenadas":"-41.1781753 -71.3513103","Garita":"","Cartel":"","Observaciones":"","Conexiones":"(40_1:35)-(61_B1:50)-"}},
{"type":"Feature","geometry":{"type":"Point","coordinates":[-71.3523,-41.179194,0]},"properties":{"name":"15 de febrero y Primeros Pobladores -a","description":{"@type":"html","value":"descripción: Código: 1012<br>Coordenadas: -41.1791942 -71.3522997<br>Garita: 1<br>Cartel: <br>Observaciones: <br>Conexiones: (40_1:36)-(61_B1:51)-<br>Código: 1012<br>Coordenadas: -41.1791942 -71.3522997<br>Garita: 1.0<br>Cartel: <br>Observaciones: <br>Conexiones: (40_1:36)-(61_B1:51)-"},"styleUrl":"#icon-1739-E65100","icon-scale":1,"icon":"images/icon-1.png","descripción":"Código: 1012\nCoordenadas: -41.1791942 -71.3522997\nGarita: 1\nCartel: \nObservaciones: \nConexiones: (40_1:36)-(61_B1:51)-","Código":"1012","Coordenadas":"-41.1791942 -71.3522997","Garita":"1.0","Cartel":"","Observaciones":"","Conexiones":"(40_1:36)-(61_B1:51)-"}},
{"type":"Feature","geometry":{"type":"Point","coordinates":[-71.351616,-41.18088,0]},"properties":{"name":"15 de Febrero y El Ventana","description":{"@type":"html","value":"descripción: Código: 1013<br>Coordenadas: -41.1808796 -71.3516163<br>Garita: <br>Cartel: <br>Observaciones: <br>Conexiones: (40_1:37)-(61_B1:52)-<br>Código: 1013<br>Coordenadas: -41.1808796 -71.3516163<br>Garita: <br>Cartel: <br>Observaciones: <br>Conexiones: (40_1:37)-(61_B1:52)-"},"styleUrl":"#icon-1739-E65100","icon-scale":1,"icon":"images/icon-1.png","descripción":"Código: 1013\nCoordenadas: -41.1808796 -71.3516163\nGarita: \nCartel: \nObservaciones: \nConexiones: (40_1:37)-(61_B1:52)-","Código":"1013","Coordenadas":"-41.1808796 -71.3516163","Garita":"","Cartel":"","Observaciones":"","Conexiones":"(40_1:37)-(61_B1:52)-"}},
{"type":"Feature","geometry":{"type":"Point","coordinates":[-71.351048,-41.182134,0]},"properties":{"name":"15 de febrero y Centinela del Bosque -a","description":{"@type":"html","value":"descripción: Código: 1014<br>Coordenadas: -41.1821345 -71.3510482<br>Garita: 1<br>Cartel: <br>Observaciones: <br>Conexiones: (40_1:38)-(61_B1:53)-<br>Código: 1014<br>Coordenadas: -41.1821345 -71.3510482<br>Garita: 1.0<br>Cartel: <br>Observaciones: <br>Conexiones: (40_1:38)-(61_B1:53)-"},"styleUrl":"#icon-1739-E65100","icon-scale":1,"icon":"images/icon-1.png","descripción":"Código: 1014\nCoordenadas: -41.1821345 -71.3510482\nGarita: 1\nCartel: \nObservaciones: \nConexiones: (40_1:38)-(61_B1:53)-","Código":"1014","Coordenadas":"-41.1821345 -71.3510482","Garita":"1.0","Cartel":"","Observaciones":"","Conexiones":"(40_1:38)-(61_B1:53)-"}},
{"type":"Feature","geometry":{"type":"Point","coordinates":[-71.350308,-41.182846,0]},"properties":{"name":"A. Acevedo y 15 de Febrero -a","description":{"@type":"html","value":"descripción: Código: 1015<br>Coordenadas: -41.1828461 -71.3503081<br>Garita: <br>Cartel: <br>Observaciones: <br>Conexiones: (40_1:39)-(61_B1:54)-<br>Código: 1015<br>Coordenadas: -41.1828461 -71.3503081<br>Garita: <br>Cartel: <br>Observaciones: <br>Conexiones: (40_1:39)-(61_B1:54)-"},"styleUrl":"#icon-1739-E65100","icon-scale":1,"icon":"images/icon-1.png","descripción":"Código: 1015\nCoordenadas: -41.1828461 -71.3503081\nGarita: \nCartel: \nObservaciones: \nConexiones: (40_1:39)-(61_B1:54)-","Código":"1015","Coordenadas":"-41.1828461 -71.3503081","Garita":"","Cartel":"","Observaciones":"","Conexiones":"(40_1:39)-(61_B1:54)-"}},
{"type":"Feature","geometry":{"type":"Point","coordinates":[-71.347003,-41.181649,0]},"properties":{"name":"Acceso a Pilar II y Angélica Acevedo","description":{"@type":"html","value":"descripción: Código: 1016<br>Coordenadas: -41.1816492 -71.3470027<br>Garita: <br>Cartel: <br>Observaciones: <br>Conexiones: (40_1:40)-(61_B1:55)-<br>Código: 1016<br>Coordenadas: -41.1816492 -71.3470027<br>Garita: <br>Cartel: <br>Observaciones: <br>Conexiones: (40_1:40)-(61_B1:55)-"},"styleUrl":"#icon-1739-E65100","icon-scale":1,"icon":"images/icon-1.png","descripción":"Código: 1016\nCoordenadas: -41.1816492 -71.3470027\nGarita: \nCartel: \nObservaciones: \nConexiones: (40_1:40)-(61_B1:55)-","Código":"1016","Coordenadas":"-41.1816492 -71.3470027","Garita":"","Cartel":"","Observaciones":"","Conexiones":"(40_1:40)-(61_B1:55)-"}},
{"type":"Feature","geometry":{"type":"Point","coordinates":[-71.344234,-41.185001,0]},"properties":{"name":"Acceso Dos Valles -a","description":{"@type":"html","value":"descripción: Código: 1017<br>Coordenadas: -41.1850011 -71.344234<br>Garita: <br>Cartel: <br>Observaciones: <br>Conexiones: (40_1:41)-(61_B1:56)-<br>Código: 1017<br>Coordenadas: -41.1850011 -71.344234<br>Garita: <br>Cartel: <br>Observaciones: <br>Conexiones: (40_1:41)-(61_B1:56)-"},"styleUrl":"#icon-1739-E65100","icon-scale":1,"icon":"images/icon-1.png","descripción":"Código: 1017\nCoordenadas: -41.1850011 -71.344234\nGarita: \nCartel: \nObservaciones: \nConexiones: (40_1:41)-(61_B1:56)-","Código":"1017","Coordenadas":"-41.1850011 -71.344234","Garita":"","Cartel":"","Observaciones":"","Conexiones":"(40_1:41)-(61_B1:56)-"}},
{"type":"Feature","geometry":{"type":"Point","coordinates":[-71.340431,-41.189452,0]},"properties":{"name":"Cabecera Pilar II -a","description":{"@type":"html","value":"descripción: Código: 1018<br>Coordenadas: -41.1894525 -71.3404308<br>Garita: 1<br>Cartel: <br>Observaciones: <br>Conexiones: (40_1:42)-(61_B1:57)-<br>Código: 1018<br>Coordenadas: -41.1894525 -71.3404308<br>Garita: 1.0<br>Cartel: <br>Observaciones: <br>Conexiones: (40_1:42)-(61_B1:57)-"},"styleUrl":"#icon-1739-E65100","icon-scale":1,"icon":"images/icon-1.png","descripción":"Código: 1018\nCoordenadas: -41.1894525 -71.3404308\nGarita: 1\nCartel: \nObservaciones: \nConexiones: (40_1:42)-(61_B1:57)-","Código":"1018","Coordenadas":"-41.1894525 -71.3404308","Garita":"1.0","Cartel":"","Observaciones":"","Conexiones":"(40_1:42)-(61_B1:57)-"}},
{"type":"Feature","geometry":{"type":"Point","coordinates":[-71.340264,-41.189392,0]},"properties":{"name":"Cabecera Pilar II -b","description":{"@type":"html","value":"descripción: Código: 1101<br>Coordenadas: -41.1893917 -71.340264<br>Garita: <br>Cartel: <br>Observaciones: <br>Conexiones: (40_2:1)-<br>Código: 1101<br>Coordenadas: -41.1893917 -71.340264<br>Garita: <br>Cartel: <br>Observaciones: <br>Conexiones: (40_2:1)-"},"styleUrl":"#icon-1739-E65100","icon-scale":1,"icon":"images/icon-1.png","descripción":"Código: 1101\nCoordenadas: -41.1893917 -71.340264\nGarita: \nCartel: \nObservaciones: \nConexiones: (40_2:1)-","Código":"1101","Coordenadas":"-41.1893917 -71.340264","Garita":"","Cartel":"","Observaciones":"","Conexiones":"(40_2:1)-"}},
{"type":"Feature","geometry":{"type":"Point","coordinates":[-71.344072,-41.184863,0]},"properties":{"name":"Acceso Dos Valles -b","description":{"@type":"html","value":"descripción: Código: 1102<br>Coordenadas: -41.1848631 -71.3440718<br>Garita: <br>Cartel: <br>Observaciones: <br>Conexiones: (40_2:2)-<br>Código: 1102<br>Coordenadas: -41.1848631 -71.3440718<br>Garita: <br>Cartel: <br>Observaciones: <br>Conexiones: (40_2:2)-"},"styleUrl":"#icon-1739-E65100","icon-scale":1,"icon":"images/icon-1.png","descripción":"Código: 1102\nCoordenadas: -41.1848631 -71.3440718\nGarita: \nCartel: \nObservaciones: \nConexiones: (40_2:2)-","Código":"1102","Coordenadas":"-41.1848631 -71.3440718","Garita":"","Cartel":"","Observaciones":"","Conexiones":"(40_2:2)-"}},
{"type":"Feature","geometry":{"type":"Point","coordinates":[-71.347558,-41.181464,0]},"properties":{"name":"Angélica Acevedo y Acceso a Pilar II","description":{"@type":"html","value":"descripción: Código: 1103<br>Coordenadas: -41.1814639 -71.3475582<br>Garita: <br>Cartel: <br>Observaciones: <br>Conexiones: (40_2:3)-<br>Código: 1103<br>Coordenadas: -41.1814639 -71.3475582<br>Garita: <br>Cartel: <br>Observaciones: <br>Conexiones: (40_2:3)-"},"styleUrl":"#icon-1739-E65100","icon-scale":1,"icon":"images/icon-1.png","descripción":"Código: 1103\nCoordenadas: -41.1814639 -71.3475582\nGarita: \nCartel: \nObservaciones: \nConexiones: (40_2:3)-","Código":"1103","Coordenadas":"-41.1814639 -71.3475582","Garita":"","Cartel":"","Observaciones":"","Conexiones":"(40_2:3)-"}},
{"type":"Feature","geometry":{"type":"Point","coordinates":[-71.350396,-41.182704,0]},"properties":{"name":"A. Acevedo y 15 de Febrero -b","description":{"@type":"html","value":"descripción: Código: 1104<br>Coordenadas: -41.1827045 -71.3503958<br>Garita: <br>Cartel: <br>Observaciones: <br>Conexiones: (40_2:4)-<br>Código: 1104<br>Coordenadas: -41.1827045 -71.3503958<br>Garita: <br>Cartel: <br>Observaciones: <br>Conexiones: (40_2:4)-"},"styleUrl":"#icon-1739-E65100","icon-scale":1,"icon":"images/icon-1.png","descripción":"Código: 1104\nCoordenadas: -41.1827045 -71.3503958\nGarita: \nCartel: \nObservaciones: \nConexiones: (40_2:4)-","Código":"1104","Coordenadas":"-41.1827045 -71.3503958","Garita":"","Cartel":"","Observaciones":"","Conexiones":"(40_2:4)-"}},
{"type":"Feature","geometry":{"type":"Point","coordinates":[-71.350904,-41.182101,0]},"properties":{"name":"15 de febrero y Centinela del Bosque -b","description":{"@type":"html","value":"descripción: Código: 1105<br>Coordenadas: -41.1821006 -71.3509035<br>Garita: 1<br>Cartel: <br>Observaciones: <br>Conexiones: (40_2:5)-<br>Código: 1105<br>Coordenadas: -41.1821006 -71.3509035<br>Garita: 1.0<br>Cartel: <br>Observaciones: <br>Conexiones: (40_2:5)-"},"styleUrl":"#icon-1739-E65100","icon-scale":1,"icon":"images/icon-1.png","descripción":"Código: 1105\nCoordenadas: -41.1821006 -71.3509035\nGarita: 1\nCartel: \nObservaciones: \nConexiones: (40_2:5)-","Código":"1105","Coordenadas":"-41.1821006 -71.3509035","Garita":"1.0","Cartel":"","Observaciones":"","Conexiones":"(40_2:5)-"}},
{"type":"Feature","geometry":{"type":"Point","coordinates":[-71.352108,-41.179168,0]},"properties":{"name":"15 de febrero y Primeros Pobladores -b","description":{"@type":"html","value":"descripción: Código: 1106<br>Coordenadas: -41.1791685 -71.3521075<br>Garita: 1<br>Cartel: <br>Observaciones: <br>Conexiones: (40_2:6)-<br>Código: 1106<br>Coordenadas: -41.1791685 -71.3521075<br>Garita: 1.0<br>Cartel: <br>Observaciones: <br>Conexiones: (40_2:6)-"},"styleUrl":"#icon-1739-E65100","icon-scale":1,"icon":"images/icon-1.png","descripción":"Código: 1106\nCoordenadas: -41.1791685 -71.3521075\nGarita: 1\nCartel: \nObservaciones: \nConexiones: (40_2:6)-","Código":"1106","Coordenadas":"-41.1791685 -71.3521075","Garita":"1.0","Cartel":"","Observaciones":"","Conexiones":"(40_2:6)-"}},
{"type":"Feature","geometry":{"type":"Point","coordinates":[-71.351039,-41.17825,0]},"properties":{"name":"Vicente Robles y San Juan Bosco -b","description":{"@type":"html","value":"descripción: Código: 1107<br>Coordenadas: -41.1782505 -71.351039<br>Garita: <br>Cartel: <br>Observaciones: <br>Conexiones: (40_2:7)-<br>Código: 1107<br>Coordenadas: -41.1782505 -71.351039<br>Garita: <br>Cartel: <br>Observaciones: <br>Conexiones: (40_2:7)-"},"styleUrl":"#icon-1739-E65100","icon-scale":1,"icon":"images/icon-1.png","descripción":"Código: 1107\nCoordenadas: -41.1782505 -71.351039\nGarita: \nCartel: \nObservaciones: \nConexiones: (40_2:7)-","Código":"1107","Coordenadas":"-41.1782505 -71.351039","Garita":"","Cartel":"","Observaciones":"","Conexiones":"(40_2:7)-"}},
{"type":"Feature","geometry":{"type":"Point","coordinates":[-71.345575,-41.174702,0]},"properties":{"name":"RN 40 y Hormigonera -b","description":{"@type":"html","value":"descripción: Código: 1110<br>Coordenadas: -41.1747022 -71.3455749<br>Garita: <br>Cartel: <br>Observaciones: <br>Conexiones: (40_2:10)-(41_2:20)-<br>Código: 1110<br>Coordenadas: -41.1747022 -71.3455749<br>Garita: <br>Cartel: <br>Observaciones: <br>Conexiones: (40_2:10)-(41_2:20)-"},"styleUrl":"#icon-1739-E65100","icon-scale":1,"icon":"images/icon-1.png","descripción":"Código: 1110\nCoordenadas: -41.1747022 -71.3455749\nGarita: \nCartel: \nObservaciones: \nConexiones: (40_2:10)-(41_2:20)-","Código":"1110","Coordenadas":"-41.1747022 -71.3455749","Garita":"","Cartel":"","Observaciones":"","Conexiones":"(40_2:10)-(41_2:20)-"}},
{"type":"Feature","geometry":{"type":"Point","coordinates":[-71.325833,-41.168786,0]},"properties":{"name":"Av. Juan Herman y Lupinos -b","description":{"@type":"html","value":"descripción: Código: 1115<br>Coordenadas: -41.1687857 -71.3258327<br>Garita: 1<br>Cartel: <br>Observaciones: <br>Conexiones: (40_2:15)-(41_2:25)-(61_C2:1)-(71/81_A2:9)-(71/81_B2:9)-(71/81_C2:12)-(81_A2:9)-(81_B2:12)-(84_2:13)-<br>Código: 1115<br>Coordenadas: -41.1687857 -71.3258327<br>Garita: 1.0<br>Cartel: <br>Observaciones: <br>Conexiones: (40_2:15)-(41_2:25)-(61_C2:1)-(71/81_A2:9)-(71/81_B2:9)-(71/81_C2:12)-(81_A2:9)-(81_B2:12)-(84_2:13)-"},"styleUrl":"#icon-1739-E65100","icon-scale":1,"icon":"images/icon-1.png","descripción":"Código: 1115\nCoordenadas: -41.1687857 -71.3258327\nGarita: 1\nCartel: \nObservaciones: \nConexiones: (40_2:15)-(41_2:25)-(61_C2:1)-(71/81_A2:9)-(71/81_B2:9)-(71/81_C2:12)-(81_A2:9)-(81_B2:12)-(84_2:13)-","Código":"1115","Coordenadas":"-41.1687857 -71.3258327","Garita":"1.0","Cartel":"","Observaciones":"","Conexiones":"(40_2:15)-(41_2:25)-(61_C2:1)-(71/81_A2:9)-(71/81_B2:9)-(71/81_C2:12)-(81_A2:9)-(81_B2:12)-(84_2:13)-"}},
{"type":"Feature","geometry":{"type":"Point","coordinates":[-71.32356,-41.167684,0]},"properties":{"name":"Av. Juan Herman y José Luckman","description":{"@type":"html","value":"descripción: Código: 1116<br>Coordenadas: -41.1676843 -71.3235599<br>Garita: 1<br>Cartel: <br>Observaciones: <br>Conexiones: (40_2:16)-(41_2:26)-(61_C2:2)-(71/81_A2:10)-(71/81_B2:10)-(71/81_C2:13)-(81_A2:10)-(81_B2:13)-(84_2:14)-<br>Código: 1116<br>Coordenadas: -41.1676843 -71.3235599<br>Garita: 1.0<br>Cartel: <br>Observaciones: <br>Conexiones: (40_2:16)-(41_2:26)-(61_C2:2)-(71/81_A2:10)-(71/81_B2:10)-(71/81_C2:13)-(81_A2:10)-(81_B2:13)-(84_2:14)-"},"styleUrl":"#icon-1739-E65100","icon-scale":1,"icon":"images/icon-1.png","descripción":"Código: 1116\nCoordenadas: -41.1676843 -71.3235599\nGarita: 1\nCartel: \nObservaciones: \nConexiones: (40_2:16)-(41_2:26)-(61_C2:2)-(71/81_A2:10)-(71/81_B2:10)-(71/81_C2:13)-(81_A2:10)-(81_B2:13)-(84_2:14)-","Código":"1116","Coordenadas":"-41.1676843 -71.3235599","Garita":"1.0","Cartel":"","Observaciones":"","Conexiones":"(40_2:16)-(41_2:26)-(61_C2:2)-(71/81_A2:10)-(71/81_B2:10)-(71/81_C2:13)-(81_A2:10)-(81_B2:13)-(84_2:14)-"}},
{"type":"Feature","geometry":{"type":"Point","coordinates":[-71.322211,-41.166731,0]},"properties":{"name":"Av. Juan Herman y Nehuen","description":{"@type":"html","value":"descripción: Código: 1117<br>Coordenadas: -41.1667312 -71.3222109<br>Garita: 1<br>Cartel: <br>Observaciones: <br>Conexiones: (40_2:17)-(41_2:27)-(61_C2:3)-(71/81_A2:11)-(71/81_B2:11)-(71/81_C2:14)-(81_A2:11)-(81_B2:14)-(84_2:15)-<br>Código: 1117<br>Coordenadas: -41.1667312 -71.3222109<br>Garita: 1.0<br>Cartel: <br>Observaciones: <br>Conexiones: (40_2:17)-(41_2:27)-(61_C2:3)-(71/81_A2:11)-(71/81_B2:11)-(71/81_C2:14)-(81_A2:11)-(81_B2:14)-(84_2:15)-"},"styleUrl":"#icon-1739-E65100","icon-scale":1,"icon":"images/icon-1.png","descripción":"Código: 1117\nCoordenadas: -41.1667312 -71.3222109\nGarita: 1\nCartel: \nObservaciones: \nConexiones: (40_2:17)-(41_2:27)-(61_C2:3)-(71/81_A2:11)-(71/81_B2:11)-(71/81_C2:14)-(81_A2:11)-(81_B2:14)-(84_2:15)-","Código":"1117","Coordenadas":"-41.1667312 -71.3222109","Garita":"1.0","Cartel":"","Observaciones":"","Conexiones":"(40_2:17)-(41_2:27)-(61_C2:3)-(71/81_A2:11)-(71/81_B2:11)-(71/81_C2:14)-(81_A2:11)-(81_B2:14)-(84_2:15)-"}},
{"type":"Feature","geometry":{"type":"Point","coordinates":[-71.320609,-41.165133,0]},"properties":{"name":"Av. Juan Herman y Nuestras Malvinas","description":{"@type":"html","value":"descripción: Código: 1118<br>Coordenadas: -41.1651326 -71.3206092<br>Garita: 1<br>Cartel: <br>Observaciones: <br>Conexiones: (40_2:18)-(41_2:28)-(61_C2:4)-(71/81_A2:12)-(71/81_B2:12)-(71/81_C2:15)-(81_A2:12)-(81_B2:15)-(84_2:16)-<br>Código: 1118<br>Coordenadas: -41.1651326 -71.3206092<br>Garita: 1.0<br>Cartel: <br>Observaciones: <br>Conexiones: (40_2:18)-(41_2:28)-(61_C2:4)-(71/81_A2:12)-(71/81_B2:12)-(71/81_C2:15)-(81_A2:12)-(81_B2:15)-(84_2:16)-"},"styleUrl":"#icon-1739-E65100","icon-scale":1,"icon":"images/icon-1.png","descripción":"Código: 1118\nCoordenadas: -41.1651326 -71.3206092\nGarita: 1\nCartel: \nObservaciones: \nConexiones: (40_2:18)-(41_2:28)-(61_C2:4)-(71/81_A2:12)-(71/81_B2:12)-(71/81_C2:15)-(81_A2:12)-(81_B2:15)-(84_2:16)-","Código":"1118","Coordenadas":"-41.1651326 -71.3206092","Garita":"1.0","Cartel":"","Observaciones":"","Conexiones":"(40_2:18)-(41_2:28)-(61_C2:4)-(71/81_A2:12)-(71/81_B2:12)-(71/81_C2:15)-(81_A2:12)-(81_B2:15)-(84_2:16)-"}},
{"type":"Feature","geometry":{"type":"Point","coordinates":[-71.312694,-41.15798,0]},"properties":{"name":"Av. Juan Herman y Miramar -a","description":{"@type":"html","value":"descripción: Código: 1121<br>Coordenadas: -41.15798 -71.3126944<br>Garita: 1<br>Cartel: <br>Observaciones: <br>Conexiones: (40_1:19)-(41_1:19)-(61_A1:36)-(61_B1:19)-(61_C1:19)-(80_1:31)-(81_B1:29)-(84_1:21)-<br>Código: 1121<br>Coordenadas: -41.15798 -71.3126944<br>Garita: 1.0<br>Cartel: <br>Observaciones: <br>Conexiones: (40_1:19)-(41_1:19)-(61_A1:36)-(61_B1:19)-(61_C1:19)-(80_1:31)-(81_B1:29)-(84_1:21)-"},"styleUrl":"#icon-1739-E65100","icon-scale":1,"icon":"images/icon-1.png","descripción":"Código: 1121\nCoordenadas: -41.15798 -71.3126944\nGarita: 1\nCartel: \nObservaciones: \nConexiones: (40_1:19)-(41_1:19)-(61_A1:36)-(61_B1:19)-(61_C1:19)-(80_1:31)-(81_B1:29)-(84_1:21)-","Código":"1121","Coordenadas":"-41.15798 -71.3126944","Garita":"1.0","Cartel":"","Observaciones":"","Conexiones":"(40_1:19)-(41_1:19)-(61_A1:36)-(61_B1:19)-(61_C1:19)-(80_1:31)-(81_B1:29)-(84_1:21)-"}},
{"type":"Feature","geometry":{"type":"Point","coordinates":[-71.302872,-41.154547,0]},"properties":{"name":"Sobral y Diego Neil","description":{"@type":"html","value":"descripción: Código: 1124<br>Coordenadas: -41.154547 -71.3028716<br>Garita: 1<br>Cartel: <br>Observaciones: <br>Conexiones: (40_2:25)-(41_2:34)-(50_A1:5)-(50_B1:5)-(50_C1:5)-(51_1:5)-(60_1:9)-(61_A2:27)-(61_B2:28)-(61_C2:10)-<br>Código: 1124<br>Coordenadas: -41.154547 -71.3028716<br>Garita: 1.0<br>Cartel: <br>Observaciones: <br>Conexiones: (40_2:25)-(41_2:34)-(50_A1:5)-(50_B1:5)-(50_C1:5)-(51_1:5)-(60_1:9)-(61_A2:27)-(61_B2:28)-(61_C2:10)-"},"styleUrl":"#icon-1739-E65100","icon-scale":1,"icon":"images/icon-1.png","descripción":"Código: 1124\nCoordenadas: -41.154547 -71.3028716\nGarita: 1\nCartel: \nObservaciones: \nConexiones: (40_2:25)-(41_2:34)-(50_A1:5)-(50_B1:5)-(50_C1:5)-(51_1:5)-(60_1:9)-(61_A2:27)-(61_B2:28)-(61_C2:10)-","Código":"1124","Coordenadas":"-41.154547 -71.3028716","Garita":"1.0","Cartel":"","Observaciones":"","Conexiones":"(40_2:25)-(41_2:34)-(50_A1:5)-(50_B1:5)-(50_C1:5)-(51_1:5)-(60_1:9)-(61_A2:27)-(61_B2:28)-(61_C2:10)-"}},
{"type":"Feature","geometry":{"type":"Point","coordinates":[-71.296212,-41.138938,0]},"properties":{"name":"Elordi y Tiscornia","description":{"@type":"html","value":"descripción: Código: 1132<br>Coordenadas: -41.138938 -71.2962118<br>Garita: <br>Cartel: 1<br>Observaciones: <br>Conexiones: (40_2:33)-(41_2:41)-(50_A1:12)-(50_B1:12)-(50_C1:12)-(51_1:13)-(61_A2:34)-(61_B2:36)-(61_C2:17)-<br>Código: 1132<br>Coordenadas: -41.138938 -71.2962118<br>Garita: <br>Cartel: 1.0<br>Observaciones: <br>Conexiones: (40_2:33)-(41_2:41)-(50_A1:12)-(50_B1:12)-(50_C1:12)-(51_1:13)-(61_A2:34)-(61_B2:36)-(61_C2:17)-"},"styleUrl":"#icon-1739-E65100","icon-scale":1,"icon":"images/icon-1.png","descripción":"Código: 1132\nCoordenadas: -41.138938 -71.2962118\nGarita: \nCartel: 1\nObservaciones: \nConexiones: (40_2:33)-(41_2:41)-(50_A1:12)-(50_B1:12)-(50_C1:12)-(51_1:13)-(61_A2:34)-(61_B2:36)-(61_C2:17)-","Código":"1132","Coordenadas":"-41.138938 -71.2962118","Garita":"","Cartel":"1.0","Observaciones":"","Conexiones":"(40_2:33)-(41_2:41)-(50_A1:12)-(50_B1:12)-(50_C1:12)-(51_1:13)-(61_A2:34)-(61_B2:36)-(61_C2:17)-"}},
{"type":"Feature","geometry":{"type":"Point","coordinates":[-71.388764,-41.176943,0]},"properties":{"name":"RP 82 Km.5.500 -b","description":{"@type":"html","value":"descripción: Código: 1202<br>Coordenadas: -41.176943 -71.3887636<br>Garita: <br>Cartel: <br>Observaciones: <br>Conexiones: (41_2:4)-(50_A1:66)-(50_B1:58)-<br>Código: 1202<br>Coordenadas: -41.176943 -71.3887636<br>Garita: <br>Cartel: <br>Observaciones: <br>Conexiones: (41_2:4)-(50_A1:66)-(50_B1:58)-"},"styleUrl":"#icon-1739-E65100","icon-scale":1,"icon":"images/icon-1.png","descripción":"Código: 1202\nCoordenadas: -41.176943 -71.3887636\nGarita: \nCartel: \nObservaciones: \nConexiones: (41_2:4)-(50_A1:66)-(50_B1:58)-","Código":"1202","Coordenadas":"-41.176943 -71.3887636","Garita":"","Cartel":"","Observaciones":"","Conexiones":"(41_2:4)-(50_A1:66)-(50_B1:58)-"}},
{"type":"Feature","geometry":{"type":"Point","coordinates":[-71.382983,-41.177875,0]},"properties":{"name":"Av. Cerro Catedral y De las Grosellas","description":{"@type":"html","value":"descripción: Código: 1203<br>Coordenadas: -41.1778751 -71.3829834<br>Garita: <br>Cartel: <br>Observaciones: <br>Conexiones: (41_2:6)-<br>Código: 1203<br>Coordenadas: -41.1778751 -71.3829834<br>Garita: <br>Cartel: <br>Observaciones: <br>Conexiones: (41_2:6)-"},"styleUrl":"#icon-1739-E65100","icon-scale":1,"icon":"images/icon-1.png","descripción":"Código: 1203\nCoordenadas: -41.1778751 -71.3829834\nGarita: \nCartel: \nObservaciones: \nConexiones: (41_2:6)-","Código":"1203","Coordenadas":"-41.1778751 -71.3829834","Garita":"","Cartel":"","Observaciones":"","Conexiones":"(41_2:6)-"}},
{"type":"Feature","geometry":{"type":"Point","coordinates":[-71.380384,-41.17736,0]},"properties":{"name":"Av. Cerro Catedral y De Los Amancay -b","description":{"@type":"html","value":"descripción: Código: 1204<br>Coordenadas: -41.1773597 -71.3803835<br>Garita: <br>Cartel: <br>Observaciones: <br>Conexiones: (41_2:7)-<br>Código: 1204<br>Coordenadas: -41.1773597 -71.3803835<br>Garita: <br>Cartel: <br>Observaciones: <br>Conexiones: (41_2:7)-"},"styleUrl":"#icon-1739-E65100","icon-scale":1,"icon":"images/icon-1.png","descripción":"Código: 1204\nCoordenadas: -41.1773597 -71.3803835\nGarita: \nCartel: \nObservaciones: \nConexiones: (41_2:7)-","Código":"1204","Coordenadas":"-41.1773597 -71.3803835","Garita":"","Cartel":"","Observaciones":"","Conexiones":"(41_2:7)-"}},
{"type":"Feature","geometry":{"type":"Point","coordinates":[-71.375779,-41.176464,0]},"properties":{"name":"Av. Cerro Catedral y De las Frambuesas -b","description":{"@type":"html","value":"descripción: Código: 1205<br>Coordenadas: -41.1764635 -71.3757786<br>Garita: <br>Cartel: <br>Observaciones: <br>Conexiones: (41_2:8)-<br>Código: 1205<br>Coordenadas: -41.1764635 -71.3757786<br>Garita: <br>Cartel: <br>Observaciones: <br>Conexiones: (41_2:8)-"},"styleUrl":"#icon-1739-E65100","icon-scale":1,"icon":"images/icon-1.png","descripción":"Código: 1205\nCoordenadas: -41.1764635 -71.3757786\nGarita: \nCartel: \nObservaciones: \nConexiones: (41_2:8)-","Código":"1205","Coordenadas":"-41.1764635 -71.3757786","Garita":"","Cartel":"","Observaciones":"","Conexiones":"(41_2:8)-"}},
{"type":"Feature","geometry":{"type":"Point","coordinates":[-71.366403,-41.177335,0]},"properties":{"name":"De Los Pañiles y Av. Tronador","description":{"@type":"html","value":"descripción: Código: 1206<br>Coordenadas: -41.1773353 -71.3664026<br>Garita: <br>Cartel: <br>Observaciones: <br>Conexiones: (41_2:14)-<br>Código: 1206<br>Coordenadas: -41.1773353 -71.3664026<br>Garita: <br>Cartel: <br>Observaciones: <br>Conexiones: (41_2:14)-"},"styleUrl":"#icon-1739-E65100","icon-scale":1,"icon":"images/icon-1.png","descripción":"Código: 1206\nCoordenadas: -41.1773353 -71.3664026\nGarita: \nCartel: \nObservaciones: \nConexiones: (41_2:14)-","Código":"1206","Coordenadas":"-41.1773353 -71.3664026","Garita":"","Cartel":"","Observaciones":"","Conexiones":"(41_2:14)-"}},
{"type":"Feature","geometry":{"type":"Point","coordinates":[-71.366527,-41.179381,0]},"properties":{"name":"De Los Pañiles y RN 40 -b","description":{"@type":"html","value":"descripción: Código: 1207<br>Coordenadas: -41.1793807 -71.3665266<br>Garita: <br>Cartel: <br>Observaciones: <br>Conexiones: (41_2:15)-<br>Código: 1207<br>Coordenadas: -41.1793807 -71.3665266<br>Garita: <br>Cartel: <br>Observaciones: <br>Conexiones: (41_2:15)-"},"styleUrl":"#icon-1739-E65100","icon-scale":1,"icon":"images/icon-1.png","descripción":"Código: 1207\nCoordenadas: -41.1793807 -71.3665266\nGarita: \nCartel: \nObservaciones: \nConexiones: (41_2:15)-","Código":"1207","Coordenadas":"-41.1793807 -71.3665266","Garita":"","Cartel":"","Observaciones":"","Conexiones":"(41_2:15)-"}},
{"type":"Feature","geometry":{"type":"Point","coordinates":[-71.357064,-41.177616,0]},"properties":{"name":"RN 40 Km.2029 -b","description":{"@type":"html","value":"descripción: Código: 1208<br>Coordenadas: -41.177616 -71.357064<br>Garita: <br>Cartel: <br>Observaciones: <br>Conexiones: (41_2:17)-<br>Código: 1208<br>Coordenadas: -41.177616 -71.357064<br>Garita: <br>Cartel: <br>Observaciones: <br>Conexiones: (41_2:17)-"},"styleUrl":"#icon-1739-E65100","icon-scale":1,"icon":"images/icon-1.png","descripción":"Código: 1208\nCoordenadas: -41.177616 -71.357064\nGarita: \nCartel: \nObservaciones: \nConexiones: (41_2:17)-","Código":"1208","Coordenadas":"-41.177616 -71.357064","Garita":"","Cartel":"","Observaciones":"","Conexiones":"(41_2:17)-"}},
{"type":"Feature","geometry":{"type":"Point","coordinates":[-71.350859,-41.176134,0]},"properties":{"name":"RN 40 y Acceso Pilar II -b","description":{"@type":"html","value":"descripción: Código: 1209<br>Coordenadas: -41.1761342 -71.3508586<br>Garita: <br>Cartel: <br>Observaciones: <br>Conexiones: (40_2:8)-(41_2:18)-<br>Código: 1209<br>Coordenadas: -41.1761342 -71.3508586<br>Garita: <br>Cartel: <br>Observaciones: <br>Conexiones: (40_2:8)-(41_2:18)-"},"styleUrl":"#icon-1739-E65100","icon-scale":1,"icon":"images/icon-1.png","descripción":"Código: 1209\nCoordenadas: -41.1761342 -71.3508586\nGarita: \nCartel: \nObservaciones: \nConexiones: (40_2:8)-(41_2:18)-","Código":"1209","Coordenadas":"-41.1761342 -71.3508586","Garita":"","Cartel":"","Observaciones":"","Conexiones":"(40_2:8)-(41_2:18)-"}},
{"type":"Feature","geometry":{"type":"Point","coordinates":[-71.347511,-41.175253,0]},"properties":{"name":"RN 40 Km.2030 -b","description":{"@type":"html","value":"descripción: Código: 1210<br>Coordenadas: -41.1752527 -71.3475114<br>Garita: <br>Cartel: <br>Observaciones: <br>Conexiones: (40_2:9)-(41_2:19)-<br>Código: 1210<br>Coordenadas: -41.1752527 -71.3475114<br>Garita: <br>Cartel: <br>Observaciones: <br>Conexiones: (40_2:9)-(41_2:19)-"},"styleUrl":"#icon-1739-E65100","icon-scale":1,"icon":"images/icon-1.png","descripción":"Código: 1210\nCoordenadas: -41.1752527 -71.3475114\nGarita: \nCartel: \nObservaciones: \nConexiones: (40_2:9)-(41_2:19)-","Código":"1210","Coordenadas":"-41.1752527 -71.3475114","Garita":"","Cartel":"","Observaciones":"","Conexiones":"(40_2:9)-(41_2:19)-"}},
{"type":"Feature","geometry":{"type":"Point","coordinates":[-71.340304,-41.173131,0]},"properties":{"name":"RN 40 y Rotonda Av. Juan Herman -b","description":{"@type":"html","value":"descripción: Código: 1212<br>Coordenadas: -41.1731313 -71.3403039<br>Garita: 1<br>Cartel: <br>Observaciones: <br>Conexiones: (40_2:11)-(41_2:21)-<br>Código: 1212<br>Coordenadas: -41.1731313 -71.3403039<br>Garita: 1.0<br>Cartel: <br>Observaciones: <br>Conexiones: (40_2:11)-(41_2:21)-"},"styleUrl":"#icon-1739-E65100","icon-scale":1,"icon":"images/icon-1.png","descripción":"Código: 1212\nCoordenadas: -41.1731313 -71.3403039\nGarita: 1\nCartel: \nObservaciones: \nConexiones: (40_2:11)-(41_2:21)-","Código":"1212","Coordenadas":"-41.1731313 -71.3403039","Garita":"1.0","Cartel":"","Observaciones":"","Conexiones":"(40_2:11)-(41_2:21)-"}},
{"type":"Feature","geometry":{"type":"Point","coordinates":[-71.33524,-41.171571,0]},"properties":{"name":"Av. Juan Herman y Rotonda RN 40 -b","description":{"@type":"html","value":"descripción: Código: 1213<br>Coordenadas: -41.1715707 -71.3352398<br>Garita: 1<br>Cartel: <br>Observaciones: <br>Conexiones: (40_2:12)-(41_2:22)-(71/81_A2:6)-(71/81_B2:6)-(71/81_C2:9)-(81_A2:6)-(81_B2:9)-<br>Código: 1213<br>Coordenadas: -41.1715707 -71.3352398<br>Garita: 1.0<br>Cartel: <br>Observaciones: <br>Conexiones: (40_2:12)-(41_2:22)-(71/81_A2:6)-(71/81_B2:6)-(71/81_C2:9)-(81_A2:6)-(81_B2:9)-"},"styleUrl":"#icon-1739-E65100","icon-scale":1,"icon":"images/icon-1.png","descripción":"Código: 1213\nCoordenadas: -41.1715707 -71.3352398\nGarita: 1\nCartel: \nObservaciones: \nConexiones: (40_2:12)-(41_2:22)-(71/81_A2:6)-(71/81_B2:6)-(71/81_C2:9)-(81_A2:6)-(81_B2:9)-","Código":"1213","Coordenadas":"-41.1715707 -71.3352398","Garita":"1.0","Cartel":"","Observaciones":"","Conexiones":"(40_2:12)-(41_2:22)-(71/81_A2:6)-(71/81_B2:6)-(71/81_C2:9)-(81_A2:6)-(81_B2:9)-"}},
{"type":"Feature","geometry":{"type":"Point","coordinates":[-71.330871,-41.170302,0]},"properties":{"name":"Av. Juan Herman y Chapel -b","description":{"@type":"html","value":"descripción: Código: 1214<br>Coordenadas: -41.1703024 -71.330871<br>Garita: 1<br>Cartel: <br>Observaciones: <br>Conexiones: (40_2:13)-(41_2:23)-(71/81_A2:7)-(71/81_B2:7)-(71/81_C2:10)-(81_A2:7)-(81_B2:10)-<br>Código: 1214<br>Coordenadas: -41.1703024 -71.330871<br>Garita: 1.0<br>Cartel: <br>Observaciones: <br>Conexiones: (40_2:13)-(41_2:23)-(71/81_A2:7)-(71/81_B2:7)-(71/81_C2:10)-(81_A2:7)-(81_B2:10)-"},"styleUrl":"#icon-1739-E65100","icon-scale":1,"icon":"images/icon-1.png","descripción":"Código: 1214\nCoordenadas: -41.1703024 -71.330871\nGarita: 1\nCartel: \nObservaciones: \nConexiones: (40_2:13)-(41_2:23)-(71/81_A2:7)-(71/81_B2:7)-(71/81_C2:10)-(81_A2:7)-(81_B2:10)-","Código":"1214","Coordenadas":"-41.1703024 -71.330871","Garita":"1.0","Cartel":"","Observaciones":"","Conexiones":"(40_2:13)-(41_2:23)-(71/81_A2:7)-(71/81_B2:7)-(71/81_C2:10)-(81_A2:7)-(81_B2:10)-"}},
{"type":"Feature","geometry":{"type":"Point","coordinates":[-71.328971,-41.169727,0]},"properties":{"name":"Av. Juan Herman y Aguada de Guerra -b","description":{"@type":"html","value":"descripción: Código: 1215<br>Coordenadas: -41.1697269 -71.3289707<br>Garita: 1<br>Cartel: <br>Observaciones: <br>Conexiones: (40_2:14)-(41_2:24)-(71/81_A2:8)-(71/81_B2:8)-(71/81_C2:11)-(81_A2:8)-(81_B2:11)-(84_1:29)-<br>Código: 1215<br>Coordenadas: -41.1697269 -71.3289707<br>Garita: 1.0<br>Cartel: <br>Observaciones: <br>Conexiones: (40_2:14)-(41_2:24)-(71/81_A2:8)-(71/81_B2:8)-(71/81_C2:11)-(81_A2:8)-(81_B2:11)-(84_1:29)-"},"styleUrl":"#icon-1739-E65100","icon-scale":1,"icon":"images/icon-1.png","descripción":"Código: 1215\nCoordenadas: -41.1697269 -71.3289707\nGarita: 1\nCartel: \nObservaciones: \nConexiones: (40_2:14)-(41_2:24)-(71/81_A2:8)-(71/81_B2:8)-(71/81_C2:11)-(81_A2:8)-(81_B2:11)-(84_1:29)-","Código":"1215","Coordenadas":"-41.1697269 -71.3289707","Garita":"1.0","Cartel":"","Observaciones":"","Conexiones":"(40_2:14)-(41_2:24)-(71/81_A2:8)-(71/81_B2:8)-(71/81_C2:11)-(81_A2:8)-(81_B2:11)-(84_1:29)-"}},
{"type":"Feature","geometry":{"type":"Point","coordinates":[-71.289864,-41.134418,0]},"properties":{"name":"Diag. Capraro y Roque Sáenz Peña -a","description":{"@type":"html","value":"descripción: Código: 1234<br>Coordenadas: -41.1344178 -71.2898639<br>Garita: <br>Cartel: <br>Observaciones: <br>Conexiones: (10_A2:69)-(10_B2:70)-(10_C2:79)-(13/22_A2:72)-(55_2:46)-(71/81_A2:38)-(71/81_B2:38)-(82_1:24)-<br>Código: 1234<br>Coordenadas: -41.1344178 -71.2898639<br>Garita: <br>Cartel: <br>Observaciones: <br>Conexiones: (10_A2:69)-(10_B2:70)-(10_C2:79)-(13/22_A2:72)-(55_2:46)-(71/81_A2:38)-(71/81_B2:38)-(82_1:24)-"},"styleUrl":"#icon-1739-E65100","icon-scale":1,"icon":"images/icon-1.png","descripción":"Código: 1234\nCoordenadas: -41.1344178 -71.2898639\nGarita: \nCartel: \nObservaciones: \nConexiones: (10_A2:69)-(10_B2:70)-(10_C2:79)-(13/22_A2:72)-(55_2:46)-(71/81_A2:38)-(71/81_B2:38)-(82_1:24)-","Código":"1234","Coordenadas":"-41.1344178 -71.2898639","Garita":"","Cartel":"","Observaciones":"","Conexiones":"(10_A2:69)-(10_B2:70)-(10_C2:79)-(13/22_A2:72)-(55_2:46)-(71/81_A2:38)-(71/81_B2:38)-(82_1:24)-"}},
{"type":"Feature","geometry":{"type":"Point","coordinates":[-71.297909,-41.139357,0]},"properties":{"name":"Onelli y Tiscornia","description":{"@type":"html","value":"descripción: Código: 1307<br>Coordenadas: -41.1393566 -71.2979086<br>Garita: <br>Cartel: 1<br>Observaciones: <br>Conexiones: (40_1:7)-(41_1:7)-(61_A1:24)-(61_B1:7)-(61_C1:7)-<br>Código: 1307<br>Coordenadas: -41.1393566 -71.2979086<br>Garita: <br>Cartel: 1.0<br>Observaciones: <br>Conexiones: (40_1:7)-(41_1:7)-(61_A1:24)-(61_B1:7)-(61_C1:7)-"},"styleUrl":"#icon-1739-E65100","icon-scale":1,"icon":"images/icon-1.png","descripción":"Código: 1307\nCoordenadas: -41.1393566 -71.2979086\nGarita: \nCartel: 1\nObservaciones: \nConexiones: (40_1:7)-(41_1:7)-(61_A1:24)-(61_B1:7)-(61_C1:7)-","Código":"1307","Coordenadas":"-41.1393566 -71.2979086","Garita":"","Cartel":"1.0","Observaciones":"","Conexiones":"(40_1:7)-(41_1:7)-(61_A1:24)-(61_B1:7)-(61_C1:7)-"}},
{"type":"Feature","geometry":{"type":"Point","coordinates":[-71.29829,-41.141446,0]},"properties":{"name":"Onelli y Anasagasti B","description":{"@type":"html","value":"descripción: Código: 1308<br>Coordenadas: -41.141446 -71.2982895<br>Garita: <br>Cartel: 1<br>Observaciones: <br>Conexiones: (40_1:8)-(41_1:8)-(50_A2:48)-(50_B2:57)-(50_C2:48)-(51_2:58)-(61_B1:8)-(84_1:9)-<br>Código: 1308<br>Coordenadas: -41.141446 -71.2982895<br>Garita: <br>Cartel: 1.0<br>Observaciones: <br>Conexiones: (40_1:8)-(41_1:8)-(50_A2:48)-(50_B2:57)-(50_C2:48)-(51_2:58)-(61_B1:8)-(84_1:9)-"},"styleUrl":"#icon-1739-E65100","icon-scale":1,"icon":"images/icon-1.png","descripción":"Código: 1308\nCoordenadas: -41.141446 -71.2982895\nGarita: \nCartel: 1\nObservaciones: \nConexiones: (40_1:8)-(41_1:8)-(50_A2:48)-(50_B2:57)-(50_C2:48)-(51_2:58)-(61_B1:8)-(84_1:9)-","Código":"1308","Coordenadas":"-41.141446 -71.2982895","Garita":"","Cartel":"1.0","Observaciones":"","Conexiones":"(40_1:8)-(41_1:8)-(50_A2:48)-(50_B2:57)-(50_C2:48)-(51_2:58)-(61_B1:8)-(84_1:9)-"}},
{"type":"Feature","geometry":{"type":"Point","coordinates":[-71.299132,-41.146039,0]},"properties":{"name":"Onelli y Neuquén","description":{"@type":"html","value":"descripción: Código: 1310<br>Coordenadas: -41.1460389 -71.299132<br>Garita: 1<br>Cartel: <br>Observaciones: <br>Conexiones: (40_1:10)-(41_1:10)-(50_A2:50)-(50_B2:59)-(50_C2:50)-(51_2:60)-(61_A1:27)-(61_B1:10)-(61_C1:10)-(84_1:11)-<br>Código: 1310<br>Coordenadas: -41.1460389 -71.299132<br>Garita: 1.0<br>Cartel: <br>Observaciones: <br>Conexiones: (40_1:10)-(41_1:10)-(50_A2:50)-(50_B2:59)-(50_C2:50)-(51_2:60)-(61_A1:27)-(61_B1:10)-(61_C1:10)-(84_1:11)-"},"styleUrl":"#icon-1739-E65100","icon-scale":1,"icon":"images/icon-1.png","descripción":"Código: 1310\nCoordenadas: -41.1460389 -71.299132\nGarita: 1\nCartel: \nObservaciones: \nConexiones: (40_1:10)-(41_1:10)-(50_A2:50)-(50_B2:59)-(50_C2:50)-(51_2:60)-(61_A1:27)-(61_B1:10)-(61_C1:10)-(84_1:11)-","Código":"1310","Coordenadas":"-41.1460389 -71.299132","Garita":"1.0","Cartel":"","Observaciones":"","Conexiones":"(40_1:10)-(41_1:10)-(50_A2:50)-(50_B2:59)-(50_C2:50)-(51_2:60)-(61_A1:27)-(61_B1:10)-(61_C1:10)-(84_1:11)-"}},
{"type":"Feature","geometry":{"type":"Point","coordinates":[-71.300097,-41.151277,0]},"properties":{"name":"EEE N°5 Yampai","description":{"@type":"html","value":"descripción: Código: 1313<br>Coordenadas: -41.1512774 -71.3000968<br>Garita: <br>Cartel: 1<br>Observaciones: <br>Conexiones: (40_1:13)-(41_1:13)-(50_A2:53)-(50_B2:62)-(50_C2:53)-(51_2:63)-(61_A1:30)-(61_B1:13)-(61_C1:13)-(71/81_A1:20)-(71/81_B1:36)-(71/81_C1:36)-(80_1:15)-(81_A1:13)-(81_B1:13)-(84_1:14)-<br>Código: 1313<br>Coordenadas: -41.1512774 -71.3000968<br>Garita: <br>Cartel: 1.0<br>Observaciones: <br>Conexiones: (40_1:13)-(41_1:13)-(50_A2:53)-(50_B2:62)-(50_C2:53)-(51_2:63)-(61_A1:30)-(61_B1:13)-(61_C1:13)-(71/81_A1:20)-(71/81_B1:36)-(71/81_C1:36)-(80_1:15)-(81_A1:13)-(81_B1:13)-(84_1:14)-"},"styleUrl":"#icon-1739-E65100","icon-scale":1,"icon":"images/icon-1.png","descripción":"Código: 1313\nCoordenadas: -41.1512774 -71.3000968\nGarita: \nCartel: 1\nObservaciones: \nConexiones: (40_1:13)-(41_1:13)-(50_A2:53)-(50_B2:62)-(50_C2:53)-(51_2:63)-(61_A1:30)-(61_B1:13)-(61_C1:13)-(71/81_A1:20)-(71/81_B1:36)-(71/81_C1:36)-(80_1:15)-(81_A1:13)-(81_B1:13)-(84_1:14)-","Código":"1313","Coordenadas":"-41.1512774 -71.3000968","Garita":"","Cartel":"1.0","Observaciones":"","Conexiones":"(40_1:13)-(41_1:13)-(50_A2:53)-(50_B2:62)-(50_C2:53)-(51_2:63)-(61_A1:30)-(61_B1:13)-(61_C1:13)-(71/81_A1:20)-(71/81_B1:36)-(71/81_C1:36)-(80_1:15)-(81_A1:13)-(81_B1:13)-(84_1:14)-"}},
{"type":"Feature","geometry":{"type":"Point","coordinates":[-71.316232,-41.159669,0]},"properties":{"name":"Av. Juan Herman - Rotonda ","description":{"@type":"html","value":"descripción: Código: 1319<br>Coordenadas: -41.1596691 -71.3162315<br>Garita: 1<br>Cartel: <br>Observaciones: <br>Conexiones: (40_1:21)-(41_1:21)-(61_A1:38)-(61_B1:21)-(61_C1:21)-(84_1:23)-<br>Código: 1319<br>Coordenadas: -41.1596691 -71.3162315<br>Garita: 1.0<br>Cartel: <br>Observaciones: <br>Conexiones: (40_1:21)-(41_1:21)-(61_A1:38)-(61_B1:21)-(61_C1:21)-(84_1:23)-"},"styleUrl":"#icon-1739-E65100","icon-scale":1,"icon":"images/icon-1.png","descripción":"Código: 1319\nCoordenadas: -41.1596691 -71.3162315\nGarita: 1\nCartel: \nObservaciones: \nConexiones: (40_1:21)-(41_1:21)-(61_A1:38)-(61_B1:21)-(61_C1:21)-(84_1:23)-","Código":"1319","Coordenadas":"-41.1596691 -71.3162315","Garita":"1.0","Cartel":"","Observaciones":"","Conexiones":"(40_1:21)-(41_1:21)-(61_A1:38)-(61_B1:21)-(61_C1:21)-(84_1:23)-"}},
{"type":"Feature","geometry":{"type":"Point","coordinates":[-71.326024,-41.168665,0]},"properties":{"name":"Av. Juan Herman y Lupinos -a","description":{"@type":"html","value":"descripción: Código: 1325<br>Coordenadas: -41.1686646 -71.3260244<br>Garita: 1<br>Cartel: <br>Observaciones: <br>Conexiones: (40_1:26)-(41_1:26)-(71/81_A1:39)-(71/81_B1:55)-(81_A1:32)-(81_B1:48)-(84_1:28)-<br>Código: 1325<br>Coordenadas: -41.1686646 -71.3260244<br>Garita: 1.0<br>Cartel: <br>Observaciones: <br>Conexiones: (40_1:26)-(41_1:26)-(71/81_A1:39)-(71/81_B1:55)-(81_A1:32)-(81_B1:48)-(84_1:28)-"},"styleUrl":"#icon-1739-E65100","icon-scale":1,"icon":"images/icon-1.png","descripción":"Código: 1325\nCoordenadas: -41.1686646 -71.3260244\nGarita: 1\nCartel: \nObservaciones: \nConexiones: (40_1:26)-(41_1:26)-(71/81_A1:39)-(71/81_B1:55)-(81_A1:32)-(81_B1:48)-(84_1:28)-","Código":"1325","Coordenadas":"-41.1686646 -71.3260244","Garita":"1.0","Cartel":"","Observaciones":"","Conexiones":"(40_1:26)-(41_1:26)-(71/81_A1:39)-(71/81_B1:55)-(81_A1:32)-(81_B1:48)-(84_1:28)-"}},
{"type":"Feature","geometry":{"type":"Point","coordinates":[-71.328849,-41.169485,0]},"properties":{"name":"Av. Juan Herman y Aguada de Guerra -a","description":{"@type":"html","value":"descripción: Código: 1326<br>Coordenadas: -41.169485 -71.328849<br>Garita: 1<br>Cartel: <br>Observaciones: <br>Conexiones: (40_1:27)-(41_1:27)-(61_B1:42)-(71/81_A1:40)-(71/81_B1:56)-(71/81_C1:55)-(81_A1:33)-(81_B1:49)-<br>Código: 1326<br>Coordenadas: -41.169485 -71.328849<br>Garita: 1.0<br>Cartel: <br>Observaciones: <br>Conexiones: (40_1:27)-(41_1:27)-(61_B1:42)-(71/81_A1:40)-(71/81_B1:56)-(71/81_C1:55)-(81_A1:33)-(81_B1:49)-"},"styleUrl":"#icon-1739-E65100","icon-scale":1,"icon":"images/icon-1.png","descripción":"Código: 1326\nCoordenadas: -41.169485 -71.328849\nGarita: 1\nCartel: \nObservaciones: \nConexiones: (40_1:27)-(41_1:27)-(61_B1:42)-(71/81_A1:40)-(71/81_B1:56)-(71/81_C1:55)-(81_A1:33)-(81_B1:49)-","Código":"1326","Coordenadas":"-41.169485 -71.328849","Garita":"1.0","Cartel":"","Observaciones":"","Conexiones":"(40_1:27)-(41_1:27)-(61_B1:42)-(71/81_A1:40)-(71/81_B1:56)-(71/81_C1:55)-(81_A1:33)-(81_B1:49)-"}},
{"type":"Feature","geometry":{"type":"Point","coordinates":[-71.330963,-41.170117,0]},"properties":{"name":"Av. Juan Herman y Chapel -a","description":{"@type":"html","value":"descripción: Código: 1327<br>Coordenadas: -41.1701173 -71.3309628<br>Garita: 1<br>Cartel: <br>Observaciones: <br>Conexiones: (40_1:28)-(41_1:28)-(61_B1:43)-(71/81_A1:41)-(71/81_B1:57)-(71/81_C1:56)-(81_A1:34)-(81_B1:50)-<br>Código: 1327<br>Coordenadas: -41.1701173 -71.3309628<br>Garita: 1.0<br>Cartel: <br>Observaciones: <br>Conexiones: (40_1:28)-(41_1:28)-(61_B1:43)-(71/81_A1:41)-(71/81_B1:57)-(71/81_C1:56)-(81_A1:34)-(81_B1:50)-"},"styleUrl":"#icon-1739-E65100","icon-scale":1,"icon":"images/icon-1.png","descripción":"Código: 1327\nCoordenadas: -41.1701173 -71.3309628\nGarita: 1\nCartel: \nObservaciones: \nConexiones: (40_1:28)-(41_1:28)-(61_B1:43)-(71/81_A1:41)-(71/81_B1:57)-(71/81_C1:56)-(81_A1:34)-(81_B1:50)-","Código":"1327","Coordenadas":"-41.1701173 -71.3309628","Garita":"1.0","Cartel":"","Observaciones":"","Conexiones":"(40_1:28)-(41_1:28)-(61_B1:43)-(71/81_A1:41)-(71/81_B1:57)-(71/81_C1:56)-(81_A1:34)-(81_B1:50)-"}},
{"type":"Feature","geometry":{"type":"Point","coordinates":[-71.335282,-41.171415,0]},"properties":{"name":"Av. Juan Herman y Rotonda RN 40 -a","description":{"@type":"html","value":"descripción: Código: 1328<br>Coordenadas: -41.1714149 -71.3352817<br>Garita: 1<br>Cartel: <br>Observaciones: <br>Conexiones: (40_1:29)-(41_1:29)-(61_B1:44)-(71/81_A1:42)-(71/81_B1:58)-(71/81_C1:57)-(81_A1:35)-(81_B1:51)-<br>Código: 1328<br>Coordenadas: -41.1714149 -71.3352817<br>Garita: 1.0<br>Cartel: <br>Observaciones: <br>Conexiones: (40_1:29)-(41_1:29)-(61_B1:44)-(71/81_A1:42)-(71/81_B1:58)-(71/81_C1:57)-(81_A1:35)-(81_B1:51)-"},"styleUrl":"#icon-1739-E65100","icon-scale":1,"icon":"images/icon-1.png","descripción":"Código: 1328\nCoordenadas: -41.1714149 -71.3352817\nGarita: 1\nCartel: \nObservaciones: \nConexiones: (40_1:29)-(41_1:29)-(61_B1:44)-(71/81_A1:42)-(71/81_B1:58)-(71/81_C1:57)-(81_A1:35)-(81_B1:51)-","Código":"1328","Coordenadas":"-41.1714149 -71.3352817","Garita":"1.0","Cartel":"","Observaciones":"","Conexiones":"(40_1:29)-(41_1:29)-(61_B1:44)-(71/81_A1:42)-(71/81_B1:58)-(71/81_C1:57)-(81_A1:35)-(81_B1:51)-"}},
{"type":"Feature","geometry":{"type":"Point","coordinates":[-71.340302,-41.172916,0]},"properties":{"name":"RN 40 y Rotonda Av. Juan Herman -a","description":{"@type":"html","value":"descripción: Código: 1329<br>Coordenadas: -41.1729155 -71.3403015<br>Garita: 1<br>Cartel: <br>Observaciones: <br>Conexiones: (40_1:30)-(41_1:30)-(61_B1:45)-<br>Código: 1329<br>Coordenadas: -41.1729155 -71.3403015<br>Garita: 1.0<br>Cartel: <br>Observaciones: <br>Conexiones: (40_1:30)-(41_1:30)-(61_B1:45)-"},"styleUrl":"#icon-1739-E65100","icon-scale":1,"icon":"images/icon-1.png","descripción":"Código: 1329\nCoordenadas: -41.1729155 -71.3403015\nGarita: 1\nCartel: \nObservaciones: \nConexiones: (40_1:30)-(41_1:30)-(61_B1:45)-","Código":"1329","Coordenadas":"-41.1729155 -71.3403015","Garita":"1.0","Cartel":"","Observaciones":"","Conexiones":"(40_1:30)-(41_1:30)-(61_B1:45)-"}},
{"type":"Feature","geometry":{"type":"Point","coordinates":[-71.345552,-41.174443,0]},"properties":{"name":"RN 40 y Hormigonera -a","description":{"@type":"html","value":"descripción: Código: 1330<br>Coordenadas: -41.1744433 -71.3455518<br>Garita: <br>Cartel: <br>Observaciones: <br>Conexiones: (40_1:31)-(41_1:31)-(61_B1:46)-<br>Código: 1330<br>Coordenadas: -41.1744433 -71.3455518<br>Garita: <br>Cartel: <br>Observaciones: <br>Conexiones: (40_1:31)-(41_1:31)-(61_B1:46)-"},"styleUrl":"#icon-1739-E65100","icon-scale":1,"icon":"images/icon-1.png","descripción":"Código: 1330\nCoordenadas: -41.1744433 -71.3455518\nGarita: \nCartel: \nObservaciones: \nConexiones: (40_1:31)-(41_1:31)-(61_B1:46)-","Código":"1330","Coordenadas":"-41.1744433 -71.3455518","Garita":"","Cartel":"","Observaciones":"","Conexiones":"(40_1:31)-(41_1:31)-(61_B1:46)-"}},
{"type":"Feature","geometry":{"type":"Point","coordinates":[-71.347526,-41.175006,0]},"properties":{"name":"RN 40 Km.2030 -a","description":{"@type":"html","value":"descripción: Código: 1331<br>Coordenadas: -41.1750057 -71.3475258<br>Garita: <br>Cartel: <br>Observaciones: <br>Conexiones: (40_1:32)-(41_1:32)-(61_B1:47)-<br>Código: 1331<br>Coordenadas: -41.1750057 -71.3475258<br>Garita: <br>Cartel: <br>Observaciones: <br>Conexiones: (40_1:32)-(41_1:32)-(61_B1:47)-"},"styleUrl":"#icon-1739-E65100","icon-scale":1,"icon":"images/icon-1.png","descripción":"Código: 1331\nCoordenadas: -41.1750057 -71.3475258\nGarita: \nCartel: \nObservaciones: \nConexiones: (40_1:32)-(41_1:32)-(61_B1:47)-","Código":"1331","Coordenadas":"-41.1750057 -71.3475258","Garita":"","Cartel":"","Observaciones":"","Conexiones":"(40_1:32)-(41_1:32)-(61_B1:47)-"}},
{"type":"Feature","geometry":{"type":"Point","coordinates":[-71.35112,-41.175902,0]},"properties":{"name":"RN 40 y Acceso Pilar II -a","description":{"@type":"html","value":"descripción: Código: 1332<br>Coordenadas: -41.1759019 -71.3511204<br>Garita: <br>Cartel: <br>Observaciones: <br>Conexiones: (40_1:33)-(41_1:33)-(61_B1:48)-<br>Código: 1332<br>Coordenadas: -41.1759019 -71.3511204<br>Garita: <br>Cartel: <br>Observaciones: <br>Conexiones: (40_1:33)-(41_1:33)-(61_B1:48)-"},"styleUrl":"#icon-1739-E65100","icon-scale":1,"icon":"images/icon-1.png","descripción":"Código: 1332\nCoordenadas: -41.1759019 -71.3511204\nGarita: \nCartel: \nObservaciones: \nConexiones: (40_1:33)-(41_1:33)-(61_B1:48)-","Código":"1332","Coordenadas":"-41.1759019 -71.3511204","Garita":"","Cartel":"","Observaciones":"","Conexiones":"(40_1:33)-(41_1:33)-(61_B1:48)-"}},
{"type":"Feature","geometry":{"type":"Point","coordinates":[-71.357252,-41.177454,0]},"properties":{"name":"RN 40 Km.2029 -a","description":{"@type":"html","value":"descripción: Código: 1333<br>Coordenadas: -41.1774539 -71.357252<br>Garita: <br>Cartel: <br>Observaciones: <br>Conexiones: (41_1:34)-<br>Código: 1333<br>Coordenadas: -41.1774539 -71.357252<br>Garita: <br>Cartel: <br>Observaciones: <br>Conexiones: (41_1:34)-"},"styleUrl":"#icon-1739-E65100","icon-scale":1,"icon":"images/icon-1.png","descripción":"Código: 1333\nCoordenadas: -41.1774539 -71.357252\nGarita: \nCartel: \nObservaciones: \nConexiones: (41_1:34)-","Código":"1333","Coordenadas":"-41.1774539 -71.357252","Garita":"","Cartel":"","Observaciones":"","Conexiones":"(41_1:34)-"}},
{"type":"Feature","geometry":{"type":"Point","coordinates":[-71.366304,-41.179401,0]},"properties":{"name":"De Los Pañiles y RN 40 -a","description":{"@type":"html","value":"descripción: Código: 1334<br>Coordenadas: -41.1794014 -71.3663043<br>Garita: <br>Cartel: <br>Observaciones: <br>Conexiones: (41_1:36)-<br>Código: 1334<br>Coordenadas: -41.1794014 -71.3663043<br>Garita: <br>Cartel: <br>Observaciones: <br>Conexiones: (41_1:36)-"},"styleUrl":"#icon-1739-E65100","icon-scale":1,"icon":"images/icon-1.png","descripción":"Código: 1334\nCoordenadas: -41.1794014 -71.3663043\nGarita: \nCartel: \nObservaciones: \nConexiones: (41_1:36)-","Código":"1334","Coordenadas":"-41.1794014 -71.3663043","Garita":"","Cartel":"","Observaciones":"","Conexiones":"(41_1:36)-"}},
{"type":"Feature","geometry":{"type":"Point","coordinates":[-71.366236,-41.176685,0]},"properties":{"name":"De Los Pañiles y Av. Cerro Catedral","description":{"@type":"html","value":"descripción: Código: 1335<br>Coordenadas: -41.176685 -71.3662355<br>Garita: <br>Cartel: <br>Observaciones: <br>Conexiones: (41_1:37)-<br>Código: 1335<br>Coordenadas: -41.176685 -71.3662355<br>Garita: <br>Cartel: <br>Observaciones: <br>Conexiones: (41_1:37)-"},"styleUrl":"#icon-1739-E65100","icon-scale":1,"icon":"images/icon-1.png","descripción":"Código: 1335\nCoordenadas: -41.176685 -71.3662355\nGarita: \nCartel: \nObservaciones: \nConexiones: (41_1:37)-","Código":"1335","Coordenadas":"-41.176685 -71.3662355","Garita":"","Cartel":"","Observaciones":"","Conexiones":"(41_1:37)-"}},
{"type":"Feature","geometry":{"type":"Point","coordinates":[-71.366462,-41.174121,0]},"properties":{"name":"De Los Pañiles y De Los Espinos -b","description":{"@type":"html","value":"descripción: Código: 1336<br>Coordenadas: -41.1741212 -71.3664619<br>Garita: <br>Cartel: <br>Observaciones: <br>Conexiones: (41_1:42)-(41_2:13)-<br>Código: 1336<br>Coordenadas: -41.1741212 -71.3664619<br>Garita: <br>Cartel: <br>Observaciones: <br>Conexiones: (41_1:42)-(41_2:13)-"},"styleUrl":"#icon-1739-E65100","icon-scale":1,"icon":"images/icon-1.png","descripción":"Código: 1336\nCoordenadas: -41.1741212 -71.3664619\nGarita: \nCartel: \nObservaciones: \nConexiones: (41_1:42)-(41_2:13)-","Código":"1336","Coordenadas":"-41.1741212 -71.3664619","Garita":"","Cartel":"","Observaciones":"","Conexiones":"(41_1:42)-(41_2:13)-"}},
{"type":"Feature","geometry":{"type":"Point","coordinates":[-71.366251,-41.171148,0]},"properties":{"name":"De Los Pañiles y De las Moras -b","description":{"@type":"html","value":"descripción: Código: 1337<br>Coordenadas: -41.1711481 -71.3662513<br>Garita: <br>Cartel: <br>Observaciones: <br>Conexiones: (41_1:41)-(41_2:12)-<br>Código: 1337<br>Coordenadas: -41.1711481 -71.3662513<br>Garita: <br>Cartel: <br>Observaciones: <br>Conexiones: (41_1:41)-(41_2:12)-"},"styleUrl":"#icon-1739-E65100","icon-scale":1,"icon":"images/icon-1.png","descripción":"Código: 1337\nCoordenadas: -41.1711481 -71.3662513\nGarita: \nCartel: \nObservaciones: \nConexiones: (41_1:41)-(41_2:12)-","Código":"1337","Coordenadas":"-41.1711481 -71.3662513","Garita":"","Cartel":"","Observaciones":"","Conexiones":"(41_1:41)-(41_2:12)-"}},
{"type":"Feature","geometry":{"type":"Point","coordinates":[-71.366028,-41.168002,0]},"properties":{"name":"De Los Pañiles y De Los PeinecilLos","description":{"@type":"html","value":"descripción: Código: 1338<br>Coordenadas: -41.1680024 -71.366028<br>Garita: <br>Cartel: <br>Observaciones: <br>Conexiones: (41_1:40)-(41_2:11)-<br>Código: 1338<br>Coordenadas: -41.1680024 -71.366028<br>Garita: <br>Cartel: <br>Observaciones: <br>Conexiones: (41_1:40)-(41_2:11)-"},"styleUrl":"#icon-1739-E65100","icon-scale":1,"icon":"images/icon-1.png","descripción":"Código: 1338\nCoordenadas: -41.1680024 -71.366028\nGarita: \nCartel: \nObservaciones: \nConexiones: (41_1:40)-(41_2:11)-","Código":"1338","Coordenadas":"-41.1680024 -71.366028","Garita":"","Cartel":"","Observaciones":"","Conexiones":"(41_1:40)-(41_2:11)-"}},
{"type":"Feature","geometry":{"type":"Point","coordinates":[-71.375788,-41.176374,0]},"properties":{"name":"Av. Cerro Catedral y De las Frambuesas -a","description":{"@type":"html","value":"descripción: Código: 1339<br>Coordenadas: -41.1763742 -71.3757884<br>Garita: <br>Cartel: <br>Observaciones: <br>Conexiones: (41_1:43)-<br>Código: 1339<br>Coordenadas: -41.1763742 -71.3757884<br>Garita: <br>Cartel: <br>Observaciones: <br>Conexiones: (41_1:43)-"},"styleUrl":"#icon-1739-E65100","icon-scale":1,"icon":"images/icon-1.png","descripción":"Código: 1339\nCoordenadas: -41.1763742 -71.3757884\nGarita: \nCartel: \nObservaciones: \nConexiones: (41_1:43)-","Código":"1339","Coordenadas":"-41.1763742 -71.3757884","Garita":"","Cartel":"","Observaciones":"","Conexiones":"(41_1:43)-"}},
{"type":"Feature","geometry":{"type":"Point","coordinates":[-71.380003,-41.177193,0]},"properties":{"name":"Av. Cerro Catedral y De Los Amancay -a","description":{"@type":"html","value":"descripción: Código: 1340<br>Coordenadas: -41.1771931 -71.3800026<br>Garita: <br>Cartel: <br>Observaciones: <br>Conexiones: (41_1:44)-<br>Código: 1340<br>Coordenadas: -41.1771931 -71.3800026<br>Garita: <br>Cartel: <br>Observaciones: <br>Conexiones: (41_1:44)-"},"styleUrl":"#icon-1739-E65100","icon-scale":1,"icon":"images/icon-1.png","descripción":"Código: 1340\nCoordenadas: -41.1771931 -71.3800026\nGarita: \nCartel: \nObservaciones: \nConexiones: (41_1:44)-","Código":"1340","Coordenadas":"-41.1771931 -71.3800026","Garita":"","Cartel":"","Observaciones":"","Conexiones":"(41_1:44)-"}},
{"type":"Feature","geometry":{"type":"Point","coordinates":[-71.38383,-41.177944,0]},"properties":{"name":"RN 82 y Rotonda de Ruta 82 -a","description":{"@type":"html","value":"descripción: Código: 1341<br>Coordenadas: -41.1779437 -71.3838305<br>Garita: 1<br>Cartel: <br>Observaciones: <br>Conexiones: (41_1:45)-(50_A1:67)-(50_A2:1)-(50_B1:59)-(50_B2:1)-<br>Código: 1341<br>Coordenadas: -41.1779437 -71.3838305<br>Garita: 1.0<br>Cartel: <br>Observaciones: <br>Conexiones: (41_1:45)-(50_A1:67)-(50_A2:1)-(50_B1:59)-(50_B2:1)-"},"styleUrl":"#icon-1739-E65100","icon-scale":1,"icon":"images/icon-1.png","descripción":"Código: 1341\nCoordenadas: -41.1779437 -71.3838305\nGarita: 1\nCartel: \nObservaciones: \nConexiones: (41_1:45)-(50_A1:67)-(50_A2:1)-(50_B1:59)-(50_B2:1)-","Código":"1341","Coordenadas":"-41.1779437 -71.3838305","Garita":"1.0","Cartel":"","Observaciones":"","Conexiones":"(41_1:45)-(50_A1:67)-(50_A2:1)-(50_B1:59)-(50_B2:1)-"}},
{"type":"Feature","geometry":{"type":"Point","coordinates":[-71.388614,-41.176874,0]},"properties":{"name":"RP 82 Km.5.500 -a","description":{"@type":"html","value":"descripción: Código: 1342<br>Coordenadas: -41.1768738 -71.388614<br>Garita: <br>Cartel: <br>Observaciones: <br>Conexiones: (41_1:46)-(50_A2:2)-(50_B2:2)-<br>Código: 1342<br>Coordenadas: -41.1768738 -71.388614<br>Garita: <br>Cartel: <br>Observaciones: <br>Conexiones: (41_1:46)-(50_A2:2)-(50_B2:2)-"},"styleUrl":"#icon-1739-E65100","icon-scale":1,"icon":"images/icon-1.png","descripción":"Código: 1342\nCoordenadas: -41.1768738 -71.388614\nGarita: \nCartel: \nObservaciones: \nConexiones: (41_1:46)-(50_A2:2)-(50_B2:2)-","Código":"1342","Coordenadas":"-41.1768738 -71.388614","Garita":"","Cartel":"","Observaciones":"","Conexiones":"(41_1:46)-(50_A2:2)-(50_B2:2)-"}},
{"type":"Feature","geometry":{"type":"Point","coordinates":[-71.390344,-41.175311,0]},"properties":{"name":"RP 82 Km.6 -a","description":{"@type":"html","value":"descripción: Código: 1343<br>Coordenadas: -41.1753108 -71.390344<br>Garita: <br>Cartel: <br>Observaciones: <br>Conexiones: (41_1:47)-(50_A2:3)-(50_B2:3)-<br>Código: 1343<br>Coordenadas: -41.1753108 -71.390344<br>Garita: <br>Cartel: <br>Observaciones: <br>Conexiones: (41_1:47)-(50_A2:3)-(50_B2:3)-"},"styleUrl":"#icon-1739-E65100","icon-scale":1,"icon":"images/icon-1.png","descripción":"Código: 1343\nCoordenadas: -41.1753108 -71.390344\nGarita: \nCartel: \nObservaciones: \nConexiones: (41_1:47)-(50_A2:3)-(50_B2:3)-","Código":"1343","Coordenadas":"-41.1753108 -71.390344","Garita":"","Cartel":"","Observaciones":"","Conexiones":"(41_1:47)-(50_A2:3)-(50_B2:3)-"}},
{"type":"Feature","geometry":{"type":"Point","coordinates":[-71.302096,-41.138478,0]},"properties":{"name":"Frey y Tiscornia","description":{"@type":"html","value":"descripción: Código: 1407<br>Coordenadas: -41.1384784 -71.3020958<br>Garita: <br>Cartel: 1<br>Observaciones: <br>Conexiones: (71/81_A1:12)-(71/81_B1:29)-(71/81_C1:29)-(80_1:7)-(81_A1:6)-(81_B1:6)-(84_1:7)-<br>Código: 1407<br>Coordenadas: -41.1384784 -71.3020958<br>Garita: <br>Cartel: 1.0<br>Observaciones: <br>Conexiones: (71/81_A1:12)-(71/81_B1:29)-(71/81_C1:29)-(80_1:7)-(81_A1:6)-(81_B1:6)-(84_1:7)-"},"styleUrl":"#icon-1739-E65100","icon-scale":1,"icon":"images/icon-1.png","descripción":"Código: 1407\nCoordenadas: -41.1384784 -71.3020958\nGarita: \nCartel: 1\nObservaciones: \nConexiones: (71/81_A1:12)-(71/81_B1:29)-(71/81_C1:29)-(80_1:7)-(81_A1:6)-(81_B1:6)-(84_1:7)-","Código":"1407","Coordenadas":"-41.1384784 -71.3020958","Garita":"","Cartel":"1.0","Observaciones":"","Conexiones":"(71/81_A1:12)-(71/81_B1:29)-(71/81_C1:29)-(80_1:7)-(81_A1:6)-(81_B1:6)-(84_1:7)-"}},
{"type":"Feature","geometry":{"type":"Point","coordinates":[-71.327089,-41.171294,0]},"properties":{"name":"Aguada de Guerra y Fita Ruin -a","description":{"@type":"html","value":"descripción: Código: 1428<br>Coordenadas: -41.171294 -71.3270894<br>Garita: <br>Cartel: <br>Observaciones: <br>Conexiones: (84_1:30)-<br>Código: 1428<br>Coordenadas: -41.171294 -71.3270894<br>Garita: <br>Cartel: <br>Observaciones: <br>Conexiones: (84_1:30)-"},"styleUrl":"#icon-1739-E65100","icon-scale":1,"icon":"images/icon-1.png","descripción":"Código: 1428\nCoordenadas: -41.171294 -71.3270894\nGarita: \nCartel: \nObservaciones: \nConexiones: (84_1:30)-","Código":"1428","Coordenadas":"-41.171294 -71.3270894","Garita":"","Cartel":"","Observaciones":"","Conexiones":"(84_1:30)-"}},
{"type":"Feature","geometry":{"type":"Point","coordinates":[-71.327796,-41.172818,0]},"properties":{"name":"La Fragua y Las Bayas","description":{"@type":"html","value":"descripción: Código: 1429<br>Coordenadas: -41.1728178 -71.3277956<br>Garita: <br>Cartel: <br>Observaciones: <br>Conexiones: (84_1:31)-<br>Código: 1429<br>Coordenadas: -41.1728178 -71.3277956<br>Garita: <br>Cartel: <br>Observaciones: <br>Conexiones: (84_1:31)-"},"styleUrl":"#icon-1739-E65100","icon-scale":1,"icon":"images/icon-1.png","descripción":"Código: 1429\nCoordenadas: -41.1728178 -71.3277956\nGarita: \nCartel: \nObservaciones: \nConexiones: (84_1:31)-","Código":"1429","Coordenadas":"-41.1728178 -71.3277956","Garita":"","Cartel":"","Observaciones":"","Conexiones":"(84_1:31)-"}},
{"type":"Feature","geometry":{"type":"Point","coordinates":[-71.326136,-41.173442,0]},"properties":{"name":"B° El Maiten - Cancha -a","description":{"@type":"html","value":"descripción: Código: 1430<br>Coordenadas: -41.1734415 -71.3261363<br>Garita: <br>Cartel: <br>Observaciones: <br>Conexiones: (84_1:32)-<br>Código: 1430<br>Coordenadas: -41.1734415 -71.3261363<br>Garita: <br>Cartel: <br>Observaciones: <br>Conexiones: (84_1:32)-"},"styleUrl":"#icon-1739-E65100","icon-scale":1,"icon":"images/icon-1.png","descripción":"Código: 1430\nCoordenadas: -41.1734415 -71.3261363\nGarita: \nCartel: \nObservaciones: \nConexiones: (84_1:32)-","Código":"1430","Coordenadas":"-41.1734415 -71.3261363","Garita":"","Cartel":"","Observaciones":"","Conexiones":"(84_1:32)-"}},
{"type":"Feature","geometry":{"type":"Point","coordinates":[-71.325017,-41.172722,0]},"properties":{"name":"Hoyo de Epuyen y Aguada de Guerra -a","description":{"@type":"html","value":"descripción: Código: 1431<br>Coordenadas: -41.1727222 -71.3250173<br>Garita: <br>Cartel: <br>Observaciones: <br>Conexiones: (84_1:33)-<br>Código: 1431<br>Coordenadas: -41.1727222 -71.3250173<br>Garita: <br>Cartel: <br>Observaciones: <br>Conexiones: (84_1:33)-"},"styleUrl":"#icon-1739-E65100","icon-scale":1,"icon":"images/icon-1.png","descripción":"Código: 1431\nCoordenadas: -41.1727222 -71.3250173\nGarita: \nCartel: \nObservaciones: \nConexiones: (84_1:33)-","Código":"1431","Coordenadas":"-41.1727222 -71.3250173","Garita":"","Cartel":"","Observaciones":"","Conexiones":"(84_1:33)-"}},
{"type":"Feature","geometry":{"type":"Point","coordinates":[-71.322586,-41.17141,0]},"properties":{"name":"Hoyo de Epuyen e Isla del Tigre -a","description":{"@type":"html","value":"descripción: Código: 1432<br>Coordenadas: -41.1714102 -71.3225862<br>Garita: <br>Cartel: 1<br>Observaciones: <br>Conexiones: (84_1:34)-<br>Código: 1432<br>Coordenadas: -41.1714102 -71.3225862<br>Garita: <br>Cartel: 1.0<br>Observaciones: <br>Conexiones: (84_1:34)-"},"styleUrl":"#icon-1739-E65100","icon-scale":1,"icon":"images/icon-1.png","descripción":"Código: 1432\nCoordenadas: -41.1714102 -71.3225862\nGarita: \nCartel: 1\nObservaciones: \nConexiones: (84_1:34)-","Código":"1432","Coordenadas":"-41.1714102 -71.3225862","Garita":"","Cartel":"1.0","Observaciones":"","Conexiones":"(84_1:34)-"}},
{"type":"Feature","geometry":{"type":"Point","coordinates":[-71.320723,-41.172661,0]},"properties":{"name":"Isla del Tigre y José Obrero -a","description":{"@type":"html","value":"descripción: Código: 1433<br>Coordenadas: -41.1726614 -71.3207228<br>Garita: 1<br>Cartel: <br>Observaciones: <br>Conexiones: (84_1:35)-<br>Código: 1433<br>Coordenadas: -41.1726614 -71.3207228<br>Garita: 1.0<br>Cartel: <br>Observaciones: <br>Conexiones: (84_1:35)-"},"styleUrl":"#icon-1739-E65100","icon-scale":1,"icon":"images/icon-1.png","descripción":"Código: 1433\nCoordenadas: -41.1726614 -71.3207228\nGarita: 1\nCartel: \nObservaciones: \nConexiones: (84_1:35)-","Código":"1433","Coordenadas":"-41.1726614 -71.3207228","Garita":"1.0","Cartel":"","Observaciones":"","Conexiones":"(84_1:35)-"}},
{"type":"Feature","geometry":{"type":"Point","coordinates":[-71.319552,-41.17219,0]},"properties":{"name":"José Obrero y Paso de Los Vuriloche -a","description":{"@type":"html","value":"descripción: Código: 1434<br>Coordenadas: -41.1721903 -71.3195525<br>Garita: <br>Cartel: <br>Observaciones: <br>Conexiones: (84_1:36)-<br>Código: 1434<br>Coordenadas: -41.1721903 -71.3195525<br>Garita: <br>Cartel: <br>Observaciones: <br>Conexiones: (84_1:36)-"},"styleUrl":"#icon-1739-E65100","icon-scale":1,"icon":"images/icon-1.png","descripción":"Código: 1434\nCoordenadas: -41.1721903 -71.3195525\nGarita: \nCartel: \nObservaciones: \nConexiones: (84_1:36)-","Código":"1434","Coordenadas":"-41.1721903 -71.3195525","Garita":"","Cartel":"","Observaciones":"","Conexiones":"(84_1:36)-"}},
{"type":"Feature","geometry":{"type":"Point","coordinates":[-71.318225,-41.171571,0]},"properties":{"name":"José Obrero y José Luckman -a","description":{"@type":"html","value":"descripción: Código: 1435<br>Coordenadas: -41.1715708 -71.318225<br>Garita: <br>Cartel: <br>Observaciones: <br>Conexiones: (84_1:37)-<br>Código: 1435<br>Coordenadas: -41.1715708 -71.318225<br>Garita: <br>Cartel: <br>Observaciones: <br>Conexiones: (84_1:37)-"},"styleUrl":"#icon-1739-E65100","icon-scale":1,"icon":"images/icon-1.png","descripción":"Código: 1435\nCoordenadas: -41.1715708 -71.318225\nGarita: \nCartel: \nObservaciones: \nConexiones: (84_1:37)-","Código":"1435","Coordenadas":"-41.1715708 -71.318225","Garita":"","Cartel":"","Observaciones":"","Conexiones":"(84_1:37)-"}},
{"type":"Feature","geometry":{"type":"Point","coordinates":[-71.315964,-41.173524,0]},"properties":{"name":"José Luckman y Roca Negra -a","description":{"@type":"html","value":"descripción: Código: 1436<br>Coordenadas: -41.1735237 -71.3159636<br>Garita: 1<br>Cartel: <br>Observaciones: <br>Conexiones: (84_1:38)-<br>Código: 1436<br>Coordenadas: -41.1735237 -71.3159636<br>Garita: 1.0<br>Cartel: <br>Observaciones: <br>Conexiones: (84_1:38)-"},"styleUrl":"#icon-1739-E65100","icon-scale":1,"icon":"images/icon-1.png","descripción":"Código: 1436\nCoordenadas: -41.1735237 -71.3159636\nGarita: 1\nCartel: \nObservaciones: \nConexiones: (84_1:38)-","Código":"1436","Coordenadas":"-41.1735237 -71.3159636","Garita":"1.0","Cartel":"","Observaciones":"","Conexiones":"(84_1:38)-"}},
{"type":"Feature","geometry":{"type":"Point","coordinates":[-71.314838,-41.173049,0]},"properties":{"name":"Nehuen y Roca Negra -a","description":{"@type":"html","value":"descripción: Código: 1437<br>Coordenadas: -41.173049 -71.3148376<br>Garita: 1<br>Cartel: <br>Observaciones: <br>Conexiones: (84_1:39)-<br>Código: 1437<br>Coordenadas: -41.173049 -71.3148376<br>Garita: 1.0<br>Cartel: <br>Observaciones: <br>Conexiones: (84_1:39)-"},"styleUrl":"#icon-1739-E65100","icon-scale":1,"icon":"images/icon-1.png","descripción":"Código: 1437\nCoordenadas: -41.173049 -71.3148376\nGarita: 1\nCartel: \nObservaciones: \nConexiones: (84_1:39)-","Código":"1437","Coordenadas":"-41.173049 -71.3148376","Garita":"1.0","Cartel":"","Observaciones":"","Conexiones":"(84_1:39)-"}},
{"type":"Feature","geometry":{"type":"Point","coordinates":[-71.316203,-41.17138,0]},"properties":{"name":"Nehuen y Gdor. Vernet -a","description":{"@type":"html","value":"descripción: Código: 1438<br>Coordenadas: -41.1713802 -71.3162033<br>Garita: 1<br>Cartel: <br>Observaciones: <br>Conexiones: (84_1:40)-(84_2:2)-<br>Código: 1438<br>Coordenadas: -41.1713802 -71.3162033<br>Garita: 1.0<br>Cartel: <br>Observaciones: <br>Conexiones: (84_1:40)-(84_2:2)-"},"styleUrl":"#icon-1739-E65100","icon-scale":1,"icon":"images/icon-1.png","descripción":"Código: 1438\nCoordenadas: -41.1713802 -71.3162033\nGarita: 1\nCartel: \nObservaciones: \nConexiones: (84_1:40)-(84_2:2)-","Código":"1438","Coordenadas":"-41.1713802 -71.3162033","Garita":"1.0","Cartel":"","Observaciones":"","Conexiones":"(84_1:40)-(84_2:2)-"}},
{"type":"Feature","geometry":{"type":"Point","coordinates":[-71.318973,-41.16914,0]},"properties":{"name":"Nehuen y Malvina Soledad","description":{"@type":"html","value":"descripción: Código: 1439<br>Coordenadas: -41.1691399 -71.318973<br>Garita: <br>Cartel: <br>Observaciones: <br>Conexiones: (84_1:41)-(84_2:1)-<br>Código: 1439<br>Coordenadas: -41.1691399 -71.318973<br>Garita: <br>Cartel: <br>Observaciones: <br>Conexiones: (84_1:41)-(84_2:1)-"},"styleUrl":"#icon-1739-E65100","icon-scale":1,"icon":"images/icon-1.png","descripción":"Código: 1439\nCoordenadas: -41.1691399 -71.318973\nGarita: \nCartel: \nObservaciones: \nConexiones: (84_1:41)-(84_2:1)-","Código":"1439","Coordenadas":"-41.1691399 -71.318973","Garita":"","Cartel":"","Observaciones":"","Conexiones":"(84_1:41)-(84_2:1)-"}},
{"type":"Feature","geometry":{"type":"Point","coordinates":[-71.314956,-41.172985,0]},"properties":{"name":"Nehuen y Roca Negra -b","description":{"@type":"html","value":"descripción: Código: 1502<br>Coordenadas: -41.1729846 -71.3149558<br>Garita: 1<br>Cartel: <br>Observaciones: <br>Conexiones: (84_2:3)-<br>Código: 1502<br>Coordenadas: -41.1729846 -71.3149558<br>Garita: 1.0<br>Cartel: <br>Observaciones: <br>Conexiones: (84_2:3)-"},"styleUrl":"#icon-1739-E65100","icon-scale":1,"icon":"images/icon-1.png","descripción":"Código: 1502\nCoordenadas: -41.1729846 -71.3149558\nGarita: 1\nCartel: \nObservaciones: \nConexiones: (84_2:3)-","Código":"1502","Coordenadas":"-41.1729846 -71.3149558","Garita":"1.0","Cartel":"","Observaciones":"","Conexiones":"(84_2:3)-"}},
{"type":"Feature","geometry":{"type":"Point","coordinates":[-71.31584,-41.173421,0]},"properties":{"name":"José Luckman y Roca Negra -b","description":{"@type":"html","value":"descripción: Código: 1503<br>Coordenadas: -41.1734207 -71.3158396<br>Garita: <br>Cartel: <br>Observaciones: <br>Conexiones: (84_2:4)-<br>Código: 1503<br>Coordenadas: -41.1734207 -71.3158396<br>Garita: <br>Cartel: <br>Observaciones: <br>Conexiones: (84_2:4)-"},"styleUrl":"#icon-1739-E65100","icon-scale":1,"icon":"images/icon-1.png","descripción":"Código: 1503\nCoordenadas: -41.1734207 -71.3158396\nGarita: \nCartel: \nObservaciones: \nConexiones: (84_2:4)-","Código":"1503","Coordenadas":"-41.1734207 -71.3158396","Garita":"","Cartel":"","Observaciones":"","Conexiones":"(84_2:4)-"}},
{"type":"Feature","geometry":{"type":"Point","coordinates":[-71.3181,-41.171497,0]},"properties":{"name":"José Luckman y José Obrero -b","description":{"@type":"html","value":"descripción: Código: 1504<br>Coordenadas: -41.1714974 -71.3181<br>Garita: <br>Cartel: 1<br>Observaciones: <br>Conexiones: (84_2:5)-<br>Código: 1504<br>Coordenadas: -41.1714974 -71.3181<br>Garita: <br>Cartel: 1.0<br>Observaciones: <br>Conexiones: (84_2:5)-"},"styleUrl":"#icon-1739-E65100","icon-scale":1,"icon":"images/icon-1.png","descripción":"Código: 1504\nCoordenadas: -41.1714974 -71.3181\nGarita: \nCartel: 1\nObservaciones: \nConexiones: (84_2:5)-","Código":"1504","Coordenadas":"-41.1714974 -71.3181","Garita":"","Cartel":"1.0","Observaciones":"","Conexiones":"(84_2:5)-"}},
{"type":"Feature","geometry":{"type":"Point","coordinates":[-71.319616,-41.172123,0]},"properties":{"name":"José Obrero y Paso de Los Vuriloche -b","description":{"@type":"html","value":"descripción: Código: 1505<br>Coordenadas: -41.1721228 -71.3196157<br>Garita: <br>Cartel: 1<br>Observaciones: <br>Conexiones: (84_2:6)-<br>Código: 1505<br>Coordenadas: -41.1721228 -71.3196157<br>Garita: <br>Cartel: 1.0<br>Observaciones: <br>Conexiones: (84_2:6)-"},"styleUrl":"#icon-1739-E65100","icon-scale":1,"icon":"images/icon-1.png","descripción":"Código: 1505\nCoordenadas: -41.1721228 -71.3196157\nGarita: \nCartel: 1\nObservaciones: \nConexiones: (84_2:6)-","Código":"1505","Coordenadas":"-41.1721228 -71.3196157","Garita":"","Cartel":"1.0","Observaciones":"","Conexiones":"(84_2:6)-"}},
{"type":"Feature","geometry":{"type":"Point","coordinates":[-71.320652,-41.172614,0]},"properties":{"name":"Isla del Tigre y José Obrero -b","description":{"@type":"html","value":"descripción: Código: 1506<br>Coordenadas: -41.1726136 -71.320652<br>Garita: 1<br>Cartel: <br>Observaciones: <br>Conexiones: (84_2:7)-<br>Código: 1506<br>Coordenadas: -41.1726136 -71.320652<br>Garita: 1.0<br>Cartel: <br>Observaciones: <br>Conexiones: (84_2:7)-"},"styleUrl":"#icon-1739-E65100","icon-scale":1,"icon":"images/icon-1.png","descripción":"Código: 1506\nCoordenadas: -41.1726136 -71.320652\nGarita: 1\nCartel: \nObservaciones: \nConexiones: (84_2:7)-","Código":"1506","Coordenadas":"-41.1726136 -71.320652","Garita":"1.0","Cartel":"","Observaciones":"","Conexiones":"(84_2:7)-"}},
{"type":"Feature","geometry":{"type":"Point","coordinates":[-71.322646,-41.171346,0]},"properties":{"name":"Hoyo de Epuyen e Isla del Tigre -b","description":{"@type":"html","value":"descripción: Código: 1507<br>Coordenadas: -41.1713465 -71.3226461<br>Garita: 1<br>Cartel: <br>Observaciones: <br>Conexiones: (84_2:8)-<br>Código: 1507<br>Coordenadas: -41.1713465 -71.3226461<br>Garita: 1.0<br>Cartel: <br>Observaciones: <br>Conexiones: (84_2:8)-"},"styleUrl":"#icon-1739-E65100","icon-scale":1,"icon":"images/icon-1.png","descripción":"Código: 1507\nCoordenadas: -41.1713465 -71.3226461\nGarita: 1\nCartel: \nObservaciones: \nConexiones: (84_2:8)-","Código":"1507","Coordenadas":"-41.1713465 -71.3226461","Garita":"1.0","Cartel":"","Observaciones":"","Conexiones":"(84_2:8)-"}},
{"type":"Feature","geometry":{"type":"Point","coordinates":[-71.325102,-41.172657,0]},"properties":{"name":"Hoyo de Epuyen y Aguada de Guerra -b","description":{"@type":"html","value":"descripción: Código: 1508<br>Coordenadas: -41.1726571 -71.3251023<br>Garita: 1<br>Cartel: <br>Observaciones: <br>Conexiones: (84_2:9)-<br>Código: 1508<br>Coordenadas: -41.1726571 -71.3251023<br>Garita: 1.0<br>Cartel: <br>Observaciones: <br>Conexiones: (84_2:9)-"},"styleUrl":"#icon-1739-E65100","icon-scale":1,"icon":"images/icon-1.png","descripción":"Código: 1508\nCoordenadas: -41.1726571 -71.3251023\nGarita: 1\nCartel: \nObservaciones: \nConexiones: (84_2:9)-","Código":"1508","Coordenadas":"-41.1726571 -71.3251023","Garita":"1.0","Cartel":"","Observaciones":"","Conexiones":"(84_2:9)-"}},
{"type":"Feature","geometry":{"type":"Point","coordinates":[-71.326423,-41.173545,0]},"properties":{"name":"B° El Maiten - Cancha -b","description":{"@type":"html","value":"descripción: Código: 1509<br>Coordenadas: -41.1735453 -71.3264229<br>Garita: 1<br>Cartel: <br>Observaciones: <br>Conexiones: (84_2:10)-<br>Código: 1509<br>Coordenadas: -41.1735453 -71.3264229<br>Garita: 1.0<br>Cartel: <br>Observaciones: <br>Conexiones: (84_2:10)-"},"styleUrl":"#icon-1739-E65100","icon-scale":1,"icon":"images/icon-1.png","descripción":"Código: 1509\nCoordenadas: -41.1735453 -71.3264229\nGarita: 1\nCartel: \nObservaciones: \nConexiones: (84_2:10)-","Código":"1509","Coordenadas":"-41.1735453 -71.3264229","Garita":"1.0","Cartel":"","Observaciones":"","Conexiones":"(84_2:10)-"}},
{"type":"Feature","geometry":{"type":"Point","coordinates":[-71.327519,-41.172518,0]},"properties":{"name":"La Fragua y Chacay Hua-Ruca","description":{"@type":"html","value":"descripción: Código: 1510<br>Coordenadas: -41.1725185 -71.3275189<br>Garita: <br>Cartel: <br>Observaciones: <br>Conexiones: (84_2:11)-<br>Código: 1510<br>Coordenadas: -41.1725185 -71.3275189<br>Garita: <br>Cartel: <br>Observaciones: <br>Conexiones: (84_2:11)-"},"styleUrl":"#icon-1739-E65100","icon-scale":1,"icon":"images/icon-1.png","descripción":"Código: 1510\nCoordenadas: -41.1725185 -71.3275189\nGarita: \nCartel: \nObservaciones: \nConexiones: (84_2:11)-","Código":"1510","Coordenadas":"-41.1725185 -71.3275189","Garita":"","Cartel":"","Observaciones":"","Conexiones":"(84_2:11)-"}},
{"type":"Feature","geometry":{"type":"Point","coordinates":[-71.326925,-41.171289,0]},"properties":{"name":"Aguada de Guerra y Fita Ruin -b","description":{"@type":"html","value":"descripción: Código: 1511<br>Coordenadas: -41.1712893 -71.3269248<br>Garita: <br>Cartel: 1<br>Observaciones: <br>Conexiones: (84_2:12)-<br>Código: 1511<br>Coordenadas: -41.1712893 -71.3269248<br>Garita: <br>Cartel: 1.0<br>Observaciones: <br>Conexiones: (84_2:12)-"},"styleUrl":"#icon-1739-E65100","icon-scale":1,"icon":"images/icon-1.png","descripción":"Código: 1511\nCoordenadas: -41.1712893 -71.3269248\nGarita: \nCartel: 1\nObservaciones: \nConexiones: (84_2:12)-","Código":"1511","Coordenadas":"-41.1712893 -71.3269248","Garita":"","Cartel":"1.0","Observaciones":"","Conexiones":"(84_2:12)-"}},
{"type":"Feature","geometry":{"type":"Point","coordinates":[-71.309302,-41.156752,0]},"properties":{"name":"Av. Juan Herman y Rolando -b","description":{"@type":"html","value":"descripción: Código: 1520<br>Coordenadas: -41.1567522 -71.3093017<br>Garita: 1<br>Cartel: <br>Observaciones: <br>Conexiones: (40_2:22)-(41_2:31)-(50_A1:2)-(50_B1:2)-(50_C1:2)-(51_1:2)-(61_A2:24)-(61_B2:25)-(61_C2:7)-<br>Código: 1520<br>Coordenadas: -41.1567522 -71.3093017<br>Garita: 1.0<br>Cartel: <br>Observaciones: <br>Conexiones: (40_2:22)-(41_2:31)-(50_A1:2)-(50_B1:2)-(50_C1:2)-(51_1:2)-(61_A2:24)-(61_B2:25)-(61_C2:7)-"},"styleUrl":"#icon-1739-E65100","icon-scale":1,"icon":"images/icon-1.png","descripción":"Código: 1520\nCoordenadas: -41.1567522 -71.3093017\nGarita: 1\nCartel: \nObservaciones: \nConexiones: (40_2:22)-(41_2:31)-(50_A1:2)-(50_B1:2)-(50_C1:2)-(51_1:2)-(61_A2:24)-(61_B2:25)-(61_C2:7)-","Código":"1520","Coordenadas":"-41.1567522 -71.3093017","Garita":"1.0","Cartel":"","Observaciones":"","Conexiones":"(40_2:22)-(41_2:31)-(50_A1:2)-(50_B1:2)-(50_C1:2)-(51_1:2)-(61_A2:24)-(61_B2:25)-(61_C2:7)-"}},
{"type":"Feature","geometry":{"type":"Point","coordinates":[-71.309789,-41.157969,0]},"properties":{"name":"Rolando y 3 de Mayo","description":{"@type":"html","value":"descripción: Código: 1522<br>Coordenadas: -41.1579694 -71.3097894<br>Garita: 1<br>Cartel: <br>Observaciones: <br>Conexiones: (50_A1:1)-(50_B1:1)-(50_C1:1)-(51_1:1)-<br>Código: 1522<br>Coordenadas: -41.1579694 -71.3097894<br>Garita: 1.0<br>Cartel: <br>Observaciones: <br>Conexiones: (50_A1:1)-(50_B1:1)-(50_C1:1)-(51_1:1)-"},"styleUrl":"#icon-1739-E65100","icon-scale":1,"icon":"images/icon-1.png","descripción":"Código: 1522\nCoordenadas: -41.1579694 -71.3097894\nGarita: 1\nCartel: \nObservaciones: \nConexiones: (50_A1:1)-(50_B1:1)-(50_C1:1)-(51_1:1)-","Código":"1522","Coordenadas":"-41.1579694 -71.3097894","Garita":"1.0","Cartel":"","Observaciones":"","Conexiones":"(50_A1:1)-(50_B1:1)-(50_C1:1)-(51_1:1)-"}},
{"type":"Feature","geometry":{"type":"Point","coordinates":[-71.306468,-41.15581,0]},"properties":{"name":"Beschtedt y Av. Juan Herman","description":{"@type":"html","value":"descripción: Código: 1523<br>Coordenadas: -41.1558101 -71.3064676<br>Garita: <br>Cartel: 1<br>Observaciones: <br>Conexiones: (31_2:11)-(60_1:7)-<br>Código: 1523<br>Coordenadas: -41.1558101 -71.3064676<br>Garita: <br>Cartel: 1.0<br>Observaciones: <br>Conexiones: (31_2:11)-(60_1:7)-"},"styleUrl":"#icon-1739-E65100","icon-scale":1,"icon":"images/icon-1.png","descripción":"Código: 1523\nCoordenadas: -41.1558101 -71.3064676\nGarita: \nCartel: 1\nObservaciones: \nConexiones: (31_2:11)-(60_1:7)-","Código":"1523","Coordenadas":"-41.1558101 -71.3064676","Garita":"","Cartel":"1.0","Observaciones":"","Conexiones":"(31_2:11)-(60_1:7)-"}},
{"type":"Feature","geometry":{"type":"Point","coordinates":[-71.183421,-41.091883,0]},"properties":{"name":"RN 40 - Aduana -b","description":{"@type":"html","value":"descripción: Código: 1601<br>Coordenadas: -41.0918831 -71.1834214<br>Garita: <br>Cartel: <br>Observaciones: <br>Conexiones: (71/81_B1:1)-<br>Código: 1601<br>Coordenadas: -41.0918831 -71.1834214<br>Garita: <br>Cartel: <br>Observaciones: <br>Conexiones: (71/81_B1:1)-"},"styleUrl":"#icon-1739-E65100","icon-scale":1,"icon":"images/icon-1.png","descripción":"Código: 1601\nCoordenadas: -41.0918831 -71.1834214\nGarita: \nCartel: \nObservaciones: \nConexiones: (71/81_B1:1)-","Código":"1601","Coordenadas":"-41.0918831 -71.1834214","Garita":"","Cartel":"","Observaciones":"","Conexiones":"(71/81_B1:1)-"}},
{"type":"Feature","geometry":{"type":"Point","coordinates":[-71.185721,-41.097742,0]},"properties":{"name":"RN 40 Aeródromo Lago Nahuel Huapi -b","description":{"@type":"html","value":"descripción: Código: 1602<br>Coordenadas: -41.0977415 -71.1857207<br>Garita: 1<br>Cartel: <br>Observaciones: <br>Conexiones: (71/81_B1:2)-<br>Código: 1602<br>Coordenadas: -41.0977415 -71.1857207<br>Garita: 1.0<br>Cartel: <br>Observaciones: <br>Conexiones: (71/81_B1:2)-"},"styleUrl":"#icon-1739-E65100","icon-scale":1,"icon":"images/icon-1.png","descripción":"Código: 1602\nCoordenadas: -41.0977415 -71.1857207\nGarita: 1\nCartel: \nObservaciones: \nConexiones: (71/81_B1:2)-","Código":"1602","Coordenadas":"-41.0977415 -71.1857207","Garita":"1.0","Cartel":"","Observaciones":"","Conexiones":"(71/81_B1:2)-"}},
{"type":"Feature","geometry":{"type":"Point","coordinates":[-71.190115,-41.102772,0]},"properties":{"name":"RN 40 y Tte. Pereyra Ramos (Acceso Oeste)","description":{"@type":"html","value":"descripción: Código: 1603<br>Coordenadas: -41.1027717 -71.1901153<br>Garita: <br>Cartel: <br>Observaciones: <br>Conexiones: (71/81_B2:55)-<br>Código: 1603<br>Coordenadas: -41.1027717 -71.1901153<br>Garita: <br>Cartel: <br>Observaciones: <br>Conexiones: (71/81_B2:55)-"},"styleUrl":"#icon-1739-E65100","icon-scale":1,"icon":"images/icon-1.png","descripción":"Código: 1603\nCoordenadas: -41.1027717 -71.1901153\nGarita: \nCartel: \nObservaciones: \nConexiones: (71/81_B2:55)-","Código":"1603","Coordenadas":"-41.1027717 -71.1901153","Garita":"","Cartel":"","Observaciones":"","Conexiones":"(71/81_B2:55)-"}},
{"type":"Feature","geometry":{"type":"Point","coordinates":[-71.197014,-41.104515,0]},"properties":{"name":"RN 40 y Cormorán -b","description":{"@type":"html","value":"descripción: Código: 1604<br>Coordenadas: -41.104515 -71.1970144<br>Garita: 1<br>Cartel: <br>Observaciones: <br>Conexiones: (71/81_B1:3)-<br>Código: 1604<br>Coordenadas: -41.104515 -71.1970144<br>Garita: 1.0<br>Cartel: <br>Observaciones: <br>Conexiones: (71/81_B1:3)-"},"styleUrl":"#icon-1739-E65100","icon-scale":1,"icon":"images/icon-1.png","descripción":"Código: 1604\nCoordenadas: -41.104515 -71.1970144\nGarita: 1\nCartel: \nObservaciones: \nConexiones: (71/81_B1:3)-","Código":"1604","Coordenadas":"-41.104515 -71.1970144","Garita":"1.0","Cartel":"","Observaciones":"","Conexiones":"(71/81_B1:3)-"}},
{"type":"Feature","geometry":{"type":"Point","coordinates":[-71.200435,-41.104598,0]},"properties":{"name":"RN 40 y Luis Piedrabuena -b","description":{"@type":"html","value":"descripción: Código: 1605<br>Coordenadas: -41.1045975 -71.2004354<br>Garita: <br>Cartel: 1<br>Observaciones: <br>Conexiones: (71/81_B1:4)-<br>Código: 1605<br>Coordenadas: -41.1045975 -71.2004354<br>Garita: <br>Cartel: 1.0<br>Observaciones: <br>Conexiones: (71/81_B1:4)-"},"styleUrl":"#icon-1739-E65100","icon-scale":1,"icon":"images/icon-1.png","descripción":"Código: 1605\nCoordenadas: -41.1045975 -71.2004354\nGarita: \nCartel: 1\nObservaciones: \nConexiones: (71/81_B1:4)-","Código":"1605","Coordenadas":"-41.1045975 -71.2004354","Garita":"","Cartel":"1.0","Observaciones":"","Conexiones":"(71/81_B1:4)-"}},
{"type":"Feature","geometry":{"type":"Point","coordinates":[-71.21616,-41.109064,0]},"properties":{"name":"RN 40 y Modesta Victoria -b","description":{"@type":"html","value":"descripción: Código: 1606<br>Coordenadas: -41.1090635 -71.21616<br>Garita: <br>Cartel: <br>Observaciones: <br>Conexiones: (71/81_B1:5)-<br>Código: 1606<br>Coordenadas: -41.1090635 -71.21616<br>Garita: <br>Cartel: <br>Observaciones: <br>Conexiones: (71/81_B1:5)-"},"styleUrl":"#icon-1739-E65100","icon-scale":1,"icon":"images/icon-1.png","descripción":"Código: 1606\nCoordenadas: -41.1090635 -71.21616\nGarita: \nCartel: \nObservaciones: \nConexiones: (71/81_B1:5)-","Código":"1606","Coordenadas":"-41.1090635 -71.21616","Garita":"","Cartel":"","Observaciones":"","Conexiones":"(71/81_B1:5)-"}},
{"type":"Feature","geometry":{"type":"Point","coordinates":[-71.225544,-41.11517,0]},"properties":{"name":"RN 40 - Con Con -b","description":{"@type":"html","value":"descripción: Código: 1607<br>Coordenadas: -41.1151703 -71.2255442<br>Garita: <br>Cartel: <br>Observaciones: <br>Conexiones: (71/81_B1:6)-<br>Código: 1607<br>Coordenadas: -41.1151703 -71.2255442<br>Garita: <br>Cartel: <br>Observaciones: <br>Conexiones: (71/81_B1:6)-"},"styleUrl":"#icon-1739-E65100","icon-scale":1,"icon":"images/icon-1.png","descripción":"Código: 1607\nCoordenadas: -41.1151703 -71.2255442\nGarita: \nCartel: \nObservaciones: \nConexiones: (71/81_B1:6)-","Código":"1607","Coordenadas":"-41.1151703 -71.2255442","Garita":"","Cartel":"","Observaciones":"","Conexiones":"(71/81_B1:6)-"}},
{"type":"Feature","geometry":{"type":"Point","coordinates":[-71.232616,-41.120488,0]},"properties":{"name":"Cmte. Luis Piedrabuena - Canal 6 -b","description":{"@type":"html","value":"descripción: Código: 1608<br>Coordenadas: -41.1204876 -71.2326163<br>Garita: 1<br>Cartel: <br>Observaciones: <br>Conexiones: (71/81_B1:8)-(72_2:5)-<br>Código: 1608<br>Coordenadas: -41.1204876 -71.2326163<br>Garita: 1.0<br>Cartel: <br>Observaciones: <br>Conexiones: (71/81_B1:8)-(72_2:5)-"},"styleUrl":"#icon-1739-E65100","icon-scale":1,"icon":"images/icon-1.png","descripción":"Código: 1608\nCoordenadas: -41.1204876 -71.2326163\nGarita: 1\nCartel: \nObservaciones: \nConexiones: (71/81_B1:8)-(72_2:5)-","Código":"1608","Coordenadas":"-41.1204876 -71.2326163","Garita":"1.0","Cartel":"","Observaciones":"","Conexiones":"(71/81_B1:8)-(72_2:5)-"}},
{"type":"Feature","geometry":{"type":"Point","coordinates":[-71.234896,-41.121832,0]},"properties":{"name":"Cmte. Luis Piedrabuena - Puesto Policia Caminera -b","description":{"@type":"html","value":"descripción: Código: 1609<br>Coordenadas: -41.1218323 -71.2348965<br>Garita: 1<br>Cartel: <br>Observaciones: <br>Conexiones: (71/81_B1:9)-(72_2:6)-<br>Código: 1609<br>Coordenadas: -41.1218323 -71.2348965<br>Garita: 1.0<br>Cartel: <br>Observaciones: <br>Conexiones: (71/81_B1:9)-(72_2:6)-"},"styleUrl":"#icon-1739-E65100","icon-scale":1,"icon":"images/icon-1.png","descripción":"Código: 1609\nCoordenadas: -41.1218323 -71.2348965\nGarita: 1\nCartel: \nObservaciones: \nConexiones: (71/81_B1:9)-(72_2:6)-","Código":"1609","Coordenadas":"-41.1218323 -71.2348965","Garita":"1.0","Cartel":"","Observaciones":"","Conexiones":"(71/81_B1:9)-(72_2:6)-"}},
{"type":"Feature","geometry":{"type":"Point","coordinates":[-71.236617,-41.12284,0]},"properties":{"name":"Cmte. Luis Piedrabuena y María Eugenia Guevara -b","description":{"@type":"html","value":"descripción: Código: 1610<br>Coordenadas: -41.1228404 -71.2366168<br>Garita: 1<br>Cartel: <br>Observaciones: <br>Conexiones: (71/81_B1:10)-(72_2:7)-<br>Código: 1610<br>Coordenadas: -41.1228404 -71.2366168<br>Garita: 1.0<br>Cartel: <br>Observaciones: <br>Conexiones: (71/81_B1:10)-(72_2:7)-"},"styleUrl":"#icon-1739-E65100","icon-scale":1,"icon":"images/icon-1.png","descripción":"Código: 1610\nCoordenadas: -41.1228404 -71.2366168\nGarita: 1\nCartel: \nObservaciones: \nConexiones: (71/81_B1:10)-(72_2:7)-","Código":"1610","Coordenadas":"-41.1228404 -71.2366168","Garita":"1.0","Cartel":"","Observaciones":"","Conexiones":"(71/81_B1:10)-(72_2:7)-"}},
{"type":"Feature","geometry":{"type":"Point","coordinates":[-71.241138,-41.12515,0]},"properties":{"name":"INVAP -b","description":{"@type":"html","value":"descripción: Código: 1611<br>Coordenadas: -41.1251504 -71.2411376<br>Garita: <br>Cartel: <br>Observaciones: <br>Conexiones: (71/81_B1:11)-(72_2:8)-<br>Código: 1611<br>Coordenadas: -41.1251504 -71.2411376<br>Garita: <br>Cartel: <br>Observaciones: <br>Conexiones: (71/81_B1:11)-(72_2:8)-"},"styleUrl":"#icon-1739-E65100","icon-scale":1,"icon":"images/icon-1.png","descripción":"Código: 1611\nCoordenadas: -41.1251504 -71.2411376\nGarita: \nCartel: \nObservaciones: \nConexiones: (71/81_B1:11)-(72_2:8)-","Código":"1611","Coordenadas":"-41.1251504 -71.2411376","Garita":"","Cartel":"","Observaciones":"","Conexiones":"(71/81_B1:11)-(72_2:8)-"}},
{"type":"Feature","geometry":{"type":"Point","coordinates":[-71.246358,-41.126207,0]},"properties":{"name":"Cmte. Luis Piedrabuena y La Candelaria -b","description":{"@type":"html","value":"descripción: Código: 1612<br>Coordenadas: -41.1262073 -71.2463577<br>Garita: 1<br>Cartel: <br>Observaciones: <br>Conexiones: (71/81_B1:12)-(72_2:9)-<br>Código: 1612<br>Coordenadas: -41.1262073 -71.2463577<br>Garita: 1.0<br>Cartel: <br>Observaciones: <br>Conexiones: (71/81_B1:12)-(72_2:9)-"},"styleUrl":"#icon-1739-E65100","icon-scale":1,"icon":"images/icon-1.png","descripción":"Código: 1612\nCoordenadas: -41.1262073 -71.2463577\nGarita: 1\nCartel: \nObservaciones: \nConexiones: (71/81_B1:12)-(72_2:9)-","Código":"1612","Coordenadas":"-41.1262073 -71.2463577","Garita":"1.0","Cartel":"","Observaciones":"","Conexiones":"(71/81_B1:12)-(72_2:9)-"}},
{"type":"Feature","geometry":{"type":"Point","coordinates":[-71.251012,-41.127113,0]},"properties":{"name":"Cmte. Luis Piedrabuena y Lancha Patagonia -b","description":{"@type":"html","value":"descripción: Código: 1613<br>Coordenadas: -41.1271132 -71.2510118<br>Garita: 1<br>Cartel: <br>Observaciones: <br>Conexiones: (71/81_B1:13)-(72_2:10)-<br>Código: 1613<br>Coordenadas: -41.1271132 -71.2510118<br>Garita: 1.0<br>Cartel: <br>Observaciones: <br>Conexiones: (71/81_B1:13)-(72_2:10)-"},"styleUrl":"#icon-1739-E65100","icon-scale":1,"icon":"images/icon-1.png","descripción":"Código: 1613\nCoordenadas: -41.1271132 -71.2510118\nGarita: 1\nCartel: \nObservaciones: \nConexiones: (71/81_B1:13)-(72_2:10)-","Código":"1613","Coordenadas":"-41.1271132 -71.2510118","Garita":"1.0","Cartel":"","Observaciones":"","Conexiones":"(71/81_B1:13)-(72_2:10)-"}},
{"type":"Feature","geometry":{"type":"Point","coordinates":[-71.256813,-41.129198,0]},"properties":{"name":"Cmte. Luis Piedrabuena - Estación de Servicio -b ","description":{"@type":"html","value":"descripción: Código: 1614<br>Coordenadas: -41.1291976 -71.2568126<br>Garita: <br>Cartel: <br>Observaciones: <br>Conexiones: (71/81_B1:14)-(72_2:11)-<br>Código: 1614<br>Coordenadas: -41.1291976 -71.2568126<br>Garita: <br>Cartel: <br>Observaciones: <br>Conexiones: (71/81_B1:14)-(72_2:11)-"},"styleUrl":"#icon-1739-E65100","icon-scale":1,"icon":"images/icon-1.png","descripción":"Código: 1614\nCoordenadas: -41.1291976 -71.2568126\nGarita: \nCartel: \nObservaciones: \nConexiones: (71/81_B1:14)-(72_2:11)-","Código":"1614","Coordenadas":"-41.1291976 -71.2568126","Garita":"","Cartel":"","Observaciones":"","Conexiones":"(71/81_B1:14)-(72_2:11)-"}},
{"type":"Feature","geometry":{"type":"Point","coordinates":[-71.26061,-41.12983,0]},"properties":{"name":"Cmte. Luis Piedrabuena - B° Las Victorias -b","description":{"@type":"html","value":"descripción: Código: 1615<br>Coordenadas: -41.1298297 -71.26061<br>Garita: 1<br>Cartel: <br>Observaciones: <br>Conexiones: (70_2:9)-(71/81_B1:15)-(72_2:12)-<br>Código: 1615<br>Coordenadas: -41.1298297 -71.26061<br>Garita: 1.0<br>Cartel: <br>Observaciones: <br>Conexiones: (70_2:9)-(71/81_B1:15)-(72_2:12)-"},"styleUrl":"#icon-1739-E65100","icon-scale":1,"icon":"images/icon-1.png","descripción":"Código: 1615\nCoordenadas: -41.1298297 -71.26061\nGarita: 1\nCartel: \nObservaciones: \nConexiones: (70_2:9)-(71/81_B1:15)-(72_2:12)-","Código":"1615","Coordenadas":"-41.1298297 -71.26061","Garita":"1.0","Cartel":"","Observaciones":"","Conexiones":"(70_2:9)-(71/81_B1:15)-(72_2:12)-"}},
{"type":"Feature","geometry":{"type":"Point","coordinates":[-71.218214,-41.109522,0]},"properties":{"name":"Modesta Victoria y Trucha del Lago","description":{"@type":"html","value":"descripción: Código: 1701<br>Coordenadas: -41.1095216 -71.2182141<br>Garita: <br>Cartel: <br>Observaciones: <br>Conexiones: (71/81_C1:1)-<br>Código: 1701<br>Coordenadas: -41.1095216 -71.2182141<br>Garita: <br>Cartel: <br>Observaciones: <br>Conexiones: (71/81_C1:1)-"},"styleUrl":"#icon-1739-E65100","icon-scale":1,"icon":"images/icon-1.png","descripción":"Código: 1701\nCoordenadas: -41.1095216 -71.2182141\nGarita: \nCartel: \nObservaciones: \nConexiones: (71/81_C1:1)-","Código":"1701","Coordenadas":"-41.1095216 -71.2182141","Garita":"","Cartel":"","Observaciones":"","Conexiones":"(71/81_C1:1)-"}},
{"type":"Feature","geometry":{"type":"Point","coordinates":[-71.220183,-41.110194,0]},"properties":{"name":"Modesta Victoria y Bajada 9","description":{"@type":"html","value":"descripción: Código: 1702<br>Coordenadas: -41.1101935 -71.2201831<br>Garita: <br>Cartel: <br>Observaciones: <br>Conexiones: (71/81_C1:2)-<br>Código: 1702<br>Coordenadas: -41.1101935 -71.2201831<br>Garita: <br>Cartel: <br>Observaciones: <br>Conexiones: (71/81_C1:2)-"},"styleUrl":"#icon-1739-E65100","icon-scale":1,"icon":"images/icon-1.png","descripción":"Código: 1702\nCoordenadas: -41.1101935 -71.2201831\nGarita: \nCartel: \nObservaciones: \nConexiones: (71/81_C1:2)-","Código":"1702","Coordenadas":"-41.1101935 -71.2201831","Garita":"","Cartel":"","Observaciones":"","Conexiones":"(71/81_C1:2)-"}},
{"type":"Feature","geometry":{"type":"Point","coordinates":[-71.222248,-41.110847,0]},"properties":{"name":"Modesta Victoria y Pez Carpa","description":{"@type":"html","value":"descripción: Código: 1703<br>Coordenadas: -41.1108474 -71.2222481<br>Garita: 1<br>Cartel: <br>Observaciones: <br>Conexiones: (71/81_C1:3)-<br>Código: 1703<br>Coordenadas: -41.1108474 -71.2222481<br>Garita: 1.0<br>Cartel: <br>Observaciones: <br>Conexiones: (71/81_C1:3)-"},"styleUrl":"#icon-1739-E65100","icon-scale":1,"icon":"images/icon-1.png","descripción":"Código: 1703\nCoordenadas: -41.1108474 -71.2222481\nGarita: 1\nCartel: \nObservaciones: \nConexiones: (71/81_C1:3)-","Código":"1703","Coordenadas":"-41.1108474 -71.2222481","Garita":"1.0","Cartel":"","Observaciones":"","Conexiones":"(71/81_C1:3)-"}},
{"type":"Feature","geometry":{"type":"Point","coordinates":[-71.225911,-41.112413,0]},"properties":{"name":"Modesta Victoria y Bajada 6","description":{"@type":"html","value":"descripción: Código: 1704<br>Coordenadas: -41.1124133 -71.2259111<br>Garita: 1<br>Cartel: <br>Observaciones: <br>Conexiones: (71/81_C1:4)-<br>Código: 1704<br>Coordenadas: -41.1124133 -71.2259111<br>Garita: 1.0<br>Cartel: <br>Observaciones: <br>Conexiones: (71/81_C1:4)-"},"styleUrl":"#icon-1739-E65100","icon-scale":1,"icon":"images/icon-1.png","descripción":"Código: 1704\nCoordenadas: -41.1124133 -71.2259111\nGarita: 1\nCartel: \nObservaciones: \nConexiones: (71/81_C1:4)-","Código":"1704","Coordenadas":"-41.1124133 -71.2259111","Garita":"1.0","Cartel":"","Observaciones":"","Conexiones":"(71/81_C1:4)-"}},
{"type":"Feature","geometry":{"type":"Point","coordinates":[-71.229261,-41.114293,0]},"properties":{"name":"Modesta Victoria y Bajada 5","description":{"@type":"html","value":"descripción: Código: 1705<br>Coordenadas: -41.1142933 -71.2292607<br>Garita: 1<br>Cartel: <br>Observaciones: <br>Conexiones: (71/81_C1:5)-<br>Código: 1705<br>Coordenadas: -41.1142933 -71.2292607<br>Garita: 1.0<br>Cartel: <br>Observaciones: <br>Conexiones: (71/81_C1:5)-"},"styleUrl":"#icon-1739-E65100","icon-scale":1,"icon":"images/icon-1.png","descripción":"Código: 1705\nCoordenadas: -41.1142933 -71.2292607\nGarita: 1\nCartel: \nObservaciones: \nConexiones: (71/81_C1:5)-","Código":"1705","Coordenadas":"-41.1142933 -71.2292607","Garita":"1.0","Cartel":"","Observaciones":"","Conexiones":"(71/81_C1:5)-"}},
{"type":"Feature","geometry":{"type":"Point","coordinates":[-71.233778,-41.116883,0]},"properties":{"name":"Modesta Victoria - Recta A","description":{"@type":"html","value":"descripción: Código: 1706<br>Coordenadas: -41.1168827 -71.2337783<br>Garita: 1<br>Cartel: <br>Observaciones: <br>Conexiones: (71/81_C1:6)-<br>Código: 1706<br>Coordenadas: -41.1168827 -71.2337783<br>Garita: 1.0<br>Cartel: <br>Observaciones: <br>Conexiones: (71/81_C1:6)-"},"styleUrl":"#icon-1739-E65100","icon-scale":1,"icon":"images/icon-1.png","descripción":"Código: 1706\nCoordenadas: -41.1168827 -71.2337783\nGarita: 1\nCartel: \nObservaciones: \nConexiones: (71/81_C1:6)-","Código":"1706","Coordenadas":"-41.1168827 -71.2337783","Garita":"1.0","Cartel":"","Observaciones":"","Conexiones":"(71/81_C1:6)-"}},
{"type":"Feature","geometry":{"type":"Point","coordinates":[-71.237679,-41.118712,0]},"properties":{"name":"Modesta Victoria - Recta B","description":{"@type":"html","value":"descripción: Código: 1707<br>Coordenadas: -41.118712 -71.237679<br>Garita: <br>Cartel: <br>Observaciones: <br>Conexiones: (71/81_C1:7)-<br>Código: 1707<br>Coordenadas: -41.118712 -71.237679<br>Garita: <br>Cartel: <br>Observaciones: <br>Conexiones: (71/81_C1:7)-"},"styleUrl":"#icon-1739-E65100","icon-scale":1,"icon":"images/icon-1.png","descripción":"Código: 1707\nCoordenadas: -41.118712 -71.237679\nGarita: \nCartel: \nObservaciones: \nConexiones: (71/81_C1:7)-","Código":"1707","Coordenadas":"-41.118712 -71.237679","Garita":"","Cartel":"","Observaciones":"","Conexiones":"(71/81_C1:7)-"}},
{"type":"Feature","geometry":{"type":"Point","coordinates":[-71.242537,-41.120087,0]},"properties":{"name":"Modesta Victoria y Remolcador Helvetia","description":{"@type":"html","value":"descripción: Código: 1708<br>Coordenadas: -41.1200874 -71.2425372<br>Garita: 1<br>Cartel: <br>Observaciones: <br>Conexiones: (71/81_C1:8)-<br>Código: 1708<br>Coordenadas: -41.1200874 -71.2425372<br>Garita: 1.0<br>Cartel: <br>Observaciones: <br>Conexiones: (71/81_C1:8)-"},"styleUrl":"#icon-1739-E65100","icon-scale":1,"icon":"images/icon-1.png","descripción":"Código: 1708\nCoordenadas: -41.1200874 -71.2425372\nGarita: 1\nCartel: \nObservaciones: \nConexiones: (71/81_C1:8)-","Código":"1708","Coordenadas":"-41.1200874 -71.2425372","Garita":"1.0","Cartel":"","Observaciones":"","Conexiones":"(71/81_C1:8)-"}},
{"type":"Feature","geometry":{"type":"Point","coordinates":[-71.246205,-41.121817,0]},"properties":{"name":"Modesta Victoria y Vapor Condor","description":{"@type":"html","value":"descripción: Código: 1709<br>Coordenadas: -41.1218174 -71.2462049<br>Garita: 1<br>Cartel: <br>Observaciones: <br>Conexiones: (71/81_C1:9)-<br>Código: 1709<br>Coordenadas: -41.1218174 -71.2462049<br>Garita: 1.0<br>Cartel: <br>Observaciones: <br>Conexiones: (71/81_C1:9)-"},"styleUrl":"#icon-1739-E65100","icon-scale":1,"icon":"images/icon-1.png","descripción":"Código: 1709\nCoordenadas: -41.1218174 -71.2462049\nGarita: 1\nCartel: \nObservaciones: \nConexiones: (71/81_C1:9)-","Código":"1709","Coordenadas":"-41.1218174 -71.2462049","Garita":"1.0","Cartel":"","Observaciones":"","Conexiones":"(71/81_C1:9)-"}},
{"type":"Feature","geometry":{"type":"Point","coordinates":[-71.250786,-41.124803,0]},"properties":{"name":"Modesta Victoria y Motonave Huilqui","description":{"@type":"html","value":"descripción: Código: 1710<br>Coordenadas: -41.1248027 -71.250786<br>Garita: <br>Cartel: <br>Observaciones: <br>Conexiones: (71/81_C1:10)-<br>Código: 1710<br>Coordenadas: -41.1248027 -71.250786<br>Garita: <br>Cartel: <br>Observaciones: <br>Conexiones: (71/81_C1:10)-"},"styleUrl":"#icon-1739-E65100","icon-scale":1,"icon":"images/icon-1.png","descripción":"Código: 1710\nCoordenadas: -41.1248027 -71.250786\nGarita: \nCartel: \nObservaciones: \nConexiones: (71/81_C1:10)-","Código":"1710","Coordenadas":"-41.1248027 -71.250786","Garita":"","Cartel":"","Observaciones":"","Conexiones":"(71/81_C1:10)-"}},
{"type":"Feature","geometry":{"type":"Point","coordinates":[-71.25454,-41.127203,0]},"properties":{"name":"Planta de Tratamiento de Efluentes","description":{"@type":"html","value":"descripción: Código: 1711<br>Coordenadas: -41.1272026 -71.2545404<br>Garita: <br>Cartel: <br>Observaciones: <br>Conexiones: (71/81_C1:11)-<br>Código: 1711<br>Coordenadas: -41.1272026 -71.2545404<br>Garita: <br>Cartel: <br>Observaciones: <br>Conexiones: (71/81_C1:11)-"},"styleUrl":"#icon-1739-E65100","icon-scale":1,"icon":"images/icon-1.png","descripción":"Código: 1711\nCoordenadas: -41.1272026 -71.2545404\nGarita: \nCartel: \nObservaciones: \nConexiones: (71/81_C1:11)-","Código":"1711","Coordenadas":"-41.1272026 -71.2545404","Garita":"","Cartel":"","Observaciones":"","Conexiones":"(71/81_C1:11)-"}},
{"type":"Feature","geometry":{"type":"Point","coordinates":[-71.257249,-41.12859,0]},"properties":{"name":"Modesta Victoria y Lancha Cristina","description":{"@type":"html","value":"descripción: Código: 1712<br>Coordenadas: -41.1285903 -71.2572493<br>Garita: <br>Cartel: <br>Observaciones: <br>Conexiones: (71/81_C1:12)-<br>Código: 1712<br>Coordenadas: -41.1285903 -71.2572493<br>Garita: <br>Cartel: <br>Observaciones: <br>Conexiones: (71/81_C1:12)-"},"styleUrl":"#icon-1739-E65100","icon-scale":1,"icon":"images/icon-1.png","descripción":"Código: 1712\nCoordenadas: -41.1285903 -71.2572493\nGarita: \nCartel: \nObservaciones: \nConexiones: (71/81_C1:12)-","Código":"1712","Coordenadas":"-41.1285903 -71.2572493","Garita":"","Cartel":"","Observaciones":"","Conexiones":"(71/81_C1:12)-"}},
{"type":"Feature","geometry":{"type":"Point","coordinates":[-71.259978,-41.129127,0]},"properties":{"name":"Modesta Victoria - Escarpa","description":{"@type":"html","value":"descripción: Código: 1713<br>Coordenadas: -41.1291274 -71.2599775<br>Garita: 1<br>Cartel: <br>Observaciones: <br>Conexiones: (71/81_C1:13)-<br>Código: 1713<br>Coordenadas: -41.1291274 -71.2599775<br>Garita: 1.0<br>Cartel: <br>Observaciones: <br>Conexiones: (71/81_C1:13)-"},"styleUrl":"#icon-1739-E65100","icon-scale":1,"icon":"images/icon-1.png","descripción":"Código: 1713\nCoordenadas: -41.1291274 -71.2599775\nGarita: 1\nCartel: \nObservaciones: \nConexiones: (71/81_C1:13)-","Código":"1713","Coordenadas":"-41.1291274 -71.2599775","Garita":"1.0","Cartel":"","Observaciones":"","Conexiones":"(71/81_C1:13)-"}},
{"type":"Feature","geometry":{"type":"Point","coordinates":[-71.261601,-41.129238,0]},"properties":{"name":"Modesta Victoria y Remolcador Llao Llao","description":{"@type":"html","value":"descripción: Código: 1714<br>Coordenadas: -41.1292378 -71.2616013<br>Garita: <br>Cartel: 1<br>Observaciones: <br>Conexiones: (71/81_C1:14)-<br>Código: 1714<br>Coordenadas: -41.1292378 -71.2616013<br>Garita: <br>Cartel: 1.0<br>Observaciones: <br>Conexiones: (71/81_C1:14)-"},"styleUrl":"#icon-1739-E65100","icon-scale":1,"icon":"images/icon-1.png","descripción":"Código: 1714\nCoordenadas: -41.1292378 -71.2616013\nGarita: \nCartel: 1\nObservaciones: \nConexiones: (71/81_C1:14)-","Código":"1714","Coordenadas":"-41.1292378 -71.2616013","Garita":"","Cartel":"1.0","Observaciones":"","Conexiones":"(71/81_C1:14)-"}},
{"type":"Feature","geometry":{"type":"Point","coordinates":[-71.262476,-41.12971,0]},"properties":{"name":"Av. 12 de Octubre y Remolcador Llao Llao","description":{"@type":"html","value":"descripción: Código: 1715<br>Coordenadas: -41.1297104 -71.2624764<br>Garita: 1<br>Cartel: <br>Observaciones: <br>Conexiones: (71/81_C1:15)-<br>Código: 1715<br>Coordenadas: -41.1297104 -71.2624764<br>Garita: 1.0<br>Cartel: <br>Observaciones: <br>Conexiones: (71/81_C1:15)-"},"styleUrl":"#icon-1739-E65100","icon-scale":1,"icon":"images/icon-1.png","descripción":"Código: 1715\nCoordenadas: -41.1297104 -71.2624764\nGarita: 1\nCartel: \nObservaciones: \nConexiones: (71/81_C1:15)-","Código":"1715","Coordenadas":"-41.1297104 -71.2624764","Garita":"1.0","Cartel":"","Observaciones":"","Conexiones":"(71/81_C1:15)-"}},
{"type":"Feature","geometry":{"type":"Point","coordinates":[-71.268251,-41.130314,0]},"properties":{"name":"Av. 12 de Octubre y Cmte. Luis Piedrabuena","description":{"@type":"html","value":"descripción: Código: 1716<br>Coordenadas: -41.1303135 -71.2682511<br>Garita: <br>Cartel: <br>Observaciones: <br>Conexiones: (70_2:10)-(71/81_B1:16)-(71/81_C1:16)-(72_2:13)-<br>Código: 1716<br>Coordenadas: -41.1303135 -71.2682511<br>Garita: <br>Cartel: <br>Observaciones: <br>Conexiones: (70_2:10)-(71/81_B1:16)-(71/81_C1:16)-(72_2:13)-"},"styleUrl":"#icon-1739-E65100","icon-scale":1,"icon":"images/icon-1.png","descripción":"Código: 1716\nCoordenadas: -41.1303135 -71.2682511\nGarita: \nCartel: \nObservaciones: \nConexiones: (70_2:10)-(71/81_B1:16)-(71/81_C1:16)-(72_2:13)-","Código":"1716","Coordenadas":"-41.1303135 -71.2682511","Garita":"","Cartel":"","Observaciones":"","Conexiones":"(70_2:10)-(71/81_B1:16)-(71/81_C1:16)-(72_2:13)-"}},
{"type":"Feature","geometry":{"type":"Point","coordinates":[-71.308531,-41.13586,0]},"properties":{"name":"Elflein y Quaglia","description":{"@type":"html","value":"descripción: Código: 1809<br>Coordenadas: -41.1358601 -71.3085313<br>Garita: <br>Cartel: 1<br>Observaciones: <br>Conexiones: (40_1:2)-(41_1:2)-(61_A1:19)-(61_B1:2)-(61_C1:2)-(71/81_A1:8)-(71/81_A2:31)-(71/81_B1:25)-(71/81_B2:31)-(71/81_C1:25)-(80_1:2)-(81_A1:2)-(81_B1:2)-(82_2:26)-(84_1:2)-<br>Código: 1809<br>Coordenadas: -41.1358601 -71.3085313<br>Garita: <br>Cartel: 1.0<br>Observaciones: <br>Conexiones: (40_1:2)-(41_1:2)-(61_A1:19)-(61_B1:2)-(61_C1:2)-(71/81_A1:8)-(71/81_A2:31)-(71/81_B1:25)-(71/81_B2:31)-(71/81_C1:25)-(80_1:2)-(81_A1:2)-(81_B1:2)-(82_2:26)-(84_1:2)-"},"styleUrl":"#icon-1739-E65100","icon-scale":1,"icon":"images/icon-1.png","descripción":"Código: 1809\nCoordenadas: -41.1358601 -71.3085313\nGarita: \nCartel: 1\nObservaciones: \nConexiones: (40_1:2)-(41_1:2)-(61_A1:19)-(61_B1:2)-(61_C1:2)-(71/81_A1:8)-(71/81_A2:31)-(71/81_B1:25)-(71/81_B2:31)-(71/81_C1:25)-(80_1:2)-(81_A1:2)-(81_B1:2)-(82_2:26)-(84_1:2)-","Código":"1809","Coordenadas":"-41.1358601 -71.3085313","Garita":"","Cartel":"1.0","Observaciones":"","Conexiones":"(40_1:2)-(41_1:2)-(61_A1:19)-(61_B1:2)-(61_C1:2)-(71/81_A1:8)-(71/81_A2:31)-(71/81_B1:25)-(71/81_B2:31)-(71/81_C1:25)-(80_1:2)-(81_A1:2)-(81_B1:2)-(82_2:26)-(84_1:2)-"}},
{"type":"Feature","geometry":{"type":"Point","coordinates":[-71.306137,-41.136135,0]},"properties":{"name":"Elflein y Rolando","description":{"@type":"html","value":"descripción: Código: 1810<br>Coordenadas: -41.136135 -71.3061371<br>Garita: 1<br>Cartel: <br>Observaciones: <br>Conexiones: (10_A2:63)-(10_B2:64)-(10_C2:73)-(13/22_A2:66)-(20_2:67)-(21_2:49)-(40_1:3)-(41_1:3)-(61_A1:20)-(61_B1:3)-(61_C1:3)-(70_1:22)-(71/81_A1:9)-(71/81_A2:32)-(71/81_B1:26)-(71/81_B2:32)-(71/81_C1:26)-(71/81_C2:34)-(80_1:3)-(81_A1:3)-(81_B1:3)-(82_1:18)-(84_1:3)-<br>Código: 1810<br>Coordenadas: -41.136135 -71.3061371<br>Garita: 1.0<br>Cartel: <br>Observaciones: <br>Conexiones: (10_A2:63)-(10_B2:64)-(10_C2:73)-(13/22_A2:66)-(20_2:67)-(21_2:49)-(40_1:3)-(41_1:3)-(61_A1:20)-(61_B1:3)-(61_C1:3)-(70_1:22)-(71/81_A1:9)-(71/81_A2:32)-(71/81_B1:26)-(71/81_B2:32)-(71/81_C1:26)-(71/81_C2:34)-(80_1:3)-(81_A1:3)-(81_B1:3)-(82_1:18)-(84_1:3)-"},"styleUrl":"#icon-1739-E65100","icon-scale":1,"icon":"images/icon-1.png","descripción":"Código: 1810\nCoordenadas: -41.136135 -71.3061371\nGarita: 1\nCartel: \nObservaciones: \nConexiones: (10_A2:63)-(10_B2:64)-(10_C2:73)-(13/22_A2:66)-(20_2:67)-(21_2:49)-(40_1:3)-(41_1:3)-(61_A1:20)-(61_B1:3)-(61_C1:3)-(70_1:22)-(71/81_A1:9)-(71/81_A2:32)-(71/81_B1:26)-(71/81_B2:32)-(71/81_C1:26)-(71/81_C2:34)-(80_1:3)-(81_A1:3)-(81_B1:3)-(82_1:18)-(84_1:3)-","Código":"1810","Coordenadas":"-41.136135 -71.3061371","Garita":"1.0","Cartel":"","Observaciones":"","Conexiones":"(10_A2:63)-(10_B2:64)-(10_C2:73)-(13/22_A2:66)-(20_2:67)-(21_2:49)-(40_1:3)-(41_1:3)-(61_A1:20)-(61_B1:3)-(61_C1:3)-(70_1:22)-(71/81_A1:9)-(71/81_A2:32)-(71/81_B1:26)-(71/81_B2:32)-(71/81_C1:26)-(71/81_C2:34)-(80_1:3)-(81_A1:3)-(81_B1:3)-(82_1:18)-(84_1:3)-"}},
{"type":"Feature","geometry":{"type":"Point","coordinates":[-71.302854,-41.142723,0]},"properties":{"name":"Frey y 25 de Mayo - Gendarmería Nacional","description":{"@type":"html","value":"descripción: Código: 1814<br>Coordenadas: -41.1427233 -71.3028537<br>Garita: <br>Cartel: 1<br>Observaciones: <br>Conexiones: (71/81_A1:14)-(71/81_B1:31)-(71/81_C1:31)-(80_1:9)-(81_A1:8)-(81_B1:8)-<br>Código: 1814<br>Coordenadas: -41.1427233 -71.3028537<br>Garita: <br>Cartel: 1.0<br>Observaciones: <br>Conexiones: (71/81_A1:14)-(71/81_B1:31)-(71/81_C1:31)-(80_1:9)-(81_A1:8)-(81_B1:8)-"},"styleUrl":"#icon-1739-E65100","icon-scale":1,"icon":"images/icon-1.png","descripción":"Código: 1814\nCoordenadas: -41.1427233 -71.3028537\nGarita: \nCartel: 1\nObservaciones: \nConexiones: (71/81_A1:14)-(71/81_B1:31)-(71/81_C1:31)-(80_1:9)-(81_A1:8)-(81_B1:8)-","Código":"1814","Coordenadas":"-41.1427233 -71.3028537","Garita":"","Cartel":"1.0","Observaciones":"","Conexiones":"(71/81_A1:14)-(71/81_B1:31)-(71/81_C1:31)-(80_1:9)-(81_A1:8)-(81_B1:8)-"}},
{"type":"Feature","geometry":{"type":"Point","coordinates":[-71.303285,-41.145076,0]},"properties":{"name":"Frey y Neuquén","description":{"@type":"html","value":"descripción: Código: 1815<br>Coordenadas: -41.1450758 -71.3032847<br>Garita: <br>Cartel: <br>Observaciones: <br>Conexiones: (71/81_A1:15)-(71/81_B1:32)-(71/81_C1:32)-(80_1:10)-(81_A1:9)-(81_B1:9)-<br>Código: 1815<br>Coordenadas: -41.1450758 -71.3032847<br>Garita: <br>Cartel: <br>Observaciones: <br>Conexiones: (71/81_A1:15)-(71/81_B1:32)-(71/81_C1:32)-(80_1:10)-(81_A1:9)-(81_B1:9)-"},"styleUrl":"#icon-1739-E65100","icon-scale":1,"icon":"images/icon-1.png","descripción":"Código: 1815\nCoordenadas: -41.1450758 -71.3032847\nGarita: \nCartel: \nObservaciones: \nConexiones: (71/81_A1:15)-(71/81_B1:32)-(71/81_C1:32)-(80_1:10)-(81_A1:9)-(81_B1:9)-","Código":"1815","Coordenadas":"-41.1450758 -71.3032847","Garita":"","Cartel":"","Observaciones":"","Conexiones":"(71/81_A1:15)-(71/81_B1:32)-(71/81_C1:32)-(80_1:10)-(81_A1:9)-(81_B1:9)-"}},
{"type":"Feature","geometry":{"type":"Point","coordinates":[-71.303682,-41.147275,0]},"properties":{"name":"Frey y Almte. Brown","description":{"@type":"html","value":"descripción: Código: 1816<br>Coordenadas: -41.1472747 -71.3036817<br>Garita: 1<br>Cartel: <br>Observaciones: <br>Conexiones: (71/81_A1:16)-(71/81_B1:33)-(71/81_C1:33)-(80_1:11)-(81_A1:10)-(81_B1:10)-<br>Código: 1816<br>Coordenadas: -41.1472747 -71.3036817<br>Garita: 1.0<br>Cartel: <br>Observaciones: <br>Conexiones: (71/81_A1:16)-(71/81_B1:33)-(71/81_C1:33)-(80_1:11)-(81_A1:10)-(81_B1:10)-"},"styleUrl":"#icon-1739-E65100","icon-scale":1,"icon":"images/icon-1.png","descripción":"Código: 1816\nCoordenadas: -41.1472747 -71.3036817\nGarita: 1\nCartel: \nObservaciones: \nConexiones: (71/81_A1:16)-(71/81_B1:33)-(71/81_C1:33)-(80_1:11)-(81_A1:10)-(81_B1:10)-","Código":"1816","Coordenadas":"-41.1472747 -71.3036817","Garita":"1.0","Cartel":"","Observaciones":"","Conexiones":"(71/81_A1:16)-(71/81_B1:33)-(71/81_C1:33)-(80_1:11)-(81_A1:10)-(81_B1:10)-"}},
{"type":"Feature","geometry":{"type":"Point","coordinates":[-71.301283,-41.148113,0]},"properties":{"name":"Almte. Brown y Otto Goedecke","description":{"@type":"html","value":"descripción: Código: 1817<br>Coordenadas: -41.148113 -71.3012833<br>Garita: <br>Cartel: 1<br>Observaciones: <br>Conexiones: (71/81_A1:17)-(71/81_B1:34)-(71/81_C1:34)-(80_1:12)-(81_A1:11)-(81_B1:11)-<br>Código: 1817<br>Coordenadas: -41.148113 -71.3012833<br>Garita: <br>Cartel: 1.0<br>Observaciones: <br>Conexiones: (71/81_A1:17)-(71/81_B1:34)-(71/81_C1:34)-(80_1:12)-(81_A1:11)-(81_B1:11)-"},"styleUrl":"#icon-1739-E65100","icon-scale":1,"icon":"images/icon-1.png","descripción":"Código: 1817\nCoordenadas: -41.148113 -71.3012833\nGarita: \nCartel: 1\nObservaciones: \nConexiones: (71/81_A1:17)-(71/81_B1:34)-(71/81_C1:34)-(80_1:12)-(81_A1:11)-(81_B1:11)-","Código":"1817","Coordenadas":"-41.148113 -71.3012833","Garita":"","Cartel":"1.0","Observaciones":"","Conexiones":"(71/81_A1:17)-(71/81_B1:34)-(71/81_C1:34)-(80_1:12)-(81_A1:11)-(81_B1:11)-"}},
{"type":"Feature","geometry":{"type":"Point","coordinates":[-71.30154,-41.152857,0]},"properties":{"name":"La Paz y Otto Goedecke","description":{"@type":"html","value":"descripción: Código: 1820<br>Coordenadas: -41.1528571 -71.3015403<br>Garita: <br>Cartel: <br>Observaciones: <br>Conexiones: (71/81_A1:22)-(71/81_B1:38)-(71/81_C1:38)-(80_1:17)-(81_A1:15)-(81_B1:15)-(84_1:15)-<br>Código: 1820<br>Coordenadas: -41.1528571 -71.3015403<br>Garita: <br>Cartel: <br>Observaciones: <br>Conexiones: (71/81_A1:22)-(71/81_B1:38)-(71/81_C1:38)-(80_1:17)-(81_A1:15)-(81_B1:15)-(84_1:15)-"},"styleUrl":"#icon-1739-E65100","icon-scale":1,"icon":"images/icon-1.png","descripción":"Código: 1820\nCoordenadas: -41.1528571 -71.3015403\nGarita: \nCartel: \nObservaciones: \nConexiones: (71/81_A1:22)-(71/81_B1:38)-(71/81_C1:38)-(80_1:17)-(81_A1:15)-(81_B1:15)-(84_1:15)-","Código":"1820","Coordenadas":"-41.1528571 -71.3015403","Garita":"","Cartel":"","Observaciones":"","Conexiones":"(71/81_A1:22)-(71/81_B1:38)-(71/81_C1:38)-(80_1:17)-(81_A1:15)-(81_B1:15)-(84_1:15)-"}},
{"type":"Feature","geometry":{"type":"Point","coordinates":[-71.309574,-41.152006,0]},"properties":{"name":"Gimnasio Municipal N°2 -a","description":{"@type":"html","value":"descripción: Código: 1822<br>Coordenadas: -41.1520059 -71.3095744<br>Garita: 1<br>Cartel: <br>Observaciones: <br>Conexiones: (71/81_A1:26)-(71/81_B1:42)-(71/81_C1:42)-(80_1:21)-(81_A1:19)-(81_B1:19)-<br>Código: 1822<br>Coordenadas: -41.1520059 -71.3095744<br>Garita: 1.0<br>Cartel: <br>Observaciones: <br>Conexiones: (71/81_A1:26)-(71/81_B1:42)-(71/81_C1:42)-(80_1:21)-(81_A1:19)-(81_B1:19)-"},"styleUrl":"#icon-1739-E65100","icon-scale":1,"icon":"images/icon-1.png","descripción":"Código: 1822\nCoordenadas: -41.1520059 -71.3095744\nGarita: 1\nCartel: \nObservaciones: \nConexiones: (71/81_A1:26)-(71/81_B1:42)-(71/81_C1:42)-(80_1:21)-(81_A1:19)-(81_B1:19)-","Código":"1822","Coordenadas":"-41.1520059 -71.3095744","Garita":"1.0","Cartel":"","Observaciones":"","Conexiones":"(71/81_A1:26)-(71/81_B1:42)-(71/81_C1:42)-(80_1:21)-(81_A1:19)-(81_B1:19)-"}},
{"type":"Feature","geometry":{"type":"Point","coordinates":[-71.312332,-41.151794,0]},"properties":{"name":"La Paz y Morales","description":{"@type":"html","value":"descripción: Código: 1823<br>Coordenadas: -41.1517935 -71.3123317<br>Garita: <br>Cartel: 1<br>Observaciones: <br>Conexiones: (71/81_A1:27)-(71/81_B1:43)-(71/81_C1:43)-(80_1:22)-(81_A1:20)-(81_B1:20)-<br>Código: 1823<br>Coordenadas: -41.1517935 -71.3123317<br>Garita: <br>Cartel: 1.0<br>Observaciones: <br>Conexiones: (71/81_A1:27)-(71/81_B1:43)-(71/81_C1:43)-(80_1:22)-(81_A1:20)-(81_B1:20)-"},"styleUrl":"#icon-1739-E65100","icon-scale":1,"icon":"images/icon-1.png","descripción":"Código: 1823\nCoordenadas: -41.1517935 -71.3123317\nGarita: \nCartel: 1\nObservaciones: \nConexiones: (71/81_A1:27)-(71/81_B1:43)-(71/81_C1:43)-(80_1:22)-(81_A1:20)-(81_B1:20)-","Código":"1823","Coordenadas":"-41.1517935 -71.3123317","Garita":"","Cartel":"1.0","Observaciones":"","Conexiones":"(71/81_A1:27)-(71/81_B1:43)-(71/81_C1:43)-(80_1:22)-(81_A1:20)-(81_B1:20)-"}},
{"type":"Feature","geometry":{"type":"Point","coordinates":[-71.314372,-41.15155,0]},"properties":{"name":"La Paz y Pje. Gutiérrez -a","description":{"@type":"html","value":"descripción: Código: 1824<br>Coordenadas: -41.1515499 -71.3143716<br>Garita: <br>Cartel: <br>Observaciones: <br>Conexiones: (71/81_A1:28)-(71/81_B1:44)-(71/81_C1:44)-(80_1:23)-(81_A1:21)-(81_B1:21)-<br>Código: 1824<br>Coordenadas: -41.1515499 -71.3143716<br>Garita: <br>Cartel: <br>Observaciones: <br>Conexiones: (71/81_A1:28)-(71/81_B1:44)-(71/81_C1:44)-(80_1:23)-(81_A1:21)-(81_B1:21)-"},"styleUrl":"#icon-1739-E65100","icon-scale":1,"icon":"images/icon-1.png","descripción":"Código: 1824\nCoordenadas: -41.1515499 -71.3143716\nGarita: \nCartel: \nObservaciones: \nConexiones: (71/81_A1:28)-(71/81_B1:44)-(71/81_C1:44)-(80_1:23)-(81_A1:21)-(81_B1:21)-","Código":"1824","Coordenadas":"-41.1515499 -71.3143716","Garita":"","Cartel":"","Observaciones":"","Conexiones":"(71/81_A1:28)-(71/81_B1:44)-(71/81_C1:44)-(80_1:23)-(81_A1:21)-(81_B1:21)-"}},
{"type":"Feature","geometry":{"type":"Point","coordinates":[-71.316395,-41.153657,0]},"properties":{"name":"Pje. Gutiérrez y Sobral","description":{"@type":"html","value":"descripción: Código: 1825<br>Coordenadas: -41.1536571 -71.3163948<br>Garita: <br>Cartel: <br>Observaciones: <br>Conexiones: (71/81_A1:31)-(71/81_B1:47)-(71/81_C1:47)-(80_1:26)-(81_A1:24)-(81_B1:24)-(82_2:41)-<br>Código: 1825<br>Coordenadas: -41.1536571 -71.3163948<br>Garita: <br>Cartel: <br>Observaciones: <br>Conexiones: (71/81_A1:31)-(71/81_B1:47)-(71/81_C1:47)-(80_1:26)-(81_A1:24)-(81_B1:24)-(82_2:41)-"},"styleUrl":"#icon-1739-E65100","icon-scale":1,"icon":"images/icon-1.png","descripción":"Código: 1825\nCoordenadas: -41.1536571 -71.3163948\nGarita: \nCartel: \nObservaciones: \nConexiones: (71/81_A1:31)-(71/81_B1:47)-(71/81_C1:47)-(80_1:26)-(81_A1:24)-(81_B1:24)-(82_2:41)-","Código":"1825","Coordenadas":"-41.1536571 -71.3163948","Garita":"","Cartel":"","Observaciones":"","Conexiones":"(71/81_A1:31)-(71/81_B1:47)-(71/81_C1:47)-(80_1:26)-(81_A1:24)-(81_B1:24)-(82_2:41)-"}},
{"type":"Feature","geometry":{"type":"Point","coordinates":[-71.317175,-41.155186,0]},"properties":{"name":"Pje. Gutiérrez y Miramar -a","description":{"@type":"html","value":"descripción: Código: 1826<br>Coordenadas: -41.1551856 -71.3171749<br>Garita: <br>Cartel: <br>Observaciones: <br>Conexiones: (71/81_A1:32)-(71/81_B1:48)-(71/81_C1:48)-(81_A1:25)-(82_2:42)-<br>Código: 1826<br>Coordenadas: -41.1551856 -71.3171749<br>Garita: <br>Cartel: <br>Observaciones: <br>Conexiones: (71/81_A1:32)-(71/81_B1:48)-(71/81_C1:48)-(81_A1:25)-(82_2:42)-"},"styleUrl":"#icon-1739-E65100","icon-scale":1,"icon":"images/icon-1.png","descripción":"Código: 1826\nCoordenadas: -41.1551856 -71.3171749\nGarita: \nCartel: \nObservaciones: \nConexiones: (71/81_A1:32)-(71/81_B1:48)-(71/81_C1:48)-(81_A1:25)-(82_2:42)-","Código":"1826","Coordenadas":"-41.1551856 -71.3171749","Garita":"","Cartel":"","Observaciones":"","Conexiones":"(71/81_A1:32)-(71/81_B1:48)-(71/81_C1:48)-(81_A1:25)-(82_2:42)-"}},
{"type":"Feature","geometry":{"type":"Point","coordinates":[-71.317941,-41.156824,0]},"properties":{"name":"Pje. Gutiérrez y Golfo de San Matías -a","description":{"@type":"html","value":"descripción: Código: 1827<br>Coordenadas: -41.1568239 -71.3179413<br>Garita: <br>Cartel: <br>Observaciones: <br>Conexiones: (71/81_A1:33)-(71/81_B1:49)-(71/81_C1:49)-(81_A1:26)-<br>Código: 1827<br>Coordenadas: -41.1568239 -71.3179413<br>Garita: <br>Cartel: <br>Observaciones: <br>Conexiones: (71/81_A1:33)-(71/81_B1:49)-(71/81_C1:49)-(81_A1:26)-"},"styleUrl":"#icon-1739-E65100","icon-scale":1,"icon":"images/icon-1.png","descripción":"Código: 1827\nCoordenadas: -41.1568239 -71.3179413\nGarita: \nCartel: \nObservaciones: \nConexiones: (71/81_A1:33)-(71/81_B1:49)-(71/81_C1:49)-(81_A1:26)-","Código":"1827","Coordenadas":"-41.1568239 -71.3179413","Garita":"","Cartel":"","Observaciones":"","Conexiones":"(71/81_A1:33)-(71/81_B1:49)-(71/81_C1:49)-(81_A1:26)-"}},
{"type":"Feature","geometry":{"type":"Point","coordinates":[-71.317755,-41.159012,0]},"properties":{"name":"Pje. Gutiérrez y Rotonda","description":{"@type":"html","value":"descripción: Código: 1828<br>Coordenadas: -41.1590123 -71.3177549<br>Garita: <br>Cartel: <br>Observaciones: <br>Conexiones: (71/81_A1:34)-(71/81_B1:50)-(71/81_C1:50)-(81_A1:27)-<br>Código: 1828<br>Coordenadas: -41.1590123 -71.3177549<br>Garita: <br>Cartel: <br>Observaciones: <br>Conexiones: (71/81_A1:34)-(71/81_B1:50)-(71/81_C1:50)-(81_A1:27)-"},"styleUrl":"#icon-1739-E65100","icon-scale":1,"icon":"images/icon-1.png","descripción":"Código: 1828\nCoordenadas: -41.1590123 -71.3177549\nGarita: \nCartel: \nObservaciones: \nConexiones: (71/81_A1:34)-(71/81_B1:50)-(71/81_C1:50)-(81_A1:27)-","Código":"1828","Coordenadas":"-41.1590123 -71.3177549","Garita":"","Cartel":"","Observaciones":"","Conexiones":"(71/81_A1:34)-(71/81_B1:50)-(71/81_C1:50)-(81_A1:27)-"}},
{"type":"Feature","geometry":{"type":"Point","coordinates":[-71.319359,-41.163016,0]},"properties":{"name":"Av. Juan Herman y Coiron","description":{"@type":"html","value":"descripción: Código: 1829<br>Coordenadas: -41.1630159 -71.3193589<br>Garita: 1<br>Cartel: <br>Observaciones: <br>Conexiones: (40_1:22)-(41_1:22)-(61_A1:39)-(61_B1:22)-(61_C1:22)-(71/81_A1:35)-(71/81_B1:51)-(71/81_C1:51)-(81_A1:28)-(81_B1:44)-(84_1:24)-<br>Código: 1829<br>Coordenadas: -41.1630159 -71.3193589<br>Garita: 1.0<br>Cartel: <br>Observaciones: <br>Conexiones: (40_1:22)-(41_1:22)-(61_A1:39)-(61_B1:22)-(61_C1:22)-(71/81_A1:35)-(71/81_B1:51)-(71/81_C1:51)-(81_A1:28)-(81_B1:44)-(84_1:24)-"},"styleUrl":"#icon-1739-E65100","icon-scale":1,"icon":"images/icon-1.png","descripción":"Código: 1829\nCoordenadas: -41.1630159 -71.3193589\nGarita: 1\nCartel: \nObservaciones: \nConexiones: (40_1:22)-(41_1:22)-(61_A1:39)-(61_B1:22)-(61_C1:22)-(71/81_A1:35)-(71/81_B1:51)-(71/81_C1:51)-(81_A1:28)-(81_B1:44)-(84_1:24)-","Código":"1829","Coordenadas":"-41.1630159 -71.3193589","Garita":"1.0","Cartel":"","Observaciones":"","Conexiones":"(40_1:22)-(41_1:22)-(61_A1:39)-(61_B1:22)-(61_C1:22)-(71/81_A1:35)-(71/81_B1:51)-(71/81_C1:51)-(81_A1:28)-(81_B1:44)-(84_1:24)-"}},
{"type":"Feature","geometry":{"type":"Point","coordinates":[-71.32081,-41.165046,0]},"properties":{"name":"Av. Juan Herman y Charcao","description":{"@type":"html","value":"descripción: Código: 1830<br>Coordenadas: -41.1650461 -71.3208105<br>Garita: 1<br>Cartel: <br>Observaciones: <br>Conexiones: (40_1:23)-(41_1:23)-(71/81_A1:36)-(71/81_B1:52)-(71/81_C1:52)-(81_A1:29)-(81_B1:45)-(84_1:25)-<br>Código: 1830<br>Coordenadas: -41.1650461 -71.3208105<br>Garita: 1.0<br>Cartel: <br>Observaciones: <br>Conexiones: (40_1:23)-(41_1:23)-(71/81_A1:36)-(71/81_B1:52)-(71/81_C1:52)-(81_A1:29)-(81_B1:45)-(84_1:25)-"},"styleUrl":"#icon-1739-E65100","icon-scale":1,"icon":"images/icon-1.png","descripción":"Código: 1830\nCoordenadas: -41.1650461 -71.3208105\nGarita: 1\nCartel: \nObservaciones: \nConexiones: (40_1:23)-(41_1:23)-(71/81_A1:36)-(71/81_B1:52)-(71/81_C1:52)-(81_A1:29)-(81_B1:45)-(84_1:25)-","Código":"1830","Coordenadas":"-41.1650461 -71.3208105","Garita":"1.0","Cartel":"","Observaciones":"","Conexiones":"(40_1:23)-(41_1:23)-(71/81_A1:36)-(71/81_B1:52)-(71/81_C1:52)-(81_A1:29)-(81_B1:45)-(84_1:25)-"}},
{"type":"Feature","geometry":{"type":"Point","coordinates":[-71.322343,-41.166575,0]},"properties":{"name":"Av. Juan Herman y Neneo","description":{"@type":"html","value":"descripción: Código: 1831<br>Coordenadas: -41.1665749 -71.3223429<br>Garita: 1<br>Cartel: <br>Observaciones: <br>Conexiones: (40_1:24)-(41_1:24)-(71/81_A1:37)-(71/81_B1:53)-(71/81_C1:53)-(81_A1:30)-(81_B1:46)-(84_1:26)-<br>Código: 1831<br>Coordenadas: -41.1665749 -71.3223429<br>Garita: 1.0<br>Cartel: <br>Observaciones: <br>Conexiones: (40_1:24)-(41_1:24)-(71/81_A1:37)-(71/81_B1:53)-(71/81_C1:53)-(81_A1:30)-(81_B1:46)-(84_1:26)-"},"styleUrl":"#icon-1739-E65100","icon-scale":1,"icon":"images/icon-1.png","descripción":"Código: 1831\nCoordenadas: -41.1665749 -71.3223429\nGarita: 1\nCartel: \nObservaciones: \nConexiones: (40_1:24)-(41_1:24)-(71/81_A1:37)-(71/81_B1:53)-(71/81_C1:53)-(81_A1:30)-(81_B1:46)-(84_1:26)-","Código":"1831","Coordenadas":"-41.1665749 -71.3223429","Garita":"1.0","Cartel":"","Observaciones":"","Conexiones":"(40_1:24)-(41_1:24)-(71/81_A1:37)-(71/81_B1:53)-(71/81_C1:53)-(81_A1:30)-(81_B1:46)-(84_1:26)-"}},
{"type":"Feature","geometry":{"type":"Point","coordinates":[-71.323928,-41.16773,0]},"properties":{"name":"Av. Juan Herman y Llanten","description":{"@type":"html","value":"descripción: Código: 1832<br>Coordenadas: -41.16773 -71.3239276<br>Garita: <br>Cartel: 1<br>Observaciones: <br>Conexiones: (40_1:25)-(41_1:25)-(71/81_A1:38)-(71/81_B1:54)-(71/81_C1:54)-(81_A1:31)-(81_B1:47)-(84_1:27)-<br>Código: 1832<br>Coordenadas: -41.16773 -71.3239276<br>Garita: <br>Cartel: 1.0<br>Observaciones: <br>Conexiones: (40_1:25)-(41_1:25)-(71/81_A1:38)-(71/81_B1:54)-(71/81_C1:54)-(81_A1:31)-(81_B1:47)-(84_1:27)-"},"styleUrl":"#icon-1739-E65100","icon-scale":1,"icon":"images/icon-1.png","descripción":"Código: 1832\nCoordenadas: -41.16773 -71.3239276\nGarita: \nCartel: 1\nObservaciones: \nConexiones: (40_1:25)-(41_1:25)-(71/81_A1:38)-(71/81_B1:54)-(71/81_C1:54)-(81_A1:31)-(81_B1:47)-(84_1:27)-","Código":"1832","Coordenadas":"-41.16773 -71.3239276","Garita":"","Cartel":"1.0","Observaciones":"","Conexiones":"(40_1:25)-(41_1:25)-(71/81_A1:38)-(71/81_B1:54)-(71/81_C1:54)-(81_A1:31)-(81_B1:47)-(84_1:27)-"}},
{"type":"Feature","geometry":{"type":"Point","coordinates":[-71.338723,-41.170195,0]},"properties":{"name":"ESRN N°97 -a","description":{"@type":"html","value":"descripción: Código: 1837<br>Coordenadas: -41.1701947 -71.338723<br>Garita: <br>Cartel: <br>Observaciones: <br>Conexiones: (71/81_A1:43)-(71/81_B1:59)-(71/81_C1:58)-(81_A1:36)-(81_B1:52)-<br>Código: 1837<br>Coordenadas: -41.1701947 -71.338723<br>Garita: <br>Cartel: <br>Observaciones: <br>Conexiones: (71/81_A1:43)-(71/81_B1:59)-(71/81_C1:58)-(81_A1:36)-(81_B1:52)-"},"styleUrl":"#icon-1739-E65100","icon-scale":1,"icon":"images/icon-1.png","descripción":"Código: 1837\nCoordenadas: -41.1701947 -71.338723\nGarita: \nCartel: \nObservaciones: \nConexiones: (71/81_A1:43)-(71/81_B1:59)-(71/81_C1:58)-(81_A1:36)-(81_B1:52)-","Código":"1837","Coordenadas":"-41.1701947 -71.338723","Garita":"","Cartel":"","Observaciones":"","Conexiones":"(71/81_A1:43)-(71/81_B1:59)-(71/81_C1:58)-(81_A1:36)-(81_B1:52)-"}},
{"type":"Feature","geometry":{"type":"Point","coordinates":[-71.340073,-41.168609,0]},"properties":{"name":"Crucero Gral. Belgrano y Sgto. Sergio García -a","description":{"@type":"html","value":"descripción: Código: 1838<br>Coordenadas: -41.1686092 -71.3400727<br>Garita: <br>Cartel: <br>Observaciones: <br>Conexiones: (71/81_A1:44)-(71/81_B1:60)-(71/81_C1:59)-(81_A1:37)-(81_B1:53)-<br>Código: 1838<br>Coordenadas: -41.1686092 -71.3400727<br>Garita: <br>Cartel: <br>Observaciones: <br>Conexiones: (71/81_A1:44)-(71/81_B1:60)-(71/81_C1:59)-(81_A1:37)-(81_B1:53)-"},"styleUrl":"#icon-1739-E65100","icon-scale":1,"icon":"images/icon-1.png","descripción":"Código: 1838\nCoordenadas: -41.1686092 -71.3400727\nGarita: \nCartel: \nObservaciones: \nConexiones: (71/81_A1:44)-(71/81_B1:60)-(71/81_C1:59)-(81_A1:37)-(81_B1:53)-","Código":"1838","Coordenadas":"-41.1686092 -71.3400727","Garita":"","Cartel":"","Observaciones":"","Conexiones":"(71/81_A1:44)-(71/81_B1:60)-(71/81_C1:59)-(81_A1:37)-(81_B1:53)-"}},
{"type":"Feature","geometry":{"type":"Point","coordinates":[-71.341829,-41.166562,0]},"properties":{"name":"Crucero Gral. Belgrano y Cabo Ávila -a","description":{"@type":"html","value":"descripción: Código: 1839<br>Coordenadas: -41.1665621 -71.3418291<br>Garita: <br>Cartel: 1<br>Observaciones: <br>Conexiones: (71/81_A1:45)-(71/81_B1:61)-(71/81_C1:60)-(81_A1:38)-(81_B1:54)-<br>Código: 1839<br>Coordenadas: -41.1665621 -71.3418291<br>Garita: <br>Cartel: 1.0<br>Observaciones: <br>Conexiones: (71/81_A1:45)-(71/81_B1:61)-(71/81_C1:60)-(81_A1:38)-(81_B1:54)-"},"styleUrl":"#icon-1739-E65100","icon-scale":1,"icon":"images/icon-1.png","descripción":"Código: 1839\nCoordenadas: -41.1665621 -71.3418291\nGarita: \nCartel: 1\nObservaciones: \nConexiones: (71/81_A1:45)-(71/81_B1:61)-(71/81_C1:60)-(81_A1:38)-(81_B1:54)-","Código":"1839","Coordenadas":"-41.1665621 -71.3418291","Garita":"","Cartel":"1.0","Observaciones":"","Conexiones":"(71/81_A1:45)-(71/81_B1:61)-(71/81_C1:60)-(81_A1:38)-(81_B1:54)-"}},
{"type":"Feature","geometry":{"type":"Point","coordinates":[-71.343273,-41.164871,0]},"properties":{"name":"Cancha Barrio Unión -a","description":{"@type":"html","value":"descripción: Código: 1840<br>Coordenadas: -41.1648708 -71.3432733<br>Garita: <br>Cartel: 1<br>Observaciones: <br>Conexiones: (71/81_A1:46)-(71/81_B1:62)-(71/81_C1:61)-(81_A1:39)-(81_B1:55)-<br>Código: 1840<br>Coordenadas: -41.1648708 -71.3432733<br>Garita: <br>Cartel: 1.0<br>Observaciones: <br>Conexiones: (71/81_A1:46)-(71/81_B1:62)-(71/81_C1:61)-(81_A1:39)-(81_B1:55)-"},"styleUrl":"#icon-1739-E65100","icon-scale":1,"icon":"images/icon-1.png","descripción":"Código: 1840\nCoordenadas: -41.1648708 -71.3432733\nGarita: \nCartel: 1\nObservaciones: \nConexiones: (71/81_A1:46)-(71/81_B1:62)-(71/81_C1:61)-(81_A1:39)-(81_B1:55)-","Código":"1840","Coordenadas":"-41.1648708 -71.3432733","Garita":"","Cartel":"1.0","Observaciones":"","Conexiones":"(71/81_A1:46)-(71/81_B1:62)-(71/81_C1:61)-(81_A1:39)-(81_B1:55)-"}},
{"type":"Feature","geometry":{"type":"Point","coordinates":[-71.344883,-41.163058,0]},"properties":{"name":"Crucero Gral. Belgrano y Chimango","description":{"@type":"html","value":"descripción: Código: 1842<br>Coordenadas: -41.163058 -71.3448827<br>Garita: <br>Cartel: <br>Observaciones: <br>Conexiones: (71/81_A1:47)-(71/81_B1:63)-(71/81_C1:62)-(81_A1:40)-(81_B1:56)-<br>Código: 1842<br>Coordenadas: -41.163058 -71.3448827<br>Garita: <br>Cartel: <br>Observaciones: <br>Conexiones: (71/81_A1:47)-(71/81_B1:63)-(71/81_C1:62)-(81_A1:40)-(81_B1:56)-"},"styleUrl":"#icon-1739-E65100","icon-scale":1,"icon":"images/icon-1.png","descripción":"Código: 1842\nCoordenadas: -41.163058 -71.3448827\nGarita: \nCartel: \nObservaciones: \nConexiones: (71/81_A1:47)-(71/81_B1:63)-(71/81_C1:62)-(81_A1:40)-(81_B1:56)-","Código":"1842","Coordenadas":"-41.163058 -71.3448827","Garita":"","Cartel":"","Observaciones":"","Conexiones":"(71/81_A1:47)-(71/81_B1:63)-(71/81_C1:62)-(81_A1:40)-(81_B1:56)-"}},
{"type":"Feature","geometry":{"type":"Point","coordinates":[-71.345629,-41.16215,0]},"properties":{"name":"Crucero Gral. Belgrano y Cacique Prayel -a","description":{"@type":"html","value":"descripción: Código: 1843<br>Coordenadas: -41.1621503 -71.345629<br>Garita: <br>Cartel: <br>Observaciones: <br>Conexiones: (71/81_A1:48)-(71/81_B1:64)-(71/81_C1:63)-(81_A1:41)-(81_B1:57)-<br>Código: 1843<br>Coordenadas: -41.1621503 -71.345629<br>Garita: <br>Cartel: <br>Observaciones: <br>Conexiones: (71/81_A1:48)-(71/81_B1:64)-(71/81_C1:63)-(81_A1:41)-(81_B1:57)-"},"styleUrl":"#icon-1739-E65100","icon-scale":1,"icon":"images/icon-1.png","descripción":"Código: 1843\nCoordenadas: -41.1621503 -71.345629\nGarita: \nCartel: \nObservaciones: \nConexiones: (71/81_A1:48)-(71/81_B1:64)-(71/81_C1:63)-(81_A1:41)-(81_B1:57)-","Código":"1843","Coordenadas":"-41.1621503 -71.345629","Garita":"","Cartel":"","Observaciones":"","Conexiones":"(71/81_A1:48)-(71/81_B1:64)-(71/81_C1:63)-(81_A1:41)-(81_B1:57)-"}},
{"type":"Feature","geometry":{"type":"Point","coordinates":[-71.345792,-41.162291,0]},"properties":{"name":"Crucero Gral. Belgrano y Cacique Prayel -b","description":{"@type":"html","value":"descripción: Código: 1901<br>Coordenadas: -41.1622914 -71.3457917<br>Garita: <br>Cartel: <br>Observaciones: <br>Conexiones: (71/81_A2:1)-(71/81_B2:1)-(81_A2:1)-(81_B2:1)-<br>Código: 1901<br>Coordenadas: -41.1622914 -71.3457917<br>Garita: <br>Cartel: <br>Observaciones: <br>Conexiones: (71/81_A2:1)-(71/81_B2:1)-(81_A2:1)-(81_B2:1)-"},"styleUrl":"#icon-1739-E65100","icon-scale":1,"icon":"images/icon-1.png","descripción":"Código: 1901\nCoordenadas: -41.1622914 -71.3457917\nGarita: \nCartel: \nObservaciones: \nConexiones: (71/81_A2:1)-(71/81_B2:1)-(81_A2:1)-(81_B2:1)-","Código":"1901","Coordenadas":"-41.1622914 -71.3457917","Garita":"","Cartel":"","Observaciones":"","Conexiones":"(71/81_A2:1)-(71/81_B2:1)-(81_A2:1)-(81_B2:1)-"}},
{"type":"Feature","geometry":{"type":"Point","coordinates":[-71.344273,-41.161575,0]},"properties":{"name":"Siempre Viva y Canario","description":{"@type":"html","value":"descripción: Código: 1902<br>Coordenadas: -41.1615747 -71.3442728<br>Garita: <br>Cartel: <br>Observaciones: <br>Conexiones: (71/81_C2:2)-(81_B2:2)-<br>Código: 1902<br>Coordenadas: -41.1615747 -71.3442728<br>Garita: <br>Cartel: <br>Observaciones: <br>Conexiones: (71/81_C2:2)-(81_B2:2)-"},"styleUrl":"#icon-1739-E65100","icon-scale":1,"icon":"images/icon-1.png","descripción":"Código: 1902\nCoordenadas: -41.1615747 -71.3442728\nGarita: \nCartel: \nObservaciones: \nConexiones: (71/81_C2:2)-(81_B2:2)-","Código":"1902","Coordenadas":"-41.1615747 -71.3442728","Garita":"","Cartel":"","Observaciones":"","Conexiones":"(71/81_C2:2)-(81_B2:2)-"}},
{"type":"Feature","geometry":{"type":"Point","coordinates":[-71.345574,-41.161987,0]},"properties":{"name":"Cacique Prayel y Crucero Gral. Belgrano","description":{"@type":"html","value":"descripción: Código: 1903<br>Coordenadas: -41.1619872 -71.3455736<br>Garita: 1<br>Cartel: <br>Observaciones: <br>Conexiones: (71/81_C2:1)-<br>Código: 1903<br>Coordenadas: -41.1619872 -71.3455736<br>Garita: 1.0<br>Cartel: <br>Observaciones: <br>Conexiones: (71/81_C2:1)-"},"styleUrl":"#icon-1739-E65100","icon-scale":1,"icon":"images/icon-1.png","descripción":"Código: 1903\nCoordenadas: -41.1619872 -71.3455736\nGarita: 1\nCartel: \nObservaciones: \nConexiones: (71/81_C2:1)-","Código":"1903","Coordenadas":"-41.1619872 -71.3455736","Garita":"1.0","Cartel":"","Observaciones":"","Conexiones":"(71/81_C2:1)-"}},
{"type":"Feature","geometry":{"type":"Point","coordinates":[-71.343697,-41.164784,0]},"properties":{"name":"Cancha Barrio Unión -b","description":{"@type":"html","value":"descripción: Código: 1905<br>Coordenadas: -41.164784 -71.3436973<br>Garita: 1<br>Cartel: <br>Observaciones: <br>Conexiones: (71/81_A2:2)-(71/81_B2:2)-(71/81_C2:5)-(81_A2:2)-(81_B2:5)-<br>Código: 1905<br>Coordenadas: -41.164784 -71.3436973<br>Garita: 1.0<br>Cartel: <br>Observaciones: <br>Conexiones: (71/81_A2:2)-(71/81_B2:2)-(71/81_C2:5)-(81_A2:2)-(81_B2:5)-"},"styleUrl":"#icon-1739-E65100","icon-scale":1,"icon":"images/icon-1.png","descripción":"Código: 1905\nCoordenadas: -41.164784 -71.3436973\nGarita: 1\nCartel: \nObservaciones: \nConexiones: (71/81_A2:2)-(71/81_B2:2)-(71/81_C2:5)-(81_A2:2)-(81_B2:5)-","Código":"1905","Coordenadas":"-41.164784 -71.3436973","Garita":"1.0","Cartel":"","Observaciones":"","Conexiones":"(71/81_A2:2)-(71/81_B2:2)-(71/81_C2:5)-(81_A2:2)-(81_B2:5)-"}},
{"type":"Feature","geometry":{"type":"Point","coordinates":[-71.342064,-41.166681,0]},"properties":{"name":"Crucero Gral. Belgrano y Cabo Ávila -b","description":{"@type":"html","value":"descripción: Código: 1906<br>Coordenadas: -41.166681 -71.342064<br>Garita: 1<br>Cartel: <br>Observaciones: <br>Conexiones: (71/81_A2:3)-(71/81_B2:3)-(71/81_C2:6)-(81_A2:3)-(81_B2:6)-<br>Código: 1906<br>Coordenadas: -41.166681 -71.342064<br>Garita: 1.0<br>Cartel: <br>Observaciones: <br>Conexiones: (71/81_A2:3)-(71/81_B2:3)-(71/81_C2:6)-(81_A2:3)-(81_B2:6)-"},"styleUrl":"#icon-1739-E65100","icon-scale":1,"icon":"images/icon-1.png","descripción":"Código: 1906\nCoordenadas: -41.166681 -71.342064\nGarita: 1\nCartel: \nObservaciones: \nConexiones: (71/81_A2:3)-(71/81_B2:3)-(71/81_C2:6)-(81_A2:3)-(81_B2:6)-","Código":"1906","Coordenadas":"-41.166681 -71.342064","Garita":"1.0","Cartel":"","Observaciones":"","Conexiones":"(71/81_A2:3)-(71/81_B2:3)-(71/81_C2:6)-(81_A2:3)-(81_B2:6)-"}},
{"type":"Feature","geometry":{"type":"Point","coordinates":[-71.340512,-41.168508,0]},"properties":{"name":"Crucero Gral. Belgrano y Sgto. Sergio García -b","description":{"@type":"html","value":"descripción: Código: 1907<br>Coordenadas: -41.1685079 -71.3405119<br>Garita: 1<br>Cartel: <br>Observaciones: <br>Conexiones: (71/81_A2:4)-(71/81_B2:4)-(71/81_C2:7)-(81_A2:4)-(81_B2:7)-<br>Código: 1907<br>Coordenadas: -41.1685079 -71.3405119<br>Garita: 1.0<br>Cartel: <br>Observaciones: <br>Conexiones: (71/81_A2:4)-(71/81_B2:4)-(71/81_C2:7)-(81_A2:4)-(81_B2:7)-"},"styleUrl":"#icon-1739-E65100","icon-scale":1,"icon":"images/icon-1.png","descripción":"Código: 1907\nCoordenadas: -41.1685079 -71.3405119\nGarita: 1\nCartel: \nObservaciones: \nConexiones: (71/81_A2:4)-(71/81_B2:4)-(71/81_C2:7)-(81_A2:4)-(81_B2:7)-","Código":"1907","Coordenadas":"-41.1685079 -71.3405119","Garita":"1.0","Cartel":"","Observaciones":"","Conexiones":"(71/81_A2:4)-(71/81_B2:4)-(71/81_C2:7)-(81_A2:4)-(81_B2:7)-"}},
{"type":"Feature","geometry":{"type":"Point","coordinates":[-71.339069,-41.170121,0]},"properties":{"name":"ESRN N°97 -b","description":{"@type":"html","value":"descripción: Código: 1908<br>Coordenadas: -41.1701213 -71.3390689<br>Garita: 1<br>Cartel: <br>Observaciones: <br>Conexiones: (71/81_A2:5)-(71/81_B2:5)-(71/81_C2:8)-(81_A2:5)-(81_B2:8)-<br>Código: 1908<br>Coordenadas: -41.1701213 -71.3390689<br>Garita: 1.0<br>Cartel: <br>Observaciones: <br>Conexiones: (71/81_A2:5)-(71/81_B2:5)-(71/81_C2:8)-(81_A2:5)-(81_B2:8)-"},"styleUrl":"#icon-1739-E65100","icon-scale":1,"icon":"images/icon-1.png","descripción":"Código: 1908\nCoordenadas: -41.1701213 -71.3390689\nGarita: 1\nCartel: \nObservaciones: \nConexiones: (71/81_A2:5)-(71/81_B2:5)-(71/81_C2:8)-(81_A2:5)-(81_B2:8)-","Código":"1908","Coordenadas":"-41.1701213 -71.3390689","Garita":"1.0","Cartel":"","Observaciones":"","Conexiones":"(71/81_A2:5)-(71/81_B2:5)-(71/81_C2:8)-(81_A2:5)-(81_B2:8)-"}},
{"type":"Feature","geometry":{"type":"Point","coordinates":[-71.317641,-41.156736,0]},"properties":{"name":"Pje. Gutiérrez y Golfo de San Matías -b","description":{"@type":"html","value":"descripción: Código: 1916<br>Coordenadas: -41.1567359 -71.3176409<br>Garita: <br>Cartel: <br>Observaciones: <br>Conexiones: (71/81_A2:15)-(71/81_B2:15)-(71/81_C2:18)-(81_A2:15)-<br>Código: 1916<br>Coordenadas: -41.1567359 -71.3176409<br>Garita: <br>Cartel: <br>Observaciones: <br>Conexiones: (71/81_A2:15)-(71/81_B2:15)-(71/81_C2:18)-(81_A2:15)-"},"styleUrl":"#icon-1739-E65100","icon-scale":1,"icon":"images/icon-1.png","descripción":"Código: 1916\nCoordenadas: -41.1567359 -71.3176409\nGarita: \nCartel: \nObservaciones: \nConexiones: (71/81_A2:15)-(71/81_B2:15)-(71/81_C2:18)-(81_A2:15)-","Código":"1916","Coordenadas":"-41.1567359 -71.3176409","Garita":"","Cartel":"","Observaciones":"","Conexiones":"(71/81_A2:15)-(71/81_B2:15)-(71/81_C2:18)-(81_A2:15)-"}},
{"type":"Feature","geometry":{"type":"Point","coordinates":[-71.314771,-41.151614,0]},"properties":{"name":"La Paz y Pje. Gutiérrez -b","description":{"@type":"html","value":"descripción: Código: 1919<br>Coordenadas: -41.1516142 -71.3147713<br>Garita: 1<br>Cartel: <br>Observaciones: <br>Conexiones: (71/81_A2:18)-(71/81_B2:18)-(71/81_C2:21)-(80_2:18)-(81_A2:18)-(81_B2:35)-<br>Código: 1919<br>Coordenadas: -41.1516142 -71.3147713<br>Garita: 1.0<br>Cartel: <br>Observaciones: <br>Conexiones: (71/81_A2:18)-(71/81_B2:18)-(71/81_C2:21)-(80_2:18)-(81_A2:18)-(81_B2:35)-"},"styleUrl":"#icon-1739-E65100","icon-scale":1,"icon":"images/icon-1.png","descripción":"Código: 1919\nCoordenadas: -41.1516142 -71.3147713\nGarita: 1\nCartel: \nObservaciones: \nConexiones: (71/81_A2:18)-(71/81_B2:18)-(71/81_C2:21)-(80_2:18)-(81_A2:18)-(81_B2:35)-","Código":"1919","Coordenadas":"-41.1516142 -71.3147713","Garita":"1.0","Cartel":"","Observaciones":"","Conexiones":"(71/81_A2:18)-(71/81_B2:18)-(71/81_C2:21)-(80_2:18)-(81_A2:18)-(81_B2:35)-"}},
{"type":"Feature","geometry":{"type":"Point","coordinates":[-71.311594,-41.151967,0]},"properties":{"name":"La Paz y Quaglia","description":{"@type":"html","value":"descripción: Código: 1920<br>Coordenadas: -41.1519672 -71.3115945<br>Garita: <br>Cartel: <br>Observaciones: <br>Conexiones: (71/81_A2:19)-(71/81_B2:19)-(71/81_C2:22)-(80_2:19)-(81_A2:19)-(81_B2:36)-<br>Código: 1920<br>Coordenadas: -41.1519672 -71.3115945<br>Garita: <br>Cartel: <br>Observaciones: <br>Conexiones: (71/81_A2:19)-(71/81_B2:19)-(71/81_C2:22)-(80_2:19)-(81_A2:19)-(81_B2:36)-"},"styleUrl":"#icon-1739-E65100","icon-scale":1,"icon":"images/icon-1.png","descripción":"Código: 1920\nCoordenadas: -41.1519672 -71.3115945\nGarita: \nCartel: \nObservaciones: \nConexiones: (71/81_A2:19)-(71/81_B2:19)-(71/81_C2:22)-(80_2:19)-(81_A2:19)-(81_B2:36)-","Código":"1920","Coordenadas":"-41.1519672 -71.3115945","Garita":"","Cartel":"","Observaciones":"","Conexiones":"(71/81_A2:19)-(71/81_B2:19)-(71/81_C2:22)-(80_2:19)-(81_A2:19)-(81_B2:36)-"}},
{"type":"Feature","geometry":{"type":"Point","coordinates":[-71.308698,-41.15228,0]},"properties":{"name":"Gimnasio Municipal N°2 -b","description":{"@type":"html","value":"descripción: Código: 1921<br>Coordenadas: -41.1522798 -71.3086984<br>Garita: 1<br>Cartel: <br>Observaciones: <br>Conexiones: (71/81_A2:20)-(71/81_B2:20)-(71/81_C2:23)-(80_2:20)-(81_A2:20)-(81_B2:37)-<br>Código: 1921<br>Coordenadas: -41.1522798 -71.3086984<br>Garita: 1.0<br>Cartel: <br>Observaciones: <br>Conexiones: (71/81_A2:20)-(71/81_B2:20)-(71/81_C2:23)-(80_2:20)-(81_A2:20)-(81_B2:37)-"},"styleUrl":"#icon-1739-E65100","icon-scale":1,"icon":"images/icon-1.png","descripción":"Código: 1921\nCoordenadas: -41.1522798 -71.3086984\nGarita: 1\nCartel: \nObservaciones: \nConexiones: (71/81_A2:20)-(71/81_B2:20)-(71/81_C2:23)-(80_2:20)-(81_A2:20)-(81_B2:37)-","Código":"1921","Coordenadas":"-41.1522798 -71.3086984","Garita":"1.0","Cartel":"","Observaciones":"","Conexiones":"(71/81_A2:20)-(71/81_B2:20)-(71/81_C2:23)-(80_2:20)-(81_A2:20)-(81_B2:37)-"}},
{"type":"Feature","geometry":{"type":"Point","coordinates":[-71.305669,-41.151395,0]},"properties":{"name":"Beschtedt y Padre Felipe Laguna","description":{"@type":"html","value":"descripción: Código: 1923<br>Coordenadas: -41.1513951 -71.3056693<br>Garita: <br>Cartel: <br>Observaciones: <br>Conexiones: (71/81_A2:22)-(71/81_B2:22)-(71/81_C2:25)-(80_2:22)-(81_A2:22)-(81_B2:38)-(84_2:22)-<br>Código: 1923<br>Coordenadas: -41.1513951 -71.3056693<br>Garita: <br>Cartel: <br>Observaciones: <br>Conexiones: (71/81_A2:22)-(71/81_B2:22)-(71/81_C2:25)-(80_2:22)-(81_A2:22)-(81_B2:38)-(84_2:22)-"},"styleUrl":"#icon-1739-E65100","icon-scale":1,"icon":"images/icon-1.png","descripción":"Código: 1923\nCoordenadas: -41.1513951 -71.3056693\nGarita: \nCartel: \nObservaciones: \nConexiones: (71/81_A2:22)-(71/81_B2:22)-(71/81_C2:25)-(80_2:22)-(81_A2:22)-(81_B2:38)-(84_2:22)-","Código":"1923","Coordenadas":"-41.1513951 -71.3056693","Garita":"","Cartel":"","Observaciones":"","Conexiones":"(71/81_A2:22)-(71/81_B2:22)-(71/81_C2:25)-(80_2:22)-(81_A2:22)-(81_B2:38)-(84_2:22)-"}},
{"type":"Feature","geometry":{"type":"Point","coordinates":[-71.305255,-41.14885,0]},"properties":{"name":"Beschtedt y Padre Mascardi","description":{"@type":"html","value":"descripción: Código: 1924<br>Coordenadas: -41.1488497 -71.3052549<br>Garita: 1<br>Cartel: <br>Observaciones: <br>Conexiones: (71/81_A2:23)-(71/81_B2:23)-(71/81_C2:26)-(80_2:23)-(81_A2:23)-(81_B2:39)-(84_2:23)-<br>Código: 1924<br>Coordenadas: -41.1488497 -71.3052549<br>Garita: 1.0<br>Cartel: <br>Observaciones: <br>Conexiones: (71/81_A2:23)-(71/81_B2:23)-(71/81_C2:26)-(80_2:23)-(81_A2:23)-(81_B2:39)-(84_2:23)-"},"styleUrl":"#icon-1739-E65100","icon-scale":1,"icon":"images/icon-1.png","descripción":"Código: 1924\nCoordenadas: -41.1488497 -71.3052549\nGarita: 1\nCartel: \nObservaciones: \nConexiones: (71/81_A2:23)-(71/81_B2:23)-(71/81_C2:26)-(80_2:23)-(81_A2:23)-(81_B2:39)-(84_2:23)-","Código":"1924","Coordenadas":"-41.1488497 -71.3052549","Garita":"1.0","Cartel":"","Observaciones":"","Conexiones":"(71/81_A2:23)-(71/81_B2:23)-(71/81_C2:26)-(80_2:23)-(81_A2:23)-(81_B2:39)-(84_2:23)-"}},
{"type":"Feature","geometry":{"type":"Point","coordinates":[-71.304873,-41.14697,0]},"properties":{"name":"Beschtedt y Yatasto","description":{"@type":"html","value":"descripción: Código: 1925<br>Coordenadas: -41.1469699 -71.3048726<br>Garita: <br>Cartel: 1<br>Observaciones: <br>Conexiones: (71/81_A2:24)-(71/81_B2:24)-(71/81_C2:27)-(80_2:24)-(81_A2:24)-(81_B2:40)-(84_2:24)-<br>Código: 1925<br>Coordenadas: -41.1469699 -71.3048726<br>Garita: <br>Cartel: 1.0<br>Observaciones: <br>Conexiones: (71/81_A2:24)-(71/81_B2:24)-(71/81_C2:27)-(80_2:24)-(81_A2:24)-(81_B2:40)-(84_2:24)-"},"styleUrl":"#icon-1739-E65100","icon-scale":1,"icon":"images/icon-1.png","descripción":"Código: 1925\nCoordenadas: -41.1469699 -71.3048726\nGarita: \nCartel: 1\nObservaciones: \nConexiones: (71/81_A2:24)-(71/81_B2:24)-(71/81_C2:27)-(80_2:24)-(81_A2:24)-(81_B2:40)-(84_2:24)-","Código":"1925","Coordenadas":"-41.1469699 -71.3048726","Garita":"","Cartel":"1.0","Observaciones":"","Conexiones":"(71/81_A2:24)-(71/81_B2:24)-(71/81_C2:27)-(80_2:24)-(81_A2:24)-(81_B2:40)-(84_2:24)-"}},
{"type":"Feature","geometry":{"type":"Point","coordinates":[-71.305869,-41.137135,0]},"properties":{"name":"Ángel Gallardo y Rolando","description":{"@type":"html","value":"descripción: Código: 1930<br>Coordenadas: -41.1371354 -71.305869<br>Garita: <br>Cartel: 1<br>Observaciones: <br>Conexiones: (71/81_A2:29)-(71/81_B2:29)-(71/81_C2:32)-<br>Código: 1930<br>Coordenadas: -41.1371354 -71.305869<br>Garita: <br>Cartel: 1.0<br>Observaciones: <br>Conexiones: (71/81_A2:29)-(71/81_B2:29)-(71/81_C2:32)-"},"styleUrl":"#icon-1739-E65100","icon-scale":1,"icon":"images/icon-1.png","descripción":"Código: 1930\nCoordenadas: -41.1371354 -71.305869\nGarita: \nCartel: 1\nObservaciones: \nConexiones: (71/81_A2:29)-(71/81_B2:29)-(71/81_C2:32)-","Código":"1930","Coordenadas":"-41.1371354 -71.305869","Garita":"","Cartel":"1.0","Observaciones":"","Conexiones":"(71/81_A2:29)-(71/81_B2:29)-(71/81_C2:32)-"}},
{"type":"Feature","geometry":{"type":"Point","coordinates":[-71.308559,-41.136846,0]},"properties":{"name":"Ángel Gallardo y Quaglia","description":{"@type":"html","value":"descripción: Código: 1931<br>Coordenadas: -41.1368458 -71.3085592<br>Garita: <br>Cartel: <br>Observaciones: <br>Conexiones: (71/81_A2:30)-(71/81_B2:30)-(71/81_C2:33)-(82_1:17)-<br>Código: 1931<br>Coordenadas: -41.1368458 -71.3085592<br>Garita: <br>Cartel: <br>Observaciones: <br>Conexiones: (71/81_A2:30)-(71/81_B2:30)-(71/81_C2:33)-(82_1:17)-"},"styleUrl":"#icon-1739-E65100","icon-scale":1,"icon":"images/icon-1.png","descripción":"Código: 1931\nCoordenadas: -41.1368458 -71.3085592\nGarita: \nCartel: \nObservaciones: \nConexiones: (71/81_A2:30)-(71/81_B2:30)-(71/81_C2:33)-(82_1:17)-","Código":"1931","Coordenadas":"-41.1368458 -71.3085592","Garita":"","Cartel":"","Observaciones":"","Conexiones":"(71/81_A2:30)-(71/81_B2:30)-(71/81_C2:33)-(82_1:17)-"}},
{"type":"Feature","geometry":{"type":"Point","coordinates":[-71.304662,-41.136287,0]},"properties":{"name":"Elflein y Palacios","description":{"@type":"html","value":"descripción: Código: 1933<br>Coordenadas: -41.1362871 -71.3046625<br>Garita: 1<br>Cartel: <br>Observaciones: <br>Conexiones: (10_A2:64)-(10_B2:65)-(10_C2:74)-(13/22_A2:67)-(20_2:68)-(21_2:50)-(40_1:4)-(41_1:4)-(61_A1:21)-(61_B1:4)-(61_C1:4)-(70_1:23)-(71/81_A1:10)-(71/81_A2:33)-(71/81_B1:27)-(71/81_B2:33)-(71/81_C1:27)-(71/81_C2:35)-(80_1:4)-(81_A1:4)-(81_B1:4)-(82_1:19)-(82_2:27)-(84_1:4)-<br>Código: 1933<br>Coordenadas: -41.1362871 -71.3046625<br>Garita: 1.0<br>Cartel: <br>Observaciones: <br>Conexiones: (10_A2:64)-(10_B2:65)-(10_C2:74)-(13/22_A2:67)-(20_2:68)-(21_2:50)-(40_1:4)-(41_1:4)-(61_A1:21)-(61_B1:4)-(61_C1:4)-(70_1:23)-(71/81_A1:10)-(71/81_A2:33)-(71/81_B1:27)-(71/81_B2:33)-(71/81_C1:27)-(71/81_C2:35)-(80_1:4)-(81_A1:4)-(81_B1:4)-(82_1:19)-(82_2:27)-(84_1:4)-"},"styleUrl":"#icon-1739-E65100","icon-scale":1,"icon":"images/icon-1.png","descripción":"Código: 1933\nCoordenadas: -41.1362871 -71.3046625\nGarita: 1\nCartel: \nObservaciones: \nConexiones: (10_A2:64)-(10_B2:65)-(10_C2:74)-(13/22_A2:67)-(20_2:68)-(21_2:50)-(40_1:4)-(41_1:4)-(61_A1:21)-(61_B1:4)-(61_C1:4)-(70_1:23)-(71/81_A1:10)-(71/81_A2:33)-(71/81_B1:27)-(71/81_B2:33)-(71/81_C1:27)-(71/81_C2:35)-(80_1:4)-(81_A1:4)-(81_B1:4)-(82_1:19)-(82_2:27)-(84_1:4)-","Código":"1933","Coordenadas":"-41.1362871 -71.3046625","Garita":"1.0","Cartel":"","Observaciones":"","Conexiones":"(10_A2:64)-(10_B2:65)-(10_C2:74)-(13/22_A2:67)-(20_2:68)-(21_2:50)-(40_1:4)-(41_1:4)-(61_A1:21)-(61_B1:4)-(61_C1:4)-(70_1:23)-(71/81_A1:10)-(71/81_A2:33)-(71/81_B1:27)-(71/81_B2:33)-(71/81_C1:27)-(71/81_C2:35)-(80_1:4)-(81_A1:4)-(81_B1:4)-(82_1:19)-(82_2:27)-(84_1:4)-"}},
{"type":"Feature","geometry":{"type":"Point","coordinates":[-71.30192,-41.13657,0]},"properties":{"name":"Elflein y Frey","description":{"@type":"html","value":"descripción: Código: 1934<br>Coordenadas: -41.1365699 -71.3019198<br>Garita: 1<br>Cartel: <br>Observaciones: <br>Conexiones: (10_A2:65)-(10_B2:66)-(10_C2:75)-(13/22_A2:68)-(20_2:69)-(21_2:51)-(40_1:5)-(41_1:5)-(55_2:42)-(61_A1:22)-(61_B1:5)-(61_C1:5)-(70_1:24)-(71/81_A1:11)-(71/81_A2:34)-(71/81_B1:28)-(71/81_B2:34)-(71/81_C1:28)-(71/81_C2:36)-(80_1:5)-(80_2:29)-(81_A1:5)-(81_B1:5)-(81_B2:45)-(82_1:20)-(82_2:28)-(84_1:5)-(84_2:29)-<br>Código: 1934<br>Coordenadas: -41.1365699 -71.3019198<br>Garita: 1.0<br>Cartel: <br>Observaciones: <br>Conexiones: (10_A2:65)-(10_B2:66)-(10_C2:75)-(13/22_A2:68)-(20_2:69)-(21_2:51)-(40_1:5)-(41_1:5)-(55_2:42)-(61_A1:22)-(61_B1:5)-(61_C1:5)-(70_1:24)-(71/81_A1:11)-(71/81_A2:34)-(71/81_B1:28)-(71/81_B2:34)-(71/81_C1:28)-(71/81_C2:36)-(80_1:5)-(80_2:29)-(81_A1:5)-(81_B1:5)-(81_B2:45)-(82_1:20)-(82_2:28)-(84_1:5)-(84_2:29)-"},"styleUrl":"#icon-1739-E65100","icon-scale":1,"icon":"images/icon-1.png","descripción":"Código: 1934\nCoordenadas: -41.1365699 -71.3019198\nGarita: 1\nCartel: \nObservaciones: \nConexiones: (10_A2:65)-(10_B2:66)-(10_C2:75)-(13/22_A2:68)-(20_2:69)-(21_2:51)-(40_1:5)-(41_1:5)-(55_2:42)-(61_A1:22)-(61_B1:5)-(61_C1:5)-(70_1:24)-(71/81_A1:11)-(71/81_A2:34)-(71/81_B1:28)-(71/81_B2:34)-(71/81_C1:28)-(71/81_C2:36)-(80_1:5)-(80_2:29)-(81_A1:5)-(81_B1:5)-(81_B2:45)-(82_1:20)-(82_2:28)-(84_1:5)-(84_2:29)-","Código":"1934","Coordenadas":"-41.1365699 -71.3019198","Garita":"1.0","Cartel":"","Observaciones":"","Conexiones":"(10_A2:65)-(10_B2:66)-(10_C2:75)-(13/22_A2:68)-(20_2:69)-(21_2:51)-(40_1:5)-(41_1:5)-(55_2:42)-(61_A1:22)-(61_B1:5)-(61_C1:5)-(70_1:24)-(71/81_A1:11)-(71/81_A2:34)-(71/81_B1:28)-(71/81_B2:34)-(71/81_C1:28)-(71/81_C2:36)-(80_1:5)-(80_2:29)-(81_A1:5)-(81_B1:5)-(81_B2:45)-(82_1:20)-(82_2:28)-(84_1:5)-(84_2:29)-"}},
{"type":"Feature","geometry":{"type":"Point","coordinates":[-71.298995,-41.136878,0]},"properties":{"name":"Elflein - Hospital","description":{"@type":"html","value":"descripción: Código: 1935<br>Coordenadas: -41.1368781 -71.298995<br>Garita: <br>Cartel: 1<br>Observaciones: <br>Conexiones: (10_A2:66)-(10_B2:67)-(10_C2:76)-(70_1:25)-(71/81_A2:35)-(71/81_B2:35)-(71/81_C2:37)-(80_2:30)-(81_A2:29)-(81_B2:46)-(82_1:21)-(84_2:30)-<br>Código: 1935<br>Coordenadas: -41.1368781 -71.298995<br>Garita: <br>Cartel: 1.0<br>Observaciones: <br>Conexiones: (10_A2:66)-(10_B2:67)-(10_C2:76)-(70_1:25)-(71/81_A2:35)-(71/81_B2:35)-(71/81_C2:37)-(80_2:30)-(81_A2:29)-(81_B2:46)-(82_1:21)-(84_2:30)-"},"styleUrl":"#icon-1739-E65100","icon-scale":1,"icon":"images/icon-1.png","descripción":"Código: 1935\nCoordenadas: -41.1368781 -71.298995\nGarita: \nCartel: 1\nObservaciones: \nConexiones: (10_A2:66)-(10_B2:67)-(10_C2:76)-(70_1:25)-(71/81_A2:35)-(71/81_B2:35)-(71/81_C2:37)-(80_2:30)-(81_A2:29)-(81_B2:46)-(82_1:21)-(84_2:30)-","Código":"1935","Coordenadas":"-41.1368781 -71.298995","Garita":"","Cartel":"1.0","Observaciones":"","Conexiones":"(10_A2:66)-(10_B2:67)-(10_C2:76)-(70_1:25)-(71/81_A2:35)-(71/81_B2:35)-(71/81_C2:37)-(80_2:30)-(81_A2:29)-(81_B2:46)-(82_1:21)-(84_2:30)-"}},
{"type":"Feature","geometry":{"type":"Point","coordinates":[-71.29448,-41.135784,0]},"properties":{"name":"Diag. Capraro y Ruíz Moreno -b","description":{"@type":"html","value":"descripción: Código: 1936<br>Coordenadas: -41.1357842 -71.2944802<br>Garita: <br>Cartel: 1<br>Observaciones: <br>Conexiones: (10_A2:67)-(10_B2:68)-(10_C2:77)-(13/22_A2:70)-(20_2:71)-(21_2:53)-(55_2:44)-(71/81_A2:36)-(71/81_B2:36)-(71/81_C2:38)-(82_1:22)-<br>Código: 1936<br>Coordenadas: -41.1357842 -71.2944802<br>Garita: <br>Cartel: 1.0<br>Observaciones: <br>Conexiones: (10_A2:67)-(10_B2:68)-(10_C2:77)-(13/22_A2:70)-(20_2:71)-(21_2:53)-(55_2:44)-(71/81_A2:36)-(71/81_B2:36)-(71/81_C2:38)-(82_1:22)-"},"styleUrl":"#icon-1739-E65100","icon-scale":1,"icon":"images/icon-1.png","descripción":"Código: 1936\nCoordenadas: -41.1357842 -71.2944802\nGarita: \nCartel: 1\nObservaciones: \nConexiones: (10_A2:67)-(10_B2:68)-(10_C2:77)-(13/22_A2:70)-(20_2:71)-(21_2:53)-(55_2:44)-(71/81_A2:36)-(71/81_B2:36)-(71/81_C2:38)-(82_1:22)-","Código":"1936","Coordenadas":"-41.1357842 -71.2944802","Garita":"","Cartel":"1.0","Observaciones":"","Conexiones":"(10_A2:67)-(10_B2:68)-(10_C2:77)-(13/22_A2:70)-(20_2:71)-(21_2:53)-(55_2:44)-(71/81_A2:36)-(71/81_B2:36)-(71/81_C2:38)-(82_1:22)-"}},
{"type":"Feature","geometry":{"type":"Point","coordinates":[-71.291528,-41.134916,0]},"properties":{"name":"Diag. Capraro y Rivadavia","description":{"@type":"html","value":"descripción: Código: 1937<br>Coordenadas: -41.1349157 -71.291528<br>Garita: <br>Cartel: 1<br>Observaciones: <br>Conexiones: (10_A2:68)-(10_B2:69)-(10_C2:78)-(13/22_A2:71)-(55_2:45)-(71/81_A2:37)-(71/81_B2:37)-(71/81_C2:39)-(82_1:23)-<br>Código: 1937<br>Coordenadas: -41.1349157 -71.291528<br>Garita: <br>Cartel: 1.0<br>Observaciones: <br>Conexiones: (10_A2:68)-(10_B2:69)-(10_C2:78)-(13/22_A2:71)-(55_2:45)-(71/81_A2:37)-(71/81_B2:37)-(71/81_C2:39)-(82_1:23)-"},"styleUrl":"#icon-1739-E65100","icon-scale":1,"icon":"images/icon-1.png","descripción":"Código: 1937\nCoordenadas: -41.1349157 -71.291528\nGarita: \nCartel: 1\nObservaciones: \nConexiones: (10_A2:68)-(10_B2:69)-(10_C2:78)-(13/22_A2:71)-(55_2:45)-(71/81_A2:37)-(71/81_B2:37)-(71/81_C2:39)-(82_1:23)-","Código":"1937","Coordenadas":"-41.1349157 -71.291528","Garita":"","Cartel":"1.0","Observaciones":"","Conexiones":"(10_A2:68)-(10_B2:69)-(10_C2:78)-(13/22_A2:71)-(55_2:45)-(71/81_A2:37)-(71/81_B2:37)-(71/81_C2:39)-(82_1:23)-"}},
{"type":"Feature","geometry":{"type":"Point","coordinates":[-71.260608,-41.12999,0]},"properties":{"name":"Cmte. Luis Piedrabuena - B° Las Victorias -a","description":{"@type":"html","value":"descripción: Código: 1942<br>Coordenadas: -41.1299901 -71.2606077<br>Garita: 1<br>Cartel: <br>Observaciones: <br>Conexiones: (71/81_B2:43)-(71/81_C2:44)-(72_1:14)-<br>Código: 1942<br>Coordenadas: -41.1299901 -71.2606077<br>Garita: 1.0<br>Cartel: <br>Observaciones: <br>Conexiones: (71/81_B2:43)-(71/81_C2:44)-(72_1:14)-"},"styleUrl":"#icon-1739-E65100","icon-scale":1,"icon":"images/icon-1.png","descripción":"Código: 1942\nCoordenadas: -41.1299901 -71.2606077\nGarita: 1\nCartel: \nObservaciones: \nConexiones: (71/81_B2:43)-(71/81_C2:44)-(72_1:14)-","Código":"1942","Coordenadas":"-41.1299901 -71.2606077","Garita":"1.0","Cartel":"","Observaciones":"","Conexiones":"(71/81_B2:43)-(71/81_C2:44)-(72_1:14)-"}},
{"type":"Feature","geometry":{"type":"Point","coordinates":[-71.256456,-41.12929,0]},"properties":{"name":"Cmte. Luis Piedrabuena - Estación de Servicio -a ","description":{"@type":"html","value":"descripción: Código: 1943<br>Coordenadas: -41.1292896 -71.2564556<br>Garita: 1<br>Cartel: <br>Observaciones: <br>Conexiones: (71/81_B2:44)-(71/81_C2:45)-(72_1:15)-<br>Código: 1943<br>Coordenadas: -41.1292896 -71.2564556<br>Garita: 1.0<br>Cartel: <br>Observaciones: <br>Conexiones: (71/81_B2:44)-(71/81_C2:45)-(72_1:15)-"},"styleUrl":"#icon-1739-E65100","icon-scale":1,"icon":"images/icon-1.png","descripción":"Código: 1943\nCoordenadas: -41.1292896 -71.2564556\nGarita: 1\nCartel: \nObservaciones: \nConexiones: (71/81_B2:44)-(71/81_C2:45)-(72_1:15)-","Código":"1943","Coordenadas":"-41.1292896 -71.2564556","Garita":"1.0","Cartel":"","Observaciones":"","Conexiones":"(71/81_B2:44)-(71/81_C2:45)-(72_1:15)-"}},
{"type":"Feature","geometry":{"type":"Point","coordinates":[-71.251017,-41.12727,0]},"properties":{"name":"Cmte. Luis Piedrabuena y Lancha Patagonia -a","description":{"@type":"html","value":"descripción: Código: 1944<br>Coordenadas: -41.1272697 -71.2510172<br>Garita: <br>Cartel: <br>Observaciones: <br>Conexiones: (71/81_B2:45)-(71/81_C2:46)-(72_1:16)-<br>Código: 1944<br>Coordenadas: -41.1272697 -71.2510172<br>Garita: <br>Cartel: <br>Observaciones: <br>Conexiones: (71/81_B2:45)-(71/81_C2:46)-(72_1:16)-"},"styleUrl":"#icon-1739-E65100","icon-scale":1,"icon":"images/icon-1.png","descripción":"Código: 1944\nCoordenadas: -41.1272697 -71.2510172\nGarita: \nCartel: \nObservaciones: \nConexiones: (71/81_B2:45)-(71/81_C2:46)-(72_1:16)-","Código":"1944","Coordenadas":"-41.1272697 -71.2510172","Garita":"","Cartel":"","Observaciones":"","Conexiones":"(71/81_B2:45)-(71/81_C2:46)-(72_1:16)-"}},
{"type":"Feature","geometry":{"type":"Point","coordinates":[-71.246262,-41.12637,0]},"properties":{"name":"Cmte. Luis Piedrabuena y La Candelaria -a","description":{"@type":"html","value":"descripción: Código: 1945<br>Coordenadas: -41.1263699 -71.2462615<br>Garita: <br>Cartel: <br>Observaciones: <br>Conexiones: (71/81_B2:46)-(71/81_C2:47)-(72_1:17)-<br>Código: 1945<br>Coordenadas: -41.1263699 -71.2462615<br>Garita: <br>Cartel: <br>Observaciones: <br>Conexiones: (71/81_B2:46)-(71/81_C2:47)-(72_1:17)-"},"styleUrl":"#icon-1739-E65100","icon-scale":1,"icon":"images/icon-1.png","descripción":"Código: 1945\nCoordenadas: -41.1263699 -71.2462615\nGarita: \nCartel: \nObservaciones: \nConexiones: (71/81_B2:46)-(71/81_C2:47)-(72_1:17)-","Código":"1945","Coordenadas":"-41.1263699 -71.2462615","Garita":"","Cartel":"","Observaciones":"","Conexiones":"(71/81_B2:46)-(71/81_C2:47)-(72_1:17)-"}},
{"type":"Feature","geometry":{"type":"Point","coordinates":[-71.240384,-41.125156,0]},"properties":{"name":"INVAP -a","description":{"@type":"html","value":"descripción: Código: 1946<br>Coordenadas: -41.1251563 -71.2403839<br>Garita: 1<br>Cartel: <br>Observaciones: <br>Conexiones: (71/81_B2:47)-(71/81_C2:48)-(72_1:18)-<br>Código: 1946<br>Coordenadas: -41.1251563 -71.2403839<br>Garita: 1.0<br>Cartel: <br>Observaciones: <br>Conexiones: (71/81_B2:47)-(71/81_C2:48)-(72_1:18)-"},"styleUrl":"#icon-1739-E65100","icon-scale":1,"icon":"images/icon-1.png","descripción":"Código: 1946\nCoordenadas: -41.1251563 -71.2403839\nGarita: 1\nCartel: \nObservaciones: \nConexiones: (71/81_B2:47)-(71/81_C2:48)-(72_1:18)-","Código":"1946","Coordenadas":"-41.1251563 -71.2403839","Garita":"1.0","Cartel":"","Observaciones":"","Conexiones":"(71/81_B2:47)-(71/81_C2:48)-(72_1:18)-"}},
{"type":"Feature","geometry":{"type":"Point","coordinates":[-71.236502,-41.122933,0]},"properties":{"name":"Cmte. Luis Piedrabuena y María Eugenia Guevara -a","description":{"@type":"html","value":"descripción: Código: 1947<br>Coordenadas: -41.1229333 -71.2365017<br>Garita: <br>Cartel: <br>Observaciones: <br>Conexiones: (71/81_B2:48)-(71/81_C2:49)-(72_1:19)-<br>Código: 1947<br>Coordenadas: -41.1229333 -71.2365017<br>Garita: <br>Cartel: <br>Observaciones: <br>Conexiones: (71/81_B2:48)-(71/81_C2:49)-(72_1:19)-"},"styleUrl":"#icon-1739-E65100","icon-scale":1,"icon":"images/icon-1.png","descripción":"Código: 1947\nCoordenadas: -41.1229333 -71.2365017\nGarita: \nCartel: \nObservaciones: \nConexiones: (71/81_B2:48)-(71/81_C2:49)-(72_1:19)-","Código":"1947","Coordenadas":"-41.1229333 -71.2365017","Garita":"","Cartel":"","Observaciones":"","Conexiones":"(71/81_B2:48)-(71/81_C2:49)-(72_1:19)-"}},
{"type":"Feature","geometry":{"type":"Point","coordinates":[-71.234771,-41.121937,0]},"properties":{"name":"Cmte. Luis Piedrabuena - Puesto Policia Caminera -a","description":{"@type":"html","value":"descripción: Código: 1948<br>Coordenadas: -41.1219367 -71.2347707<br>Garita: 1<br>Cartel: <br>Observaciones: <br>Conexiones: (71/81_B2:49)-(71/81_C2:50)-(72_1:20)-<br>Código: 1948<br>Coordenadas: -41.1219367 -71.2347707<br>Garita: 1.0<br>Cartel: <br>Observaciones: <br>Conexiones: (71/81_B2:49)-(71/81_C2:50)-(72_1:20)-"},"styleUrl":"#icon-1739-E65100","icon-scale":1,"icon":"images/icon-1.png","descripción":"Código: 1948\nCoordenadas: -41.1219367 -71.2347707\nGarita: 1\nCartel: \nObservaciones: \nConexiones: (71/81_B2:49)-(71/81_C2:50)-(72_1:20)-","Código":"1948","Coordenadas":"-41.1219367 -71.2347707","Garita":"1.0","Cartel":"","Observaciones":"","Conexiones":"(71/81_B2:49)-(71/81_C2:50)-(72_1:20)-"}},
{"type":"Feature","geometry":{"type":"Point","coordinates":[-71.2325,-41.120567,0]},"properties":{"name":"Cmte. Luis Piedrabuena - Canal 6 -a","description":{"@type":"html","value":"descripción: Código: 1949<br>Coordenadas: -41.1205667 -71.2324998<br>Garita: <br>Cartel: <br>Observaciones: <br>Conexiones: (71/81_B2:50)-(71/81_C2:51)-(72_1:21)-<br>Código: 1949<br>Coordenadas: -41.1205667 -71.2324998<br>Garita: <br>Cartel: <br>Observaciones: <br>Conexiones: (71/81_B2:50)-(71/81_C2:51)-(72_1:21)-"},"styleUrl":"#icon-1739-E65100","icon-scale":1,"icon":"images/icon-1.png","descripción":"Código: 1949\nCoordenadas: -41.1205667 -71.2324998\nGarita: \nCartel: \nObservaciones: \nConexiones: (71/81_B2:50)-(71/81_C2:51)-(72_1:21)-","Código":"1949","Coordenadas":"-41.1205667 -71.2324998","Garita":"","Cartel":"","Observaciones":"","Conexiones":"(71/81_B2:50)-(71/81_C2:51)-(72_1:21)-"}},
{"type":"Feature","geometry":{"type":"Point","coordinates":[-71.228467,-41.118014,0]},"properties":{"name":"Rotonda RN 40 y Cmte. Luis Piedrabuena","description":{"@type":"html","value":"descripción: Código: 1950<br>Coordenadas: -41.1180141 -71.2284673<br>Garita: <br>Cartel: 1<br>Observaciones: <br>Conexiones: (71/81_B1:7)-(72_2:4)-<br>Código: 1950<br>Coordenadas: -41.1180141 -71.2284673<br>Garita: <br>Cartel: 1.0<br>Observaciones: <br>Conexiones: (71/81_B1:7)-(72_2:4)-"},"styleUrl":"#icon-1739-E65100","icon-scale":1,"icon":"images/icon-1.png","descripción":"Código: 1950\nCoordenadas: -41.1180141 -71.2284673\nGarita: \nCartel: 1\nObservaciones: \nConexiones: (71/81_B1:7)-(72_2:4)-","Código":"1950","Coordenadas":"-41.1180141 -71.2284673","Garita":"","Cartel":"1.0","Observaciones":"","Conexiones":"(71/81_B1:7)-(72_2:4)-"}},
{"type":"Feature","geometry":{"type":"Point","coordinates":[-71.225289,-41.115152,0]},"properties":{"name":"RN 40 y Con Con -a","description":{"@type":"html","value":"descripción: Código: 1951<br>Coordenadas: -41.1151521 -71.2252887<br>Garita: 1<br>Cartel: <br>Observaciones: <br>Conexiones: (71/81_B2:51)-(71/81_C2:52)-<br>Código: 1951<br>Coordenadas: -41.1151521 -71.2252887<br>Garita: 1.0<br>Cartel: <br>Observaciones: <br>Conexiones: (71/81_B2:51)-(71/81_C2:52)-"},"styleUrl":"#icon-1739-E65100","icon-scale":1,"icon":"images/icon-1.png","descripción":"Código: 1951\nCoordenadas: -41.1151521 -71.2252887\nGarita: 1\nCartel: \nObservaciones: \nConexiones: (71/81_B2:51)-(71/81_C2:52)-","Código":"1951","Coordenadas":"-41.1151521 -71.2252887","Garita":"1.0","Cartel":"","Observaciones":"","Conexiones":"(71/81_B2:51)-(71/81_C2:52)-"}},
{"type":"Feature","geometry":{"type":"Point","coordinates":[-71.215984,-41.109205,0]},"properties":{"name":"RN 40 y Modesta Victoria -a","description":{"@type":"html","value":"descripción: Código: 1952<br>Coordenadas: -41.1092052 -71.2159845<br>Garita: <br>Cartel: <br>Observaciones: <br>Conexiones: (71/81_B2:52)-(71/81_C2:53)-<br>Código: 1952<br>Coordenadas: -41.1092052 -71.2159845<br>Garita: <br>Cartel: <br>Observaciones: <br>Conexiones: (71/81_B2:52)-(71/81_C2:53)-"},"styleUrl":"#icon-1739-E65100","icon-scale":1,"icon":"images/icon-1.png","descripción":"Código: 1952\nCoordenadas: -41.1092052 -71.2159845\nGarita: \nCartel: \nObservaciones: \nConexiones: (71/81_B2:52)-(71/81_C2:53)-","Código":"1952","Coordenadas":"-41.1092052 -71.2159845","Garita":"","Cartel":"","Observaciones":"","Conexiones":"(71/81_B2:52)-(71/81_C2:53)-"}},
{"type":"Feature","geometry":{"type":"Point","coordinates":[-71.200689,-41.104743,0]},"properties":{"name":"RN 40 y Luis Piedrabuena -a","description":{"@type":"html","value":"descripción: Código: 1953<br>Coordenadas: -41.104743 -71.200689<br>Garita: <br>Cartel: <br>Observaciones: <br>Conexiones: (71/81_B2:53)-<br>Código: 1953<br>Coordenadas: -41.104743 -71.200689<br>Garita: <br>Cartel: <br>Observaciones: <br>Conexiones: (71/81_B2:53)-"},"styleUrl":"#icon-1739-E65100","icon-scale":1,"icon":"images/icon-1.png","descripción":"Código: 1953\nCoordenadas: -41.104743 -71.200689\nGarita: \nCartel: \nObservaciones: \nConexiones: (71/81_B2:53)-","Código":"1953","Coordenadas":"-41.104743 -71.200689","Garita":"","Cartel":"","Observaciones":"","Conexiones":"(71/81_B2:53)-"}},
{"type":"Feature","geometry":{"type":"Point","coordinates":[-71.197438,-41.104678,0]},"properties":{"name":"RN 40 y Cormorán -a","description":{"@type":"html","value":"descripción: Código: 1954<br>Coordenadas: -41.1046784 -71.1974375<br>Garita: <br>Cartel: <br>Observaciones: <br>Conexiones: (71/81_B2:54)-<br>Código: 1954<br>Coordenadas: -41.1046784 -71.1974375<br>Garita: <br>Cartel: <br>Observaciones: <br>Conexiones: (71/81_B2:54)-"},"styleUrl":"#icon-1739-E65100","icon-scale":1,"icon":"images/icon-1.png","descripción":"Código: 1954\nCoordenadas: -41.1046784 -71.1974375\nGarita: \nCartel: \nObservaciones: \nConexiones: (71/81_B2:54)-","Código":"1954","Coordenadas":"-41.1046784 -71.1974375","Garita":"","Cartel":"","Observaciones":"","Conexiones":"(71/81_B2:54)-"}},
{"type":"Feature","geometry":{"type":"Point","coordinates":[-71.188132,-41.101786,0]},"properties":{"name":"RN 40 y Tte. Pereyra Ramos (Acceso Este)","description":{"@type":"html","value":"descripción: Código: 1955<br>Coordenadas: -41.1017864 -71.1881322<br>Garita: <br>Cartel: <br>Observaciones: <br>Conexiones: (71/81_B2:56)-<br>Código: 1955<br>Coordenadas: -41.1017864 -71.1881322<br>Garita: <br>Cartel: <br>Observaciones: <br>Conexiones: (71/81_B2:56)-"},"styleUrl":"#icon-1739-E65100","icon-scale":1,"icon":"images/icon-1.png","descripción":"Código: 1955\nCoordenadas: -41.1017864 -71.1881322\nGarita: \nCartel: \nObservaciones: \nConexiones: (71/81_B2:56)-","Código":"1955","Coordenadas":"-41.1017864 -71.1881322","Garita":"","Cartel":"","Observaciones":"","Conexiones":"(71/81_B2:56)-"}},
{"type":"Feature","geometry":{"type":"Point","coordinates":[-71.185662,-41.098114,0]},"properties":{"name":"RN 40 y Aeródromo Lago Nahuel Huapi -a","description":{"@type":"html","value":"descripción: Código: 1956<br>Coordenadas: -41.0981144 -71.1856623<br>Garita: <br>Cartel: <br>Observaciones: <br>Conexiones: (71/81_B2:57)-<br>Código: 1956<br>Coordenadas: -41.0981144 -71.1856623<br>Garita: <br>Cartel: <br>Observaciones: <br>Conexiones: (71/81_B2:57)-"},"styleUrl":"#icon-1739-E65100","icon-scale":1,"icon":"images/icon-1.png","descripción":"Código: 1956\nCoordenadas: -41.0981144 -71.1856623\nGarita: \nCartel: \nObservaciones: \nConexiones: (71/81_B2:57)-","Código":"1956","Coordenadas":"-41.0981144 -71.1856623","Garita":"","Cartel":"","Observaciones":"","Conexiones":"(71/81_B2:57)-"}},
{"type":"Feature","geometry":{"type":"Point","coordinates":[-71.183136,-41.092289,0]},"properties":{"name":"RN 40 - Aduana -a","description":{"@type":"html","value":"descripción: Código: 1957<br>Coordenadas: -41.0922889 -71.1831357<br>Garita: <br>Cartel: <br>Observaciones: <br>Conexiones: (71/81_B2:58)-<br>Código: 1957<br>Coordenadas: -41.0922889 -71.1831357<br>Garita: <br>Cartel: <br>Observaciones: <br>Conexiones: (71/81_B2:58)-"},"styleUrl":"#icon-1739-E65100","icon-scale":1,"icon":"images/icon-1.png","descripción":"Código: 1957\nCoordenadas: -41.0922889 -71.1831357\nGarita: \nCartel: \nObservaciones: \nConexiones: (71/81_B2:58)-","Código":"1957","Coordenadas":"-41.0922889 -71.1831357","Garita":"","Cartel":"","Observaciones":"","Conexiones":"(71/81_B2:58)-"}},
{"type":"Feature","geometry":{"type":"Point","coordinates":[-71.343177,-41.163096,0]},"properties":{"name":"Cacique Huicaleo y Cap. Fernando Casado","description":{"@type":"html","value":"descripción: Código: 2002<br>Coordenadas: -41.1630959 -71.343177<br>Garita: 1<br>Cartel: <br>Observaciones: <br>Conexiones: (71/81_C2:3)-(81_B2:3)-<br>Código: 2002<br>Coordenadas: -41.1630959 -71.343177<br>Garita: 1.0<br>Cartel: <br>Observaciones: <br>Conexiones: (71/81_C2:3)-(81_B2:3)-"},"styleUrl":"#icon-1739-E65100","icon-scale":1,"icon":"images/icon-1.png","descripción":"Código: 2002\nCoordenadas: -41.1630959 -71.343177\nGarita: 1\nCartel: \nObservaciones: \nConexiones: (71/81_C2:3)-(81_B2:3)-","Código":"2002","Coordenadas":"-41.1630959 -71.343177","Garita":"1.0","Cartel":"","Observaciones":"","Conexiones":"(71/81_C2:3)-(81_B2:3)-"}},
{"type":"Feature","geometry":{"type":"Point","coordinates":[-71.343349,-41.163646,0]},"properties":{"name":"Cacique Huicaleo y Pecho Colorado","description":{"@type":"html","value":"descripción: Código: 2003<br>Coordenadas: -41.1636461 -71.3433494<br>Garita: <br>Cartel: <br>Observaciones: <br>Conexiones: (71/81_C2:4)-(81_B2:4)-<br>Código: 2003<br>Coordenadas: -41.1636461 -71.3433494<br>Garita: <br>Cartel: <br>Observaciones: <br>Conexiones: (71/81_C2:4)-(81_B2:4)-"},"styleUrl":"#icon-1739-E65100","icon-scale":1,"icon":"images/icon-1.png","descripción":"Código: 2003\nCoordenadas: -41.1636461 -71.3433494\nGarita: \nCartel: \nObservaciones: \nConexiones: (71/81_C2:4)-(81_B2:4)-","Código":"2003","Coordenadas":"-41.1636461 -71.3433494","Garita":"","Cartel":"","Observaciones":"","Conexiones":"(71/81_C2:4)-(81_B2:4)-"}},
{"type":"Feature","geometry":{"type":"Point","coordinates":[-71.317592,-41.158616,0]},"properties":{"name":"Pje. Gutiérrez y Cerro Carbón","description":{"@type":"html","value":"descripción: Código: 2016<br>Coordenadas: -41.1586155 -71.3175918<br>Garita: 1<br>Cartel: <br>Observaciones: <br>Conexiones: (71/81_A2:14)-(71/81_B2:14)-(71/81_C2:17)-(81_A2:14)-<br>Código: 2016<br>Coordenadas: -41.1586155 -71.3175918<br>Garita: 1.0<br>Cartel: <br>Observaciones: <br>Conexiones: (71/81_A2:14)-(71/81_B2:14)-(71/81_C2:17)-(81_A2:14)-"},"styleUrl":"#icon-1739-E65100","icon-scale":1,"icon":"images/icon-1.png","descripción":"Código: 2016\nCoordenadas: -41.1586155 -71.3175918\nGarita: 1\nCartel: \nObservaciones: \nConexiones: (71/81_A2:14)-(71/81_B2:14)-(71/81_C2:17)-(81_A2:14)-","Código":"2016","Coordenadas":"-41.1586155 -71.3175918","Garita":"1.0","Cartel":"","Observaciones":"","Conexiones":"(71/81_A2:14)-(71/81_B2:14)-(71/81_C2:17)-(81_A2:14)-"}},
{"type":"Feature","geometry":{"type":"Point","coordinates":[-71.30803,-41.152228,0]},"properties":{"name":"La Paz y Palacios","description":{"@type":"html","value":"descripción: Código: 2020<br>Coordenadas: -41.1522276 -71.3080303<br>Garita: 1<br>Cartel: <br>Observaciones: <br>Conexiones: (71/81_A1:25)-(71/81_B1:41)-(71/81_C1:41)-(80_1:20)-(81_A1:18)-(81_B1:18)-<br>Código: 2020<br>Coordenadas: -41.1522276 -71.3080303<br>Garita: 1.0<br>Cartel: <br>Observaciones: <br>Conexiones: (71/81_A1:25)-(71/81_B1:41)-(71/81_C1:41)-(80_1:20)-(81_A1:18)-(81_B1:18)-"},"styleUrl":"#icon-1739-E65100","icon-scale":1,"icon":"images/icon-1.png","descripción":"Código: 2020\nCoordenadas: -41.1522276 -71.3080303\nGarita: 1\nCartel: \nObservaciones: \nConexiones: (71/81_A1:25)-(71/81_B1:41)-(71/81_C1:41)-(80_1:20)-(81_A1:18)-(81_B1:18)-","Código":"2020","Coordenadas":"-41.1522276 -71.3080303","Garita":"1.0","Cartel":"","Observaciones":"","Conexiones":"(71/81_A1:25)-(71/81_B1:41)-(71/81_C1:41)-(80_1:20)-(81_A1:18)-(81_B1:18)-"}},
{"type":"Feature","geometry":{"type":"Point","coordinates":[-71.306422,-41.152501,0]},"properties":{"name":"La Paz y Beschtedt -b","description":{"@type":"html","value":"descripción: Código: 2021<br>Coordenadas: -41.1525009 -71.3064223<br>Garita: 1<br>Cartel: <br>Observaciones: <br>Conexiones: (71/81_A2:21)-(71/81_B2:21)-(71/81_C2:24)-(80_2:21)-(81_A2:21)-<br>Código: 2021<br>Coordenadas: -41.1525009 -71.3064223<br>Garita: 1.0<br>Cartel: <br>Observaciones: <br>Conexiones: (71/81_A2:21)-(71/81_B2:21)-(71/81_C2:24)-(80_2:21)-(81_A2:21)-"},"styleUrl":"#icon-1739-E65100","icon-scale":1,"icon":"images/icon-1.png","descripción":"Código: 2021\nCoordenadas: -41.1525009 -71.3064223\nGarita: 1\nCartel: \nObservaciones: \nConexiones: (71/81_A2:21)-(71/81_B2:21)-(71/81_C2:24)-(80_2:21)-(81_A2:21)-","Código":"2021","Coordenadas":"-41.1525009 -71.3064223","Garita":"1.0","Cartel":"","Observaciones":"","Conexiones":"(71/81_A2:21)-(71/81_B2:21)-(71/81_C2:24)-(80_2:21)-(81_A2:21)-"}},
{"type":"Feature","geometry":{"type":"Point","coordinates":[-71.304442,-41.144602,0]},"properties":{"name":"Beschtedt y Chubut","description":{"@type":"html","value":"descripción: Código: 2025<br>Coordenadas: -41.1446022 -71.3044425<br>Garita: <br>Cartel: 1<br>Observaciones: <br>Conexiones: (71/81_A2:25)-(71/81_B2:25)-(71/81_C2:28)-(80_2:25)-(81_A2:25)-(81_B2:41)-(84_2:25)-<br>Código: 2025<br>Coordenadas: -41.1446022 -71.3044425<br>Garita: <br>Cartel: 1.0<br>Observaciones: <br>Conexiones: (71/81_A2:25)-(71/81_B2:25)-(71/81_C2:28)-(80_2:25)-(81_A2:25)-(81_B2:41)-(84_2:25)-"},"styleUrl":"#icon-1739-E65100","icon-scale":1,"icon":"images/icon-1.png","descripción":"Código: 2025\nCoordenadas: -41.1446022 -71.3044425\nGarita: \nCartel: 1\nObservaciones: \nConexiones: (71/81_A2:25)-(71/81_B2:25)-(71/81_C2:28)-(80_2:25)-(81_A2:25)-(81_B2:41)-(84_2:25)-","Código":"2025","Coordenadas":"-41.1446022 -71.3044425","Garita":"","Cartel":"1.0","Observaciones":"","Conexiones":"(71/81_A2:25)-(71/81_B2:25)-(71/81_C2:28)-(80_2:25)-(81_A2:25)-(81_B2:41)-(84_2:25)-"}},
{"type":"Feature","geometry":{"type":"Point","coordinates":[-71.30351,-41.139412,0]},"properties":{"name":"Beschtedt y Tiscornia","description":{"@type":"html","value":"descripción: Código: 2027<br>Coordenadas: -41.1394118 -71.3035098<br>Garita: <br>Cartel: 1<br>Observaciones: <br>Conexiones: (71/81_A2:27)-(71/81_B2:27)-(71/81_C2:30)-(80_2:27)-(81_A2:27)-(81_B2:43)-(84_2:27)-<br>Código: 2027<br>Coordenadas: -41.1394118 -71.3035098<br>Garita: <br>Cartel: 1.0<br>Observaciones: <br>Conexiones: (71/81_A2:27)-(71/81_B2:27)-(71/81_C2:30)-(80_2:27)-(81_A2:27)-(81_B2:43)-(84_2:27)-"},"styleUrl":"#icon-1739-E65100","icon-scale":1,"icon":"images/icon-1.png","descripción":"Código: 2027\nCoordenadas: -41.1394118 -71.3035098\nGarita: \nCartel: 1\nObservaciones: \nConexiones: (71/81_A2:27)-(71/81_B2:27)-(71/81_C2:30)-(80_2:27)-(81_A2:27)-(81_B2:43)-(84_2:27)-","Código":"2027","Coordenadas":"-41.1394118 -71.3035098","Garita":"","Cartel":"1.0","Observaciones":"","Conexiones":"(71/81_A2:27)-(71/81_B2:27)-(71/81_C2:30)-(80_2:27)-(81_A2:27)-(81_B2:43)-(84_2:27)-"}},
{"type":"Feature","geometry":{"type":"Point","coordinates":[-71.303178,-41.137649,0]},"properties":{"name":"Beschtedt y Ángel Gallardo","description":{"@type":"html","value":"descripción: Código: 2028<br>Coordenadas: -41.1376486 -71.3031783<br>Garita: <br>Cartel: 1<br>Observaciones: <br>Conexiones: (55_2:41)-(71/81_A2:28)-(71/81_B2:28)-(71/81_C2:31)-(80_2:28)-(81_A2:28)-(81_B2:44)-(84_2:28)-<br>Código: 2028<br>Coordenadas: -41.1376486 -71.3031783<br>Garita: <br>Cartel: 1.0<br>Observaciones: <br>Conexiones: (55_2:41)-(71/81_A2:28)-(71/81_B2:28)-(71/81_C2:31)-(80_2:28)-(81_A2:28)-(81_B2:44)-(84_2:28)-"},"styleUrl":"#icon-1739-E65100","icon-scale":1,"icon":"images/icon-1.png","descripción":"Código: 2028\nCoordenadas: -41.1376486 -71.3031783\nGarita: \nCartel: 1\nObservaciones: \nConexiones: (55_2:41)-(71/81_A2:28)-(71/81_B2:28)-(71/81_C2:31)-(80_2:28)-(81_A2:28)-(81_B2:44)-(84_2:28)-","Código":"2028","Coordenadas":"-41.1376486 -71.3031783","Garita":"","Cartel":"1.0","Observaciones":"","Conexiones":"(55_2:41)-(71/81_A2:28)-(71/81_B2:28)-(71/81_C2:31)-(80_2:28)-(81_A2:28)-(81_B2:44)-(84_2:28)-"}},
{"type":"Feature","geometry":{"type":"Point","coordinates":[-71.306312,-41.154637,0]},"properties":{"name":"Centro de Salud - Levalle","description":{"@type":"html","value":"descripción: Código: 2031<br>Coordenadas: -41.1546373 -71.3063121<br>Garita: <br>Cartel: 1<br>Observaciones: <br>Conexiones: (31_2:12)-(84_2:20)-<br>Código: 2031<br>Coordenadas: -41.1546373 -71.3063121<br>Garita: <br>Cartel: 1.0<br>Observaciones: <br>Conexiones: (31_2:12)-(84_2:20)-"},"styleUrl":"#icon-1739-E65100","icon-scale":1,"icon":"images/icon-1.png","descripción":"Código: 2031\nCoordenadas: -41.1546373 -71.3063121\nGarita: \nCartel: 1\nObservaciones: \nConexiones: (31_2:12)-(84_2:20)-","Código":"2031","Coordenadas":"-41.1546373 -71.3063121","Garita":"","Cartel":"1.0","Observaciones":"","Conexiones":"(31_2:12)-(84_2:20)-"}},
{"type":"Feature","geometry":{"type":"Point","coordinates":[-71.316996,-41.164522,0]},"properties":{"name":"Soldado Olavarría y Coral -b","description":{"@type":"html","value":"descripción: Código: 2102<br>Coordenadas: -41.1645216 -71.3169961<br>Garita: 1<br>Cartel: <br>Observaciones: <br>Conexiones: (80_1:46)-(81_B2:16)-<br>Código: 2102<br>Coordenadas: -41.1645216 -71.3169961<br>Garita: 1.0<br>Cartel: <br>Observaciones: <br>Conexiones: (80_1:46)-(81_B2:16)-"},"styleUrl":"#icon-1739-E65100","icon-scale":1,"icon":"images/icon-1.png","descripción":"Código: 2102\nCoordenadas: -41.1645216 -71.3169961\nGarita: 1\nCartel: \nObservaciones: \nConexiones: (80_1:46)-(81_B2:16)-","Código":"2102","Coordenadas":"-41.1645216 -71.3169961","Garita":"1.0","Cartel":"","Observaciones":"","Conexiones":"(80_1:46)-(81_B2:16)-"}},
{"type":"Feature","geometry":{"type":"Point","coordinates":[-71.315195,-41.166044,0]},"properties":{"name":"CAPS Ojo de Agua","description":{"@type":"html","value":"descripción: Código: 2103<br>Coordenadas: -41.1660442 -71.3151949<br>Garita: 1<br>Cartel: <br>Observaciones: <br>Conexiones: (80_1:47)-(80_2:1)-(81_B2:17)-<br>Código: 2103<br>Coordenadas: -41.1660442 -71.3151949<br>Garita: 1.0<br>Cartel: <br>Observaciones: <br>Conexiones: (80_1:47)-(80_2:1)-(81_B2:17)-"},"styleUrl":"#icon-1739-E65100","icon-scale":1,"icon":"images/icon-1.png","descripción":"Código: 2103\nCoordenadas: -41.1660442 -71.3151949\nGarita: 1\nCartel: \nObservaciones: \nConexiones: (80_1:47)-(80_2:1)-(81_B2:17)-","Código":"2103","Coordenadas":"-41.1660442 -71.3151949","Garita":"1.0","Cartel":"","Observaciones":"","Conexiones":"(80_1:47)-(80_2:1)-(81_B2:17)-"}},
{"type":"Feature","geometry":{"type":"Point","coordinates":[-71.313166,-41.164984,0]},"properties":{"name":"Malvina Soledad y Puerto Argentino -b","description":{"@type":"html","value":"descripción: Código: 2104<br>Coordenadas: -41.1649836 -71.3131659<br>Garita: <br>Cartel: 1<br>Observaciones: <br>Conexiones: (80_2:2)-(81_B2:18)-<br>Código: 2104<br>Coordenadas: -41.1649836 -71.3131659<br>Garita: <br>Cartel: 1.0<br>Observaciones: <br>Conexiones: (80_2:2)-(81_B2:18)-"},"styleUrl":"#icon-1739-E65100","icon-scale":1,"icon":"images/icon-1.png","descripción":"Código: 2104\nCoordenadas: -41.1649836 -71.3131659\nGarita: \nCartel: 1\nObservaciones: \nConexiones: (80_2:2)-(81_B2:18)-","Código":"2104","Coordenadas":"-41.1649836 -71.3131659","Garita":"","Cartel":"1.0","Observaciones":"","Conexiones":"(80_2:2)-(81_B2:18)-"}},
{"type":"Feature","geometry":{"type":"Point","coordinates":[-71.311169,-41.166179,0]},"properties":{"name":"Puerto Argentino y José Obrero -b","description":{"@type":"html","value":"descripción: Código: 2105<br>Coordenadas: -41.1661788 -71.311169<br>Garita: 1<br>Cartel: <br>Observaciones: <br>Conexiones: (80_2:3)-(81_B2:19)-<br>Código: 2105<br>Coordenadas: -41.1661788 -71.311169<br>Garita: 1.0<br>Cartel: <br>Observaciones: <br>Conexiones: (80_2:3)-(81_B2:19)-"},"styleUrl":"#icon-1739-E65100","icon-scale":1,"icon":"images/icon-1.png","descripción":"Código: 2105\nCoordenadas: -41.1661788 -71.311169\nGarita: 1\nCartel: \nObservaciones: \nConexiones: (80_2:3)-(81_B2:19)-","Código":"2105","Coordenadas":"-41.1661788 -71.311169","Garita":"1.0","Cartel":"","Observaciones":"","Conexiones":"(80_2:3)-(81_B2:19)-"}},
{"type":"Feature","geometry":{"type":"Point","coordinates":[-71.310296,-41.16695,0]},"properties":{"name":"Puerto Argentino y Gdor. Vernet -b","description":{"@type":"html","value":"descripción: Código: 2106<br>Coordenadas: -41.16695 -71.3102955<br>Garita: <br>Cartel: <br>Observaciones: <br>Conexiones: (80_2:4)-(81_B2:20)-<br>Código: 2106<br>Coordenadas: -41.16695 -71.3102955<br>Garita: <br>Cartel: <br>Observaciones: <br>Conexiones: (80_2:4)-(81_B2:20)-"},"styleUrl":"#icon-1739-E65100","icon-scale":1,"icon":"images/icon-1.png","descripción":"Código: 2106\nCoordenadas: -41.16695 -71.3102955\nGarita: \nCartel: \nObservaciones: \nConexiones: (80_2:4)-(81_B2:20)-","Código":"2106","Coordenadas":"-41.16695 -71.3102955","Garita":"","Cartel":"","Observaciones":"","Conexiones":"(80_2:4)-(81_B2:20)-"}},
{"type":"Feature","geometry":{"type":"Point","coordinates":[-71.30872,-41.168228,0]},"properties":{"name":"Puerto Argentino y Rawson -b","description":{"@type":"html","value":"descripción: Código: 2107<br>Coordenadas: -41.1682285 -71.3087205<br>Garita: <br>Cartel: 1<br>Observaciones: <br>Conexiones: (80_2:5)-(81_B2:21)-<br>Código: 2107<br>Coordenadas: -41.1682285 -71.3087205<br>Garita: <br>Cartel: 1.0<br>Observaciones: <br>Conexiones: (80_2:5)-(81_B2:21)-"},"styleUrl":"#icon-1739-E65100","icon-scale":1,"icon":"images/icon-1.png","descripción":"Código: 2107\nCoordenadas: -41.1682285 -71.3087205\nGarita: \nCartel: 1\nObservaciones: \nConexiones: (80_2:5)-(81_B2:21)-","Código":"2107","Coordenadas":"-41.1682285 -71.3087205","Garita":"","Cartel":"1.0","Observaciones":"","Conexiones":"(80_2:5)-(81_B2:21)-"}},
{"type":"Feature","geometry":{"type":"Point","coordinates":[-71.307524,-41.167731,0]},"properties":{"name":"Rawson y Ushuaia -b","description":{"@type":"html","value":"descripción: Código: 2108<br>Coordenadas: -41.1677307 -71.3075237<br>Garita: 1<br>Cartel: <br>Observaciones: <br>Conexiones: (81_B2:22)-<br>Código: 2108<br>Coordenadas: -41.1677307 -71.3075237<br>Garita: 1.0<br>Cartel: <br>Observaciones: <br>Conexiones: (81_B2:22)-"},"styleUrl":"#icon-1739-E65100","icon-scale":1,"icon":"images/icon-1.png","descripción":"Código: 2108\nCoordenadas: -41.1677307 -71.3075237\nGarita: 1\nCartel: \nObservaciones: \nConexiones: (81_B2:22)-","Código":"2108","Coordenadas":"-41.1677307 -71.3075237","Garita":"1.0","Cartel":"","Observaciones":"","Conexiones":"(81_B2:22)-"}},
{"type":"Feature","geometry":{"type":"Point","coordinates":[-71.306409,-41.166582,0]},"properties":{"name":"Carlos Wiederhold y Pedro Giachino -b","description":{"@type":"html","value":"descripción: Código: 2109<br>Coordenadas: -41.1665825 -71.306409<br>Garita: 1<br>Cartel: <br>Observaciones: <br>Conexiones: (80_2:6)-(81_B2:23)-<br>Código: 2109<br>Coordenadas: -41.1665825 -71.306409<br>Garita: 1.0<br>Cartel: <br>Observaciones: <br>Conexiones: (80_2:6)-(81_B2:23)-"},"styleUrl":"#icon-1739-E65100","icon-scale":1,"icon":"images/icon-1.png","descripción":"Código: 2109\nCoordenadas: -41.1665825 -71.306409\nGarita: 1\nCartel: \nObservaciones: \nConexiones: (80_2:6)-(81_B2:23)-","Código":"2109","Coordenadas":"-41.1665825 -71.306409","Garita":"1.0","Cartel":"","Observaciones":"","Conexiones":"(80_2:6)-(81_B2:23)-"}},
{"type":"Feature","geometry":{"type":"Point","coordinates":[-71.307391,-41.165493,0]},"properties":{"name":"Carlos Wiederhold y Gdor. Vernet -b","description":{"@type":"html","value":"descripción: Código: 2110<br>Coordenadas: -41.1654928 -71.3073907<br>Garita: 1<br>Cartel: <br>Observaciones: <br>Conexiones: (80_2:7)-(81_B2:24)-<br>Código: 2110<br>Coordenadas: -41.1654928 -71.3073907<br>Garita: 1.0<br>Cartel: <br>Observaciones: <br>Conexiones: (80_2:7)-(81_B2:24)-"},"styleUrl":"#icon-1739-E65100","icon-scale":1,"icon":"images/icon-1.png","descripción":"Código: 2110\nCoordenadas: -41.1654928 -71.3073907\nGarita: 1\nCartel: \nObservaciones: \nConexiones: (80_2:7)-(81_B2:24)-","Código":"2110","Coordenadas":"-41.1654928 -71.3073907","Garita":"1.0","Cartel":"","Observaciones":"","Conexiones":"(80_2:7)-(81_B2:24)-"}},
{"type":"Feature","geometry":{"type":"Point","coordinates":[-71.310792,-41.163477,0]},"properties":{"name":"Carlos Wiederhold y Malvinas Argentinas -b","description":{"@type":"html","value":"descripción: Código: 2111<br>Coordenadas: -41.1634768 -71.3107922<br>Garita: <br>Cartel: <br>Observaciones: <br>Conexiones: (80_2:8)-(81_B2:25)-<br>Código: 2111<br>Coordenadas: -41.1634768 -71.3107922<br>Garita: <br>Cartel: <br>Observaciones: <br>Conexiones: (80_2:8)-(81_B2:25)-"},"styleUrl":"#icon-1739-E65100","icon-scale":1,"icon":"images/icon-1.png","descripción":"Código: 2111\nCoordenadas: -41.1634768 -71.3107922\nGarita: \nCartel: \nObservaciones: \nConexiones: (80_2:8)-(81_B2:25)-","Código":"2111","Coordenadas":"-41.1634768 -71.3107922","Garita":"","Cartel":"","Observaciones":"","Conexiones":"(80_2:8)-(81_B2:25)-"}},
{"type":"Feature","geometry":{"type":"Point","coordinates":[-71.312252,-41.160721,0]},"properties":{"name":"Centro Comunitario Barrio Omega -b","description":{"@type":"html","value":"descripción: Código: 2112<br>Coordenadas: -41.1607211 -71.3122518<br>Garita: <br>Cartel: 1<br>Observaciones: <br>Conexiones: (80_2:9)-(81_B2:26)-<br>Código: 2112<br>Coordenadas: -41.1607211 -71.3122518<br>Garita: <br>Cartel: 1.0<br>Observaciones: <br>Conexiones: (80_2:9)-(81_B2:26)-"},"styleUrl":"#icon-1739-E65100","icon-scale":1,"icon":"images/icon-1.png","descripción":"Código: 2112\nCoordenadas: -41.1607211 -71.3122518\nGarita: \nCartel: 1\nObservaciones: \nConexiones: (80_2:9)-(81_B2:26)-","Código":"2112","Coordenadas":"-41.1607211 -71.3122518","Garita":"","Cartel":"1.0","Observaciones":"","Conexiones":"(80_2:9)-(81_B2:26)-"}},
{"type":"Feature","geometry":{"type":"Point","coordinates":[-71.314032,-41.159197,0]},"properties":{"name":"Av. Juan Herman y Carlos Wiederhold -b","description":{"@type":"html","value":"descripción: Código: 2113<br>Coordenadas: -41.1591967 -71.3140317<br>Garita: 1<br>Cartel: <br>Observaciones: <br>Conexiones: (80_2:10)-(81_B2:27)-<br>Código: 2113<br>Coordenadas: -41.1591967 -71.3140317<br>Garita: 1.0<br>Cartel: <br>Observaciones: <br>Conexiones: (80_2:10)-(81_B2:27)-"},"styleUrl":"#icon-1739-E65100","icon-scale":1,"icon":"images/icon-1.png","descripción":"Código: 2113\nCoordenadas: -41.1591967 -71.3140317\nGarita: 1\nCartel: \nObservaciones: \nConexiones: (80_2:10)-(81_B2:27)-","Código":"2113","Coordenadas":"-41.1591967 -71.3140317","Garita":"1.0","Cartel":"","Observaciones":"","Conexiones":"(80_2:10)-(81_B2:27)-"}},
{"type":"Feature","geometry":{"type":"Point","coordinates":[-71.309456,-41.156282,0]},"properties":{"name":"Rolando y Padre Elguea -b","description":{"@type":"html","value":"descripción: Código: 2115<br>Coordenadas: -41.1562817 -71.3094558<br>Garita: 1<br>Cartel: <br>Observaciones: <br>Conexiones: (80_2:12)-(81_B2:29)-(84_2:19)-<br>Código: 2115<br>Coordenadas: -41.1562817 -71.3094558<br>Garita: 1.0<br>Cartel: <br>Observaciones: <br>Conexiones: (80_2:12)-(81_B2:29)-(84_2:19)-"},"styleUrl":"#icon-1739-E65100","icon-scale":1,"icon":"images/icon-1.png","descripción":"Código: 2115\nCoordenadas: -41.1562817 -71.3094558\nGarita: 1\nCartel: \nObservaciones: \nConexiones: (80_2:12)-(81_B2:29)-(84_2:19)-","Código":"2115","Coordenadas":"-41.1562817 -71.3094558","Garita":"1.0","Cartel":"","Observaciones":"","Conexiones":"(80_2:12)-(81_B2:29)-(84_2:19)-"}},
{"type":"Feature","geometry":{"type":"Point","coordinates":[-71.310458,-41.155063,0]},"properties":{"name":"Pablo Mange - Esc. Primaria N°255 -a","description":{"@type":"html","value":"descripción: Código: 2116<br>Coordenadas: -41.1550626 -71.3104581<br>Garita: <br>Cartel: 1<br>Observaciones: <br>Conexiones: (80_2:13)-(81_B2:30)-<br>Código: 2116<br>Coordenadas: -41.1550626 -71.3104581<br>Garita: <br>Cartel: 1.0<br>Observaciones: <br>Conexiones: (80_2:13)-(81_B2:30)-"},"styleUrl":"#icon-1739-E65100","icon-scale":1,"icon":"images/icon-1.png","descripción":"Código: 2116\nCoordenadas: -41.1550626 -71.3104581\nGarita: \nCartel: 1\nObservaciones: \nConexiones: (80_2:13)-(81_B2:30)-","Código":"2116","Coordenadas":"-41.1550626 -71.3104581","Garita":"","Cartel":"1.0","Observaciones":"","Conexiones":"(80_2:13)-(81_B2:30)-"}},
{"type":"Feature","geometry":{"type":"Point","coordinates":[-71.313451,-41.154826,0]},"properties":{"name":"Plaza Héroes de Malvinas -a","description":{"@type":"html","value":"descripción: Código: 2117<br>Coordenadas: -41.1548258 -71.3134509<br>Garita: 1<br>Cartel: <br>Observaciones: <br>Conexiones: (80_2:14)-(81_B2:31)-<br>Código: 2117<br>Coordenadas: -41.1548258 -71.3134509<br>Garita: 1.0<br>Cartel: <br>Observaciones: <br>Conexiones: (80_2:14)-(81_B2:31)-"},"styleUrl":"#icon-1739-E65100","icon-scale":1,"icon":"images/icon-1.png","descripción":"Código: 2117\nCoordenadas: -41.1548258 -71.3134509\nGarita: 1\nCartel: \nObservaciones: \nConexiones: (80_2:14)-(81_B2:31)-","Código":"2117","Coordenadas":"-41.1548258 -71.3134509","Garita":"1.0","Cartel":"","Observaciones":"","Conexiones":"(80_2:14)-(81_B2:31)-"}},
{"type":"Feature","geometry":{"type":"Point","coordinates":[-71.314695,-41.154691,0]},"properties":{"name":"Pablo Mange y Camilo Goye","description":{"@type":"html","value":"descripción: Código: 2118<br>Coordenadas: -41.1546907 -71.3146949<br>Garita: 1<br>Cartel: <br>Observaciones: <br>Conexiones: (80_2:15)-(81_B2:32)-<br>Código: 2118<br>Coordenadas: -41.1546907 -71.3146949<br>Garita: 1.0<br>Cartel: <br>Observaciones: <br>Conexiones: (80_2:15)-(81_B2:32)-"},"styleUrl":"#icon-1739-E65100","icon-scale":1,"icon":"images/icon-1.png","descripción":"Código: 2118\nCoordenadas: -41.1546907 -71.3146949\nGarita: 1\nCartel: \nObservaciones: \nConexiones: (80_2:15)-(81_B2:32)-","Código":"2118","Coordenadas":"-41.1546907 -71.3146949","Garita":"1.0","Cartel":"","Observaciones":"","Conexiones":"(80_2:15)-(81_B2:32)-"}},
{"type":"Feature","geometry":{"type":"Point","coordinates":[-71.316131,-41.15455,0]},"properties":{"name":"Pablo Mange y Pje. Gutiérrez -a","description":{"@type":"html","value":"descripción: Código: 2119<br>Coordenadas: -41.1545497 -71.3161309<br>Garita: 1<br>Cartel: <br>Observaciones: <br>Conexiones: (80_2:16)-(81_B2:33)-<br>Código: 2119<br>Coordenadas: -41.1545497 -71.3161309<br>Garita: 1.0<br>Cartel: <br>Observaciones: <br>Conexiones: (80_2:16)-(81_B2:33)-"},"styleUrl":"#icon-1739-E65100","icon-scale":1,"icon":"images/icon-1.png","descripción":"Código: 2119\nCoordenadas: -41.1545497 -71.3161309\nGarita: 1\nCartel: \nObservaciones: \nConexiones: (80_2:16)-(81_B2:33)-","Código":"2119","Coordenadas":"-41.1545497 -71.3161309","Garita":"1.0","Cartel":"","Observaciones":"","Conexiones":"(80_2:16)-(81_B2:33)-"}},
{"type":"Feature","geometry":{"type":"Point","coordinates":[-71.303968,-41.142004,0]},"properties":{"name":"Beschtedt y Fagnano - Gendarmería Nacional","description":{"@type":"html","value":"descripción: Código: 2129<br>Coordenadas: -41.1420044 -71.3039678<br>Garita: <br>Cartel: 1<br>Observaciones: <br>Conexiones: (71/81_A2:26)-(71/81_B2:26)-(71/81_C2:29)-(80_2:26)-(81_A2:26)-(84_2:26)-<br>Código: 2129<br>Coordenadas: -41.1420044 -71.3039678<br>Garita: <br>Cartel: 1.0<br>Observaciones: <br>Conexiones: (71/81_A2:26)-(71/81_B2:26)-(71/81_C2:29)-(80_2:26)-(81_A2:26)-(84_2:26)-"},"styleUrl":"#icon-1739-E65100","icon-scale":1,"icon":"images/icon-1.png","descripción":"Código: 2129\nCoordenadas: -41.1420044 -71.3039678\nGarita: \nCartel: 1\nObservaciones: \nConexiones: (71/81_A2:26)-(71/81_B2:26)-(71/81_C2:29)-(80_2:26)-(81_A2:26)-(84_2:26)-","Código":"2129","Coordenadas":"-41.1420044 -71.3039678","Garita":"","Cartel":"1.0","Observaciones":"","Conexiones":"(71/81_A2:26)-(71/81_B2:26)-(71/81_C2:29)-(80_2:26)-(81_A2:26)-(84_2:26)-"}},
{"type":"Feature","geometry":{"type":"Point","coordinates":[-71.316471,-41.154637,0]},"properties":{"name":"Pablo Mange y Pje. Gutiérrez -b","description":{"@type":"html","value":"descripción: Código: 2201<br>Coordenadas: -41.1546369 -71.3164707<br>Garita: 1<br>Cartel: <br>Observaciones: <br>Conexiones: (80_1:27)-(81_B1:25)-<br>Código: 2201<br>Coordenadas: -41.1546369 -71.3164707<br>Garita: 1.0<br>Cartel: <br>Observaciones: <br>Conexiones: (80_1:27)-(81_B1:25)-"},"styleUrl":"#icon-1739-E65100","icon-scale":1,"icon":"images/icon-1.png","descripción":"Código: 2201\nCoordenadas: -41.1546369 -71.3164707\nGarita: 1\nCartel: \nObservaciones: \nConexiones: (80_1:27)-(81_B1:25)-","Código":"2201","Coordenadas":"-41.1546369 -71.3164707","Garita":"1.0","Cartel":"","Observaciones":"","Conexiones":"(80_1:27)-(81_B1:25)-"}},
{"type":"Feature","geometry":{"type":"Point","coordinates":[-71.313394,-41.154959,0]},"properties":{"name":"Plaza Héroes de Malvinas -b","description":{"@type":"html","value":"descripción: Código: 2202<br>Coordenadas: -41.1549586 -71.3133943<br>Garita: <br>Cartel: <br>Observaciones: <br>Conexiones: (80_1:28)-(81_B1:26)-<br>Código: 2202<br>Coordenadas: -41.1549586 -71.3133943<br>Garita: <br>Cartel: <br>Observaciones: <br>Conexiones: (80_1:28)-(81_B1:26)-"},"styleUrl":"#icon-1739-E65100","icon-scale":1,"icon":"images/icon-1.png","descripción":"Código: 2202\nCoordenadas: -41.1549586 -71.3133943\nGarita: \nCartel: \nObservaciones: \nConexiones: (80_1:28)-(81_B1:26)-","Código":"2202","Coordenadas":"-41.1549586 -71.3133943","Garita":"","Cartel":"","Observaciones":"","Conexiones":"(80_1:28)-(81_B1:26)-"}},
{"type":"Feature","geometry":{"type":"Point","coordinates":[-71.309946,-41.155245,0]},"properties":{"name":"Pablo Mange - Esc. Primaria N°255 -b","description":{"@type":"html","value":"descripción: Código: 2203<br>Coordenadas: -41.1552453 -71.3099459<br>Garita: <br>Cartel: <br>Observaciones: <br>Conexiones: (80_1:29)-(81_B1:27)-<br>Código: 2203<br>Coordenadas: -41.1552453 -71.3099459<br>Garita: <br>Cartel: <br>Observaciones: <br>Conexiones: (80_1:29)-(81_B1:27)-"},"styleUrl":"#icon-1739-E65100","icon-scale":1,"icon":"images/icon-1.png","descripción":"Código: 2203\nCoordenadas: -41.1552453 -71.3099459\nGarita: \nCartel: \nObservaciones: \nConexiones: (80_1:29)-(81_B1:27)-","Código":"2203","Coordenadas":"-41.1552453 -71.3099459","Garita":"","Cartel":"","Observaciones":"","Conexiones":"(80_1:29)-(81_B1:27)-"}},
{"type":"Feature","geometry":{"type":"Point","coordinates":[-71.309639,-41.156259,0]},"properties":{"name":"Rolando y Padre Elguea -a","description":{"@type":"html","value":"descripción: Código: 2204<br>Coordenadas: -41.1562594 -71.3096393<br>Garita: <br>Cartel: <br>Observaciones: <br>Conexiones: (80_1:30)-(81_B1:28)-<br>Código: 2204<br>Coordenadas: -41.1562594 -71.3096393<br>Garita: <br>Cartel: <br>Observaciones: <br>Conexiones: (80_1:30)-(81_B1:28)-"},"styleUrl":"#icon-1739-E65100","icon-scale":1,"icon":"images/icon-1.png","descripción":"Código: 2204\nCoordenadas: -41.1562594 -71.3096393\nGarita: \nCartel: \nObservaciones: \nConexiones: (80_1:30)-(81_B1:28)-","Código":"2204","Coordenadas":"-41.1562594 -71.3096393","Garita":"","Cartel":"","Observaciones":"","Conexiones":"(80_1:30)-(81_B1:28)-"}},
{"type":"Feature","geometry":{"type":"Point","coordinates":[-71.314269,-41.159347,0]},"properties":{"name":"Av. Juan Herman y Carlos Wiederhold -a","description":{"@type":"html","value":"descripción: Código: 2206<br>Coordenadas: -41.1593466 -71.3142694<br>Garita: <br>Cartel: <br>Observaciones: <br>Conexiones: (80_1:33)-(81_B1:31)-<br>Código: 2206<br>Coordenadas: -41.1593466 -71.3142694<br>Garita: <br>Cartel: <br>Observaciones: <br>Conexiones: (80_1:33)-(81_B1:31)-"},"styleUrl":"#icon-1739-E65100","icon-scale":1,"icon":"images/icon-1.png","descripción":"Código: 2206\nCoordenadas: -41.1593466 -71.3142694\nGarita: \nCartel: \nObservaciones: \nConexiones: (80_1:33)-(81_B1:31)-","Código":"2206","Coordenadas":"-41.1593466 -71.3142694","Garita":"","Cartel":"","Observaciones":"","Conexiones":"(80_1:33)-(81_B1:31)-"}},
{"type":"Feature","geometry":{"type":"Point","coordinates":[-71.312425,-41.16077,0]},"properties":{"name":"Centro Comunitario Barrio Omega -a","description":{"@type":"html","value":"descripción: Código: 2207<br>Coordenadas: -41.1607697 -71.3124251<br>Garita: <br>Cartel: <br>Observaciones: <br>Conexiones: (80_1:34)-(81_B1:32)-<br>Código: 2207<br>Coordenadas: -41.1607697 -71.3124251<br>Garita: <br>Cartel: <br>Observaciones: <br>Conexiones: (80_1:34)-(81_B1:32)-"},"styleUrl":"#icon-1739-E65100","icon-scale":1,"icon":"images/icon-1.png","descripción":"Código: 2207\nCoordenadas: -41.1607697 -71.3124251\nGarita: \nCartel: \nObservaciones: \nConexiones: (80_1:34)-(81_B1:32)-","Código":"2207","Coordenadas":"-41.1607697 -71.3124251","Garita":"","Cartel":"","Observaciones":"","Conexiones":"(80_1:34)-(81_B1:32)-"}},
{"type":"Feature","geometry":{"type":"Point","coordinates":[-71.311009,-41.163451,0]},"properties":{"name":"Carlos Wiederhold y Malvinas Argentinas -a","description":{"@type":"html","value":"descripción: Código: 2208<br>Coordenadas: -41.1634514 -71.3110092<br>Garita: 1<br>Cartel: <br>Observaciones: <br>Conexiones: (80_1:35)-(81_B1:33)-<br>Código: 2208<br>Coordenadas: -41.1634514 -71.3110092<br>Garita: 1.0<br>Cartel: <br>Observaciones: <br>Conexiones: (80_1:35)-(81_B1:33)-"},"styleUrl":"#icon-1739-E65100","icon-scale":1,"icon":"images/icon-1.png","descripción":"Código: 2208\nCoordenadas: -41.1634514 -71.3110092\nGarita: 1\nCartel: \nObservaciones: \nConexiones: (80_1:35)-(81_B1:33)-","Código":"2208","Coordenadas":"-41.1634514 -71.3110092","Garita":"1.0","Cartel":"","Observaciones":"","Conexiones":"(80_1:35)-(81_B1:33)-"}},
{"type":"Feature","geometry":{"type":"Point","coordinates":[-71.307567,-41.165574,0]},"properties":{"name":"Carlos Wiederhold y Gdor. Vernet -a","description":{"@type":"html","value":"descripción: Código: 2209<br>Coordenadas: -41.1655738 -71.3075673<br>Garita: <br>Cartel: <br>Observaciones: <br>Conexiones: (80_1:36)-(81_B1:34)-<br>Código: 2209<br>Coordenadas: -41.1655738 -71.3075673<br>Garita: <br>Cartel: <br>Observaciones: <br>Conexiones: (80_1:36)-(81_B1:34)-"},"styleUrl":"#icon-1739-E65100","icon-scale":1,"icon":"images/icon-1.png","descripción":"Código: 2209\nCoordenadas: -41.1655738 -71.3075673\nGarita: \nCartel: \nObservaciones: \nConexiones: (80_1:36)-(81_B1:34)-","Código":"2209","Coordenadas":"-41.1655738 -71.3075673","Garita":"","Cartel":"","Observaciones":"","Conexiones":"(80_1:36)-(81_B1:34)-"}},
{"type":"Feature","geometry":{"type":"Point","coordinates":[-71.306564,-41.166657,0]},"properties":{"name":"Carlos Wiederhold y Pedro Giachino -a","description":{"@type":"html","value":"descripción: Código: 2210<br>Coordenadas: -41.1666574 -71.3065643<br>Garita: <br>Cartel: <br>Observaciones: <br>Conexiones: (80_1:37)-(81_B1:35)-<br>Código: 2210<br>Coordenadas: -41.1666574 -71.3065643<br>Garita: <br>Cartel: <br>Observaciones: <br>Conexiones: (80_1:37)-(81_B1:35)-"},"styleUrl":"#icon-1739-E65100","icon-scale":1,"icon":"images/icon-1.png","descripción":"Código: 2210\nCoordenadas: -41.1666574 -71.3065643\nGarita: \nCartel: \nObservaciones: \nConexiones: (80_1:37)-(81_B1:35)-","Código":"2210","Coordenadas":"-41.1666574 -71.3065643","Garita":"","Cartel":"","Observaciones":"","Conexiones":"(80_1:37)-(81_B1:35)-"}},
{"type":"Feature","geometry":{"type":"Point","coordinates":[-71.307619,-41.16766,0]},"properties":{"name":"Rawson y Ushuaia -a","description":{"@type":"html","value":"descripción: Código: 2211<br>Coordenadas: -41.1676596 -71.3076193<br>Garita: <br>Cartel: <br>Observaciones: <br>Conexiones: (80_1:38)-(81_B1:36)-<br>Código: 2211<br>Coordenadas: -41.1676596 -71.3076193<br>Garita: <br>Cartel: <br>Observaciones: <br>Conexiones: (80_1:38)-(81_B1:36)-"},"styleUrl":"#icon-1739-E65100","icon-scale":1,"icon":"images/icon-1.png","descripción":"Código: 2211\nCoordenadas: -41.1676596 -71.3076193\nGarita: \nCartel: \nObservaciones: \nConexiones: (80_1:38)-(81_B1:36)-","Código":"2211","Coordenadas":"-41.1676596 -71.3076193","Garita":"","Cartel":"","Observaciones":"","Conexiones":"(80_1:38)-(81_B1:36)-"}},
{"type":"Feature","geometry":{"type":"Point","coordinates":[-71.308681,-41.168059,0]},"properties":{"name":"Puerto Argentino y Rawson -a","description":{"@type":"html","value":"descripción: Código: 2212<br>Coordenadas: -41.1680588 -71.308681<br>Garita: <br>Cartel: <br>Observaciones: <br>Conexiones: (80_1:39)-(81_B1:37)-<br>Código: 2212<br>Coordenadas: -41.1680588 -71.308681<br>Garita: <br>Cartel: <br>Observaciones: <br>Conexiones: (80_1:39)-(81_B1:37)-"},"styleUrl":"#icon-1739-E65100","icon-scale":1,"icon":"images/icon-1.png","descripción":"Código: 2212\nCoordenadas: -41.1680588 -71.308681\nGarita: \nCartel: \nObservaciones: \nConexiones: (80_1:39)-(81_B1:37)-","Código":"2212","Coordenadas":"-41.1680588 -71.308681","Garita":"","Cartel":"","Observaciones":"","Conexiones":"(80_1:39)-(81_B1:37)-"}},
{"type":"Feature","geometry":{"type":"Point","coordinates":[-71.310391,-41.166716,0]},"properties":{"name":"Puerto Argentino y Gobernador Vernet -a","description":{"@type":"html","value":"descripción: Código: 2213<br>Coordenadas: -41.1667158 -71.310391<br>Garita: <br>Cartel: <br>Observaciones: <br>Conexiones: (80_1:40)-(81_B1:38)-<br>Código: 2213<br>Coordenadas: -41.1667158 -71.310391<br>Garita: <br>Cartel: <br>Observaciones: <br>Conexiones: (80_1:40)-(81_B1:38)-"},"styleUrl":"#icon-1739-E65100","icon-scale":1,"icon":"images/icon-1.png","descripción":"Código: 2213\nCoordenadas: -41.1667158 -71.310391\nGarita: \nCartel: \nObservaciones: \nConexiones: (80_1:40)-(81_B1:38)-","Código":"2213","Coordenadas":"-41.1667158 -71.310391","Garita":"","Cartel":"","Observaciones":"","Conexiones":"(80_1:40)-(81_B1:38)-"}},
{"type":"Feature","geometry":{"type":"Point","coordinates":[-71.311158,-41.165988,0]},"properties":{"name":"Puerto Argentino y José Obrero -a","description":{"@type":"html","value":"descripción: Código: 2214<br>Coordenadas: -41.1659885 -71.3111583<br>Garita: <br>Cartel: <br>Observaciones: <br>Conexiones: (80_1:41)-(81_B1:39)-<br>Código: 2214<br>Coordenadas: -41.1659885 -71.3111583<br>Garita: <br>Cartel: <br>Observaciones: <br>Conexiones: (80_1:41)-(81_B1:39)-"},"styleUrl":"#icon-1739-E65100","icon-scale":1,"icon":"images/icon-1.png","descripción":"Código: 2214\nCoordenadas: -41.1659885 -71.3111583\nGarita: \nCartel: \nObservaciones: \nConexiones: (80_1:41)-(81_B1:39)-","Código":"2214","Coordenadas":"-41.1659885 -71.3111583","Garita":"","Cartel":"","Observaciones":"","Conexiones":"(80_1:41)-(81_B1:39)-"}},
{"type":"Feature","geometry":{"type":"Point","coordinates":[-71.313216,-41.164866,0]},"properties":{"name":"Malvina Soledad y Puerto Argentino -a","description":{"@type":"html","value":"descripción: Código: 2215<br>Coordenadas: -41.1648655 -71.3132161<br>Garita: <br>Cartel: <br>Observaciones: <br>Conexiones: (80_1:42)-(81_B1:40)-<br>Código: 2215<br>Coordenadas: -41.1648655 -71.3132161<br>Garita: <br>Cartel: <br>Observaciones: <br>Conexiones: (80_1:42)-(81_B1:40)-"},"styleUrl":"#icon-1739-E65100","icon-scale":1,"icon":"images/icon-1.png","descripción":"Código: 2215\nCoordenadas: -41.1648655 -71.3132161\nGarita: \nCartel: \nObservaciones: \nConexiones: (80_1:42)-(81_B1:40)-","Código":"2215","Coordenadas":"-41.1648655 -71.3132161","Garita":"","Cartel":"","Observaciones":"","Conexiones":"(80_1:42)-(81_B1:40)-"}},
{"type":"Feature","geometry":{"type":"Point","coordinates":[-71.314723,-41.165896,0]},"properties":{"name":"Malvina Soledad y Soldado Olavarría","description":{"@type":"html","value":"descripción: Código: 2216<br>Coordenadas: -41.1658962 -71.314723<br>Garita: <br>Cartel: <br>Observaciones: <br>Conexiones: (80_1:43)-(81_B1:41)-<br>Código: 2216<br>Coordenadas: -41.1658962 -71.314723<br>Garita: <br>Cartel: <br>Observaciones: <br>Conexiones: (80_1:43)-(81_B1:41)-"},"styleUrl":"#icon-1739-E65100","icon-scale":1,"icon":"images/icon-1.png","descripción":"Código: 2216\nCoordenadas: -41.1658962 -71.314723\nGarita: \nCartel: \nObservaciones: \nConexiones: (80_1:43)-(81_B1:41)-","Código":"2216","Coordenadas":"-41.1658962 -71.314723","Garita":"","Cartel":"","Observaciones":"","Conexiones":"(80_1:43)-(81_B1:41)-"}},
{"type":"Feature","geometry":{"type":"Point","coordinates":[-71.315631,-41.16547,0]},"properties":{"name":"Soldado Olavarría e Isaías Quilahueque -a","description":{"@type":"html","value":"descripción: Código: 2217<br>Coordenadas: -41.1654701 -71.3156313<br>Garita: <br>Cartel: <br>Observaciones: <br>Conexiones: (80_1:44)-(81_B1:42)-<br>Código: 2217<br>Coordenadas: -41.1654701 -71.3156313<br>Garita: <br>Cartel: <br>Observaciones: <br>Conexiones: (80_1:44)-(81_B1:42)-"},"styleUrl":"#icon-1739-E65100","icon-scale":1,"icon":"images/icon-1.png","descripción":"Código: 2217\nCoordenadas: -41.1654701 -71.3156313\nGarita: \nCartel: \nObservaciones: \nConexiones: (80_1:44)-(81_B1:42)-","Código":"2217","Coordenadas":"-41.1654701 -71.3156313","Garita":"","Cartel":"","Observaciones":"","Conexiones":"(80_1:44)-(81_B1:42)-"}},
{"type":"Feature","geometry":{"type":"Point","coordinates":[-71.316934,-41.16439,0]},"properties":{"name":"Soldado Olavarría y Coral -a","description":{"@type":"html","value":"descripción: Código: 2218<br>Coordenadas: -41.1643899 -71.3169343<br>Garita: <br>Cartel: <br>Observaciones: <br>Conexiones: (80_1:45)-(81_B1:43)-<br>Código: 2218<br>Coordenadas: -41.1643899 -71.3169343<br>Garita: <br>Cartel: <br>Observaciones: <br>Conexiones: (80_1:45)-(81_B1:43)-"},"styleUrl":"#icon-1739-E65100","icon-scale":1,"icon":"images/icon-1.png","descripción":"Código: 2218\nCoordenadas: -41.1643899 -71.3169343\nGarita: \nCartel: \nObservaciones: \nConexiones: (80_1:45)-(81_B1:43)-","Código":"2218","Coordenadas":"-41.1643899 -71.3169343","Garita":"","Cartel":"","Observaciones":"","Conexiones":"(80_1:45)-(81_B1:43)-"}},
{"type":"Feature","geometry":{"type":"Point","coordinates":[-71.324332,-41.156604,0]},"properties":{"name":"Adolfo Alsina y Av. Río Negro -a","description":{"@type":"html","value":"descripción: Código: 2301<br>Coordenadas: -41.1566039 -71.3243323<br>Garita: <br>Cartel: <br>Observaciones: <br>Conexiones: (82_1:1)-<br>Código: 2301<br>Coordenadas: -41.1566039 -71.3243323<br>Garita: <br>Cartel: <br>Observaciones: <br>Conexiones: (82_1:1)-"},"styleUrl":"#icon-1739-E65100","icon-scale":1,"icon":"images/icon-1.png","descripción":"Código: 2301\nCoordenadas: -41.1566039 -71.3243323\nGarita: \nCartel: \nObservaciones: \nConexiones: (82_1:1)-","Código":"2301","Coordenadas":"-41.1566039 -71.3243323","Garita":"","Cartel":"","Observaciones":"","Conexiones":"(82_1:1)-"}},
{"type":"Feature","geometry":{"type":"Point","coordinates":[-71.323384,-41.156211,0]},"properties":{"name":"Av. Río Negro y Maquinchao -a","description":{"@type":"html","value":"descripción: Código: 2302<br>Coordenadas: -41.1562109 -71.3233838<br>Garita: 1<br>Cartel: <br>Observaciones: <br>Conexiones: (82_1:2)-<br>Código: 2302<br>Coordenadas: -41.1562109 -71.3233838<br>Garita: 1.0<br>Cartel: <br>Observaciones: <br>Conexiones: (82_1:2)-"},"styleUrl":"#icon-1739-E65100","icon-scale":1,"icon":"images/icon-1.png","descripción":"Código: 2302\nCoordenadas: -41.1562109 -71.3233838\nGarita: 1\nCartel: \nObservaciones: \nConexiones: (82_1:2)-","Código":"2302","Coordenadas":"-41.1562109 -71.3233838","Garita":"1.0","Cartel":"","Observaciones":"","Conexiones":"(82_1:2)-"}},
{"type":"Feature","geometry":{"type":"Point","coordinates":[-71.322567,-41.155858,0]},"properties":{"name":"Av. Río Negro y Sierra Colorada -a","description":{"@type":"html","value":"descripción: Código: 2303<br>Coordenadas: -41.1558581 -71.3225669<br>Garita: <br>Cartel: <br>Observaciones: <br>Conexiones: (82_1:3)-<br>Código: 2303<br>Coordenadas: -41.1558581 -71.3225669<br>Garita: <br>Cartel: <br>Observaciones: <br>Conexiones: (82_1:3)-"},"styleUrl":"#icon-1739-E65100","icon-scale":1,"icon":"images/icon-1.png","descripción":"Código: 2303\nCoordenadas: -41.1558581 -71.3225669\nGarita: \nCartel: \nObservaciones: \nConexiones: (82_1:3)-","Código":"2303","Coordenadas":"-41.1558581 -71.3225669","Garita":"","Cartel":"","Observaciones":"","Conexiones":"(82_1:3)-"}},
{"type":"Feature","geometry":{"type":"Point","coordinates":[-71.320826,-41.155408,0]},"properties":{"name":"Av. Río Negro y Jacobacci -a","description":{"@type":"html","value":"descripción: Código: 2304<br>Coordenadas: -41.1554077 -71.320826<br>Garita: 1<br>Cartel: <br>Observaciones: <br>Conexiones: (82_1:4)-<br>Código: 2304<br>Coordenadas: -41.1554077 -71.320826<br>Garita: 1.0<br>Cartel: <br>Observaciones: <br>Conexiones: (82_1:4)-"},"styleUrl":"#icon-1739-E65100","icon-scale":1,"icon":"images/icon-1.png","descripción":"Código: 2304\nCoordenadas: -41.1554077 -71.320826\nGarita: 1\nCartel: \nObservaciones: \nConexiones: (82_1:4)-","Código":"2304","Coordenadas":"-41.1554077 -71.320826","Garita":"1.0","Cartel":"","Observaciones":"","Conexiones":"(82_1:4)-"}},
{"type":"Feature","geometry":{"type":"Point","coordinates":[-71.318931,-41.154614,0]},"properties":{"name":"Av. Río Negro y Piedras Blancas -a","description":{"@type":"html","value":"descripción: Código: 2305<br>Coordenadas: -41.1546143 -71.3189311<br>Garita: 1<br>Cartel: <br>Observaciones: <br>Conexiones: (82_1:5)-<br>Código: 2305<br>Coordenadas: -41.1546143 -71.3189311<br>Garita: 1.0<br>Cartel: <br>Observaciones: <br>Conexiones: (82_1:5)-"},"styleUrl":"#icon-1739-E65100","icon-scale":1,"icon":"images/icon-1.png","descripción":"Código: 2305\nCoordenadas: -41.1546143 -71.3189311\nGarita: 1\nCartel: \nObservaciones: \nConexiones: (82_1:5)-","Código":"2305","Coordenadas":"-41.1546143 -71.3189311","Garita":"1.0","Cartel":"","Observaciones":"","Conexiones":"(82_1:5)-"}},
{"type":"Feature","geometry":{"type":"Point","coordinates":[-71.316983,-41.15533,0]},"properties":{"name":"Pje. Gutiérrez y Miramar -b","description":{"@type":"html","value":"descripción: Código: 2307<br>Coordenadas: -41.1553298 -71.3169829<br>Garita: 1<br>Cartel: <br>Observaciones: <br>Conexiones: (71/81_A2:16)-(71/81_B2:16)-(71/81_C2:19)-(81_A2:16)-(82_1:6)-<br>Código: 2307<br>Coordenadas: -41.1553298 -71.3169829<br>Garita: 1.0<br>Cartel: <br>Observaciones: <br>Conexiones: (71/81_A2:16)-(71/81_B2:16)-(71/81_C2:19)-(81_A2:16)-(82_1:6)-"},"styleUrl":"#icon-1739-E65100","icon-scale":1,"icon":"images/icon-1.png","descripción":"Código: 2307\nCoordenadas: -41.1553298 -71.3169829\nGarita: 1\nCartel: \nObservaciones: \nConexiones: (71/81_A2:16)-(71/81_B2:16)-(71/81_C2:19)-(81_A2:16)-(82_1:6)-","Código":"2307","Coordenadas":"-41.1553298 -71.3169829","Garita":"1.0","Cartel":"","Observaciones":"","Conexiones":"(71/81_A2:16)-(71/81_B2:16)-(71/81_C2:19)-(81_A2:16)-(82_1:6)-"}},
{"type":"Feature","geometry":{"type":"Point","coordinates":[-71.316011,-41.153307,0]},"properties":{"name":"Pje. Gutiérrez y Basilea -b","description":{"@type":"html","value":"descripción: Código: 2308<br>Coordenadas: -41.1533067 -71.3160113<br>Garita: 1<br>Cartel: <br>Observaciones: <br>Conexiones: (71/81_A2:17)-(71/81_B2:17)-(71/81_C2:20)-(80_2:17)-(81_A2:17)-(81_B2:34)-(82_1:7)-<br>Código: 2308<br>Coordenadas: -41.1533067 -71.3160113<br>Garita: 1.0<br>Cartel: <br>Observaciones: <br>Conexiones: (71/81_A2:17)-(71/81_B2:17)-(71/81_C2:20)-(80_2:17)-(81_A2:17)-(81_B2:34)-(82_1:7)-"},"styleUrl":"#icon-1739-E65100","icon-scale":1,"icon":"images/icon-1.png","descripción":"Código: 2308\nCoordenadas: -41.1533067 -71.3160113\nGarita: 1\nCartel: \nObservaciones: \nConexiones: (71/81_A2:17)-(71/81_B2:17)-(71/81_C2:20)-(80_2:17)-(81_A2:17)-(81_B2:34)-(82_1:7)-","Código":"2308","Coordenadas":"-41.1533067 -71.3160113","Garita":"1.0","Cartel":"","Observaciones":"","Conexiones":"(71/81_A2:17)-(71/81_B2:17)-(71/81_C2:20)-(80_2:17)-(81_A2:17)-(81_B2:34)-(82_1:7)-"}},
{"type":"Feature","geometry":{"type":"Point","coordinates":[-71.314757,-41.151002,0]},"properties":{"name":"Pje. Gutiérrez y Rotonda","description":{"@type":"html","value":"descripción: Código: 2309<br>Coordenadas: -41.1510021 -71.3147567<br>Garita: <br>Cartel: <br>Observaciones: <br>Conexiones: (82_1:8)-<br>Código: 2309<br>Coordenadas: -41.1510021 -71.3147567<br>Garita: <br>Cartel: <br>Observaciones: <br>Conexiones: (82_1:8)-"},"styleUrl":"#icon-1739-E65100","icon-scale":1,"icon":"images/icon-1.png","descripción":"Código: 2309\nCoordenadas: -41.1510021 -71.3147567\nGarita: \nCartel: \nObservaciones: \nConexiones: (82_1:8)-","Código":"2309","Coordenadas":"-41.1510021 -71.3147567","Garita":"","Cartel":"","Observaciones":"","Conexiones":"(82_1:8)-"}},
{"type":"Feature","geometry":{"type":"Point","coordinates":[-71.307588,-41.147335,0]},"properties":{"name":"Alte. Brown y Rolando","description":{"@type":"html","value":"descripción: Código: 2313<br>Coordenadas: -41.1473349 -71.3075879<br>Garita: 1<br>Cartel: <br>Observaciones: <br>Conexiones: (70_1:13)-(82_1:12)-<br>Código: 2313<br>Coordenadas: -41.1473349 -71.3075879<br>Garita: 1.0<br>Cartel: <br>Observaciones: <br>Conexiones: (70_1:13)-(82_1:12)-"},"styleUrl":"#icon-1739-E65100","icon-scale":1,"icon":"images/icon-1.png","descripción":"Código: 2313\nCoordenadas: -41.1473349 -71.3075879\nGarita: 1\nCartel: \nObservaciones: \nConexiones: (70_1:13)-(82_1:12)-","Código":"2313","Coordenadas":"-41.1473349 -71.3075879","Garita":"1.0","Cartel":"","Observaciones":"","Conexiones":"(70_1:13)-(82_1:12)-"}},
{"type":"Feature","geometry":{"type":"Point","coordinates":[-71.307164,-41.143551,0]},"properties":{"name":"Rolando y Santa Cruz -b","description":{"@type":"html","value":"descripción: Código: 2315<br>Coordenadas: -41.1435512 -71.3071645<br>Garita: <br>Cartel: <br>Observaciones: <br>Conexiones: (82_1:14)-<br>Código: 2315<br>Coordenadas: -41.1435512 -71.3071645<br>Garita: <br>Cartel: <br>Observaciones: <br>Conexiones: (82_1:14)-"},"styleUrl":"#icon-1739-E65100","icon-scale":1,"icon":"images/icon-1.png","descripción":"Código: 2315\nCoordenadas: -41.1435512 -71.3071645\nGarita: \nCartel: \nObservaciones: \nConexiones: (82_1:14)-","Código":"2315","Coordenadas":"-41.1435512 -71.3071645","Garita":"","Cartel":"","Observaciones":"","Conexiones":"(82_1:14)-"}},
{"type":"Feature","geometry":{"type":"Point","coordinates":[-71.306764,-41.141686,0]},"properties":{"name":"Rolando y Fagnano","description":{"@type":"html","value":"descripción: Código: 2316<br>Coordenadas: -41.1416863 -71.3067644<br>Garita: <br>Cartel: <br>Observaciones: <br>Conexiones: (82_1:15)-<br>Código: 2316<br>Coordenadas: -41.1416863 -71.3067644<br>Garita: <br>Cartel: <br>Observaciones: <br>Conexiones: (82_1:15)-"},"styleUrl":"#icon-1739-E65100","icon-scale":1,"icon":"images/icon-1.png","descripción":"Código: 2316\nCoordenadas: -41.1416863 -71.3067644\nGarita: \nCartel: \nObservaciones: \nConexiones: (82_1:15)-","Código":"2316","Coordenadas":"-41.1416863 -71.3067644","Garita":"","Cartel":"","Observaciones":"","Conexiones":"(82_1:15)-"}},
{"type":"Feature","geometry":{"type":"Point","coordinates":[-71.306406,-41.139561,0]},"properties":{"name":"Rolando y Santiago Albarracín","description":{"@type":"html","value":"descripción: Código: 2317<br>Coordenadas: -41.1395612 -71.3064059<br>Garita: <br>Cartel: <br>Observaciones: <br>Conexiones: (82_1:16)-<br>Código: 2317<br>Coordenadas: -41.1395612 -71.3064059<br>Garita: <br>Cartel: <br>Observaciones: <br>Conexiones: (82_1:16)-"},"styleUrl":"#icon-1739-E65100","icon-scale":1,"icon":"images/icon-1.png","descripción":"Código: 2317\nCoordenadas: -41.1395612 -71.3064059\nGarita: \nCartel: \nObservaciones: \nConexiones: (82_1:16)-","Código":"2317","Coordenadas":"-41.1395612 -71.3064059","Garita":"","Cartel":"","Observaciones":"","Conexiones":"(82_1:16)-"}},
{"type":"Feature","geometry":{"type":"Point","coordinates":[-71.283463,-41.132691,0]},"properties":{"name":"Av. 12 de Octubre y Esandi","description":{"@type":"html","value":"descripción: Código: 2327<br>Coordenadas: -41.1326912 -71.2834626<br>Garita: 1<br>Cartel: <br>Observaciones: <br>Conexiones: (10_A2:71)-(10_B2:72)-(10_C2:81)-(13/22_A2:74)-(20_2:73)-(21_2:55)-(55_2:48)-(60_1:39)-(61_A1:11)-(71/81_A2:40)-(71/81_B2:40)-(71/81_C2:41)-(72_1:10)-(82_1:26)-<br>Código: 2327<br>Coordenadas: -41.1326912 -71.2834626<br>Garita: 1.0<br>Cartel: <br>Observaciones: <br>Conexiones: (10_A2:71)-(10_B2:72)-(10_C2:81)-(13/22_A2:74)-(20_2:73)-(21_2:55)-(55_2:48)-(60_1:39)-(61_A1:11)-(71/81_A2:40)-(71/81_B2:40)-(71/81_C2:41)-(72_1:10)-(82_1:26)-"},"styleUrl":"#icon-1739-E65100","icon-scale":1,"icon":"images/icon-1.png","descripción":"Código: 2327\nCoordenadas: -41.1326912 -71.2834626\nGarita: 1\nCartel: \nObservaciones: \nConexiones: (10_A2:71)-(10_B2:72)-(10_C2:81)-(13/22_A2:74)-(20_2:73)-(21_2:55)-(55_2:48)-(60_1:39)-(61_A1:11)-(71/81_A2:40)-(71/81_B2:40)-(71/81_C2:41)-(72_1:10)-(82_1:26)-","Código":"2327","Coordenadas":"-41.1326912 -71.2834626","Garita":"1.0","Cartel":"","Observaciones":"","Conexiones":"(10_A2:71)-(10_B2:72)-(10_C2:81)-(13/22_A2:74)-(20_2:73)-(21_2:55)-(55_2:48)-(60_1:39)-(61_A1:11)-(71/81_A2:40)-(71/81_B2:40)-(71/81_C2:41)-(72_1:10)-(82_1:26)-"}},
{"type":"Feature","geometry":{"type":"Point","coordinates":[-71.276887,-41.131289,0]},"properties":{"name":"Av. 12 de Octubre y Almafuerte","description":{"@type":"html","value":"descripción: Código: 2329<br>Coordenadas: -41.1312893 -71.2768872<br>Garita: <br>Cartel: 1<br>Observaciones: <br>Conexiones: (10_A2:73)-(10_B2:74)-(10_C2:84)-(72_1:12)-(82_1:28)-<br>Código: 2329<br>Coordenadas: -41.1312893 -71.2768872<br>Garita: <br>Cartel: 1.0<br>Observaciones: <br>Conexiones: (10_A2:73)-(10_B2:74)-(10_C2:84)-(72_1:12)-(82_1:28)-"},"styleUrl":"#icon-1739-E65100","icon-scale":1,"icon":"images/icon-1.png","descripción":"Código: 2329\nCoordenadas: -41.1312893 -71.2768872\nGarita: \nCartel: 1\nObservaciones: \nConexiones: (10_A2:73)-(10_B2:74)-(10_C2:84)-(72_1:12)-(82_1:28)-","Código":"2329","Coordenadas":"-41.1312893 -71.2768872","Garita":"","Cartel":"1.0","Observaciones":"","Conexiones":"(10_A2:73)-(10_B2:74)-(10_C2:84)-(72_1:12)-(82_1:28)-"}},
{"type":"Feature","geometry":{"type":"Point","coordinates":[-71.272856,-41.131544,0]},"properties":{"name":"Almafuerte y Guido Spano","description":{"@type":"html","value":"descripción: Código: 2330<br>Coordenadas: -41.1315439 -71.2728556<br>Garita: <br>Cartel: 1<br>Observaciones: <br>Conexiones: (82_1:29)-<br>Código: 2330<br>Coordenadas: -41.1315439 -71.2728556<br>Garita: <br>Cartel: 1.0<br>Observaciones: <br>Conexiones: (82_1:29)-"},"styleUrl":"#icon-1739-E65100","icon-scale":1,"icon":"images/icon-1.png","descripción":"Código: 2330\nCoordenadas: -41.1315439 -71.2728556\nGarita: \nCartel: 1\nObservaciones: \nConexiones: (82_1:29)-","Código":"2330","Coordenadas":"-41.1315439 -71.2728556","Garita":"","Cartel":"1.0","Observaciones":"","Conexiones":"(82_1:29)-"}},
{"type":"Feature","geometry":{"type":"Point","coordinates":[-71.271454,-41.132879,0]},"properties":{"name":"Ricardo Güiraldes y Rafael Obligado","description":{"@type":"html","value":"descripción: Código: 2331<br>Coordenadas: -41.1328792 -71.2714536<br>Garita: 1<br>Cartel: <br>Observaciones: <br>Conexiones: (82_1:30)-<br>Código: 2331<br>Coordenadas: -41.1328792 -71.2714536<br>Garita: 1.0<br>Cartel: <br>Observaciones: <br>Conexiones: (82_1:30)-"},"styleUrl":"#icon-1739-E65100","icon-scale":1,"icon":"images/icon-1.png","descripción":"Código: 2331\nCoordenadas: -41.1328792 -71.2714536\nGarita: 1\nCartel: \nObservaciones: \nConexiones: (82_1:30)-","Código":"2331","Coordenadas":"-41.1328792 -71.2714536","Garita":"1.0","Cartel":"","Observaciones":"","Conexiones":"(82_1:30)-"}},
{"type":"Feature","geometry":{"type":"Point","coordinates":[-71.269577,-41.132758,0]},"properties":{"name":"Ricardo Güiraldes y Alfonsina Storni","description":{"@type":"html","value":"descripción: Código: 2332<br>Coordenadas: -41.1327585 -71.2695774<br>Garita: 1<br>Cartel: <br>Observaciones: <br>Conexiones: (82_1:31)-<br>Código: 2332<br>Coordenadas: -41.1327585 -71.2695774<br>Garita: 1.0<br>Cartel: <br>Observaciones: <br>Conexiones: (82_1:31)-"},"styleUrl":"#icon-1739-E65100","icon-scale":1,"icon":"images/icon-1.png","descripción":"Código: 2332\nCoordenadas: -41.1327585 -71.2695774\nGarita: 1\nCartel: \nObservaciones: \nConexiones: (82_1:31)-","Código":"2332","Coordenadas":"-41.1327585 -71.2695774","Garita":"1.0","Cartel":"","Observaciones":"","Conexiones":"(82_1:31)-"}},
{"type":"Feature","geometry":{"type":"Point","coordinates":[-71.268362,-41.132291,0]},"properties":{"name":"La Florida y C.J.Hernández","description":{"@type":"html","value":"descripción: Código: 2333<br>Coordenadas: -41.132291 -71.2683625<br>Garita: <br>Cartel: <br>Observaciones: <br>Conexiones: (82_2:1)-<br>Código: 2333<br>Coordenadas: -41.132291 -71.2683625<br>Garita: <br>Cartel: <br>Observaciones: <br>Conexiones: (82_2:1)-"},"styleUrl":"#icon-1739-E65100","icon-scale":1,"icon":"images/icon-1.png","descripción":"Código: 2333\nCoordenadas: -41.132291 -71.2683625\nGarita: \nCartel: \nObservaciones: \nConexiones: (82_2:1)-","Código":"2333","Coordenadas":"-41.132291 -71.2683625","Garita":"","Cartel":"","Observaciones":"","Conexiones":"(82_2:1)-"}},
{"type":"Feature","geometry":{"type":"Point","coordinates":[-71.265365,-41.131598,0]},"properties":{"name":"La Florida y Riobamba","description":{"@type":"html","value":"descripción: Código: 2334<br>Coordenadas: -41.1315979 -71.2653647<br>Garita: 1<br>Cartel: <br>Observaciones: <br>Conexiones: (82_2:2)-<br>Código: 2334<br>Coordenadas: -41.1315979 -71.2653647<br>Garita: 1.0<br>Cartel: <br>Observaciones: <br>Conexiones: (82_2:2)-"},"styleUrl":"#icon-1739-E65100","icon-scale":1,"icon":"images/icon-1.png","descripción":"Código: 2334\nCoordenadas: -41.1315979 -71.2653647\nGarita: 1\nCartel: \nObservaciones: \nConexiones: (82_2:2)-","Código":"2334","Coordenadas":"-41.1315979 -71.2653647","Garita":"1.0","Cartel":"","Observaciones":"","Conexiones":"(82_2:2)-"}},
{"type":"Feature","geometry":{"type":"Point","coordinates":[-71.262718,-41.131584,0]},"properties":{"name":"La Florida y Batalla de Ituzaingó","description":{"@type":"html","value":"descripción: Código: 2335<br>Coordenadas: -41.1315841 -71.2627183<br>Garita: <br>Cartel: <br>Observaciones: <br>Conexiones: (82_2:3)-<br>Código: 2335<br>Coordenadas: -41.1315841 -71.2627183<br>Garita: <br>Cartel: <br>Observaciones: <br>Conexiones: (82_2:3)-"},"styleUrl":"#icon-1739-E65100","icon-scale":1,"icon":"images/icon-1.png","descripción":"Código: 2335\nCoordenadas: -41.1315841 -71.2627183\nGarita: \nCartel: \nObservaciones: \nConexiones: (82_2:3)-","Código":"2335","Coordenadas":"-41.1315841 -71.2627183","Garita":"","Cartel":"","Observaciones":"","Conexiones":"(82_2:3)-"}},
{"type":"Feature","geometry":{"type":"Point","coordinates":[-71.260626,-41.133008,0]},"properties":{"name":"Av. Las Victorias y Combate de Los Pozos -a","description":{"@type":"html","value":"descripción: Código: 2337<br>Coordenadas: -41.1330084 -71.2606257<br>Garita: <br>Cartel: 1<br>Observaciones: <br>Conexiones: (82_2:4)-<br>Código: 2337<br>Coordenadas: -41.1330084 -71.2606257<br>Garita: <br>Cartel: 1.0<br>Observaciones: <br>Conexiones: (82_2:4)-"},"styleUrl":"#icon-1739-E65100","icon-scale":1,"icon":"images/icon-1.png","descripción":"Código: 2337\nCoordenadas: -41.1330084 -71.2606257\nGarita: \nCartel: 1\nObservaciones: \nConexiones: (82_2:4)-","Código":"2337","Coordenadas":"-41.1330084 -71.2606257","Garita":"","Cartel":"1.0","Observaciones":"","Conexiones":"(82_2:4)-"}},
{"type":"Feature","geometry":{"type":"Point","coordinates":[-71.260355,-41.134755,0]},"properties":{"name":"Av. Las Victorias y Carmen de Patagones","description":{"@type":"html","value":"descripción: Código: 2338<br>Coordenadas: -41.1347547 -71.2603554<br>Garita: <br>Cartel: <br>Observaciones: <br>Conexiones: (82_2:5)-<br>Código: 2338<br>Coordenadas: -41.1347547 -71.2603554<br>Garita: <br>Cartel: <br>Observaciones: <br>Conexiones: (82_2:5)-"},"styleUrl":"#icon-1739-E65100","icon-scale":1,"icon":"images/icon-1.png","descripción":"Código: 2338\nCoordenadas: -41.1347547 -71.2603554\nGarita: \nCartel: \nObservaciones: \nConexiones: (82_2:5)-","Código":"2338","Coordenadas":"-41.1347547 -71.2603554","Garita":"","Cartel":"","Observaciones":"","Conexiones":"(82_2:5)-"}},
{"type":"Feature","geometry":{"type":"Point","coordinates":[-71.259771,-41.139698,0]},"properties":{"name":"Av. Las Victorias y Arroyo de la China -a","description":{"@type":"html","value":"descripción: Código: 2340<br>Coordenadas: -41.1396982 -71.2597713<br>Garita: 1<br>Cartel: <br>Observaciones: <br>Conexiones: (82_2:6)-<br>Código: 2340<br>Coordenadas: -41.1396982 -71.2597713<br>Garita: 1.0<br>Cartel: <br>Observaciones: <br>Conexiones: (82_2:6)-"},"styleUrl":"#icon-1739-E65100","icon-scale":1,"icon":"images/icon-1.png","descripción":"Código: 2340\nCoordenadas: -41.1396982 -71.2597713\nGarita: 1\nCartel: \nObservaciones: \nConexiones: (82_2:6)-","Código":"2340","Coordenadas":"-41.1396982 -71.2597713","Garita":"1.0","Cartel":"","Observaciones":"","Conexiones":"(82_2:6)-"}},
{"type":"Feature","geometry":{"type":"Point","coordinates":[-71.261329,-41.143151,0]},"properties":{"name":"Av. Las Victorias y Curapalihue -a","description":{"@type":"html","value":"descripción: Código: 2341<br>Coordenadas: -41.143151 -71.2613292<br>Garita: 1<br>Cartel: <br>Observaciones: <br>Conexiones: (82_2:7)-<br>Código: 2341<br>Coordenadas: -41.143151 -71.2613292<br>Garita: 1.0<br>Cartel: <br>Observaciones: <br>Conexiones: (82_2:7)-"},"styleUrl":"#icon-1739-E65100","icon-scale":1,"icon":"images/icon-1.png","descripción":"Código: 2341\nCoordenadas: -41.143151 -71.2613292\nGarita: 1\nCartel: \nObservaciones: \nConexiones: (82_2:7)-","Código":"2341","Coordenadas":"-41.143151 -71.2613292","Garita":"1.0","Cartel":"","Observaciones":"","Conexiones":"(82_2:7)-"}},
{"type":"Feature","geometry":{"type":"Point","coordinates":[-71.261251,-41.144969,0]},"properties":{"name":"Av. Las Victorias y Carabobo -a","description":{"@type":"html","value":"descripción: Código: 2342<br>Coordenadas: -41.1449694 -71.2612511<br>Garita: <br>Cartel: <br>Observaciones: <br>Conexiones: (82_2:8)-<br>Código: 2342<br>Coordenadas: -41.1449694 -71.2612511<br>Garita: <br>Cartel: <br>Observaciones: <br>Conexiones: (82_2:8)-"},"styleUrl":"#icon-1739-E65100","icon-scale":1,"icon":"images/icon-1.png","descripción":"Código: 2342\nCoordenadas: -41.1449694 -71.2612511\nGarita: \nCartel: \nObservaciones: \nConexiones: (82_2:8)-","Código":"2342","Coordenadas":"-41.1449694 -71.2612511","Garita":"","Cartel":"","Observaciones":"","Conexiones":"(82_2:8)-"}},
{"type":"Feature","geometry":{"type":"Point","coordinates":[-71.260947,-41.147231,0]},"properties":{"name":"Av. Las Victorias y Bacacay -a","description":{"@type":"html","value":"descripción: Código: 2343<br>Coordenadas: -41.1472312 -71.2609471<br>Garita: <br>Cartel: 1<br>Observaciones: <br>Conexiones: (82_2:9)-<br>Código: 2343<br>Coordenadas: -41.1472312 -71.2609471<br>Garita: <br>Cartel: 1.0<br>Observaciones: <br>Conexiones: (82_2:9)-"},"styleUrl":"#icon-1739-E65100","icon-scale":1,"icon":"images/icon-1.png","descripción":"Código: 2343\nCoordenadas: -41.1472312 -71.2609471\nGarita: \nCartel: 1\nObservaciones: \nConexiones: (82_2:9)-","Código":"2343","Coordenadas":"-41.1472312 -71.2609471","Garita":"","Cartel":"1.0","Observaciones":"","Conexiones":"(82_2:9)-"}},
{"type":"Feature","geometry":{"type":"Point","coordinates":[-71.264802,-41.148716,0]},"properties":{"name":"Esandi - Obrador","description":{"@type":"html","value":"descripción: Código: 2346<br>Coordenadas: -41.1487162 -71.2648017<br>Garita: <br>Cartel: <br>Observaciones: <br>Conexiones: (82_2:10)-<br>Código: 2346<br>Coordenadas: -41.1487162 -71.2648017<br>Garita: <br>Cartel: <br>Observaciones: <br>Conexiones: (82_2:10)-"},"styleUrl":"#icon-1739-E65100","icon-scale":1,"icon":"images/icon-1.png","descripción":"Código: 2346\nCoordenadas: -41.1487162 -71.2648017\nGarita: \nCartel: \nObservaciones: \nConexiones: (82_2:10)-","Código":"2346","Coordenadas":"-41.1487162 -71.2648017","Garita":"","Cartel":"","Observaciones":"","Conexiones":"(82_2:10)-"}},
{"type":"Feature","geometry":{"type":"Point","coordinates":[-71.267204,-41.148166,0]},"properties":{"name":"Destacamento 2 Bomberos Voluntarios","description":{"@type":"html","value":"descripción: Código: 2347<br>Coordenadas: -41.1481655 -71.2672045<br>Garita: 1<br>Cartel: <br>Observaciones: <br>Conexiones: (70_1:48)-(82_2:11)-<br>Código: 2347<br>Coordenadas: -41.1481655 -71.2672045<br>Garita: 1.0<br>Cartel: <br>Observaciones: <br>Conexiones: (70_1:48)-(82_2:11)-"},"styleUrl":"#icon-1739-E65100","icon-scale":1,"icon":"images/icon-1.png","descripción":"Código: 2347\nCoordenadas: -41.1481655 -71.2672045\nGarita: 1\nCartel: \nObservaciones: \nConexiones: (70_1:48)-(82_2:11)-","Código":"2347","Coordenadas":"-41.1481655 -71.2672045","Garita":"1.0","Cartel":"","Observaciones":"","Conexiones":"(70_1:48)-(82_2:11)-"}},
{"type":"Feature","geometry":{"type":"Point","coordinates":[-71.268309,-41.148947,0]},"properties":{"name":"Miami y San Pablo","description":{"@type":"html","value":"descripción: Código: 2348<br>Coordenadas: -41.1489472 -71.2683087<br>Garita: <br>Cartel: <br>Observaciones: <br>Conexiones: (82_2:12)-<br>Código: 2348<br>Coordenadas: -41.1489472 -71.2683087<br>Garita: <br>Cartel: <br>Observaciones: <br>Conexiones: (82_2:12)-"},"styleUrl":"#icon-1739-E65100","icon-scale":1,"icon":"images/icon-1.png","descripción":"Código: 2348\nCoordenadas: -41.1489472 -71.2683087\nGarita: \nCartel: \nObservaciones: \nConexiones: (82_2:12)-","Código":"2348","Coordenadas":"-41.1489472 -71.2683087","Garita":"","Cartel":"","Observaciones":"","Conexiones":"(82_2:12)-"}},
{"type":"Feature","geometry":{"type":"Point","coordinates":[-71.275251,-41.144682,0]},"properties":{"name":"San José de Costa Rica y México","description":{"@type":"html","value":"descripción: Código: 2352<br>Coordenadas: -41.1446817 -71.2752508<br>Garita: 1<br>Cartel: <br>Observaciones: <br>Conexiones: (60_2:12)-(82_2:13)-<br>Código: 2352<br>Coordenadas: -41.1446817 -71.2752508<br>Garita: 1.0<br>Cartel: <br>Observaciones: <br>Conexiones: (60_2:12)-(82_2:13)-"},"styleUrl":"#icon-1739-E65100","icon-scale":1,"icon":"images/icon-1.png","descripción":"Código: 2352\nCoordenadas: -41.1446817 -71.2752508\nGarita: 1\nCartel: \nObservaciones: \nConexiones: (60_2:12)-(82_2:13)-","Código":"2352","Coordenadas":"-41.1446817 -71.2752508","Garita":"1.0","Cartel":"","Observaciones":"","Conexiones":"(60_2:12)-(82_2:13)-"}},
{"type":"Feature","geometry":{"type":"Point","coordinates":[-71.276819,-41.145461,0]},"properties":{"name":"México y Paramaribo","description":{"@type":"html","value":"descripción: Código: 2353<br>Coordenadas: -41.1454609 -71.2768191<br>Garita: <br>Cartel: <br>Observaciones: <br>Conexiones: (60_2:13)-(82_2:14)-<br>Código: 2353<br>Coordenadas: -41.1454609 -71.2768191<br>Garita: <br>Cartel: <br>Observaciones: <br>Conexiones: (60_2:13)-(82_2:14)-"},"styleUrl":"#icon-1739-E65100","icon-scale":1,"icon":"images/icon-1.png","descripción":"Código: 2353\nCoordenadas: -41.1454609 -71.2768191\nGarita: \nCartel: \nObservaciones: \nConexiones: (60_2:13)-(82_2:14)-","Código":"2353","Coordenadas":"-41.1454609 -71.2768191","Garita":"","Cartel":"","Observaciones":"","Conexiones":"(60_2:13)-(82_2:14)-"}},
{"type":"Feature","geometry":{"type":"Point","coordinates":[-71.277856,-41.145811,0]},"properties":{"name":"Monteverde y México -b","description":{"@type":"html","value":"descripción: Código: 2354<br>Coordenadas: -41.1458107 -71.2778558<br>Garita: 1<br>Cartel: <br>Observaciones: <br>Conexiones: (60_2:14)-(82_2:15)-<br>Código: 2354<br>Coordenadas: -41.1458107 -71.2778558<br>Garita: 1.0<br>Cartel: <br>Observaciones: <br>Conexiones: (60_2:14)-(82_2:15)-"},"styleUrl":"#icon-1739-E65100","icon-scale":1,"icon":"images/icon-1.png","descripción":"Código: 2354\nCoordenadas: -41.1458107 -71.2778558\nGarita: 1\nCartel: \nObservaciones: \nConexiones: (60_2:14)-(82_2:15)-","Código":"2354","Coordenadas":"-41.1458107 -71.2778558","Garita":"1.0","Cartel":"","Observaciones":"","Conexiones":"(60_2:14)-(82_2:15)-"}},
{"type":"Feature","geometry":{"type":"Point","coordinates":[-71.278783,-41.142726,0]},"properties":{"name":"Monteverde y Buenos Aires -b","description":{"@type":"html","value":"descripción: Código: 2355<br>Coordenadas: -41.1427264 -71.2787832<br>Garita: <br>Cartel: <br>Observaciones: <br>Conexiones: (82_2:16)-<br>Código: 2355<br>Coordenadas: -41.1427264 -71.2787832<br>Garita: <br>Cartel: <br>Observaciones: <br>Conexiones: (82_2:16)-"},"styleUrl":"#icon-1739-E65100","icon-scale":1,"icon":"images/icon-1.png","descripción":"Código: 2355\nCoordenadas: -41.1427264 -71.2787832\nGarita: \nCartel: \nObservaciones: \nConexiones: (82_2:16)-","Código":"2355","Coordenadas":"-41.1427264 -71.2787832","Garita":"","Cartel":"","Observaciones":"","Conexiones":"(82_2:16)-"}},
{"type":"Feature","geometry":{"type":"Point","coordinates":[-71.278184,-41.139406,0]},"properties":{"name":"Monteverde y Guatemala","description":{"@type":"html","value":"descripción: Código: 2356<br>Coordenadas: -41.139406 -71.278184<br>Garita: <br>Cartel: <br>Observaciones: <br>Conexiones: (82_2:17)-<br>Código: 2356<br>Coordenadas: -41.139406 -71.278184<br>Garita: <br>Cartel: <br>Observaciones: <br>Conexiones: (82_2:17)-"},"styleUrl":"#icon-1739-E65100","icon-scale":1,"icon":"images/icon-1.png","descripción":"Código: 2356\nCoordenadas: -41.139406 -71.278184\nGarita: \nCartel: \nObservaciones: \nConexiones: (82_2:17)-","Código":"2356","Coordenadas":"-41.139406 -71.278184","Garita":"","Cartel":"","Observaciones":"","Conexiones":"(82_2:17)-"}},
{"type":"Feature","geometry":{"type":"Point","coordinates":[-71.279889,-41.131962,0]},"properties":{"name":"Av. 12 de Octubre - Corralón","description":{"@type":"html","value":"descripción: Código: 2359<br>Coordenadas: -41.1319623 -71.2798886<br>Garita: <br>Cartel: <br>Observaciones: <br>Conexiones: (10_A2:74)-(10_C2:83)-<br>Código: 2359<br>Coordenadas: -41.1319623 -71.2798886<br>Garita: <br>Cartel: <br>Observaciones: <br>Conexiones: (10_A2:74)-(10_C2:83)-"},"styleUrl":"#icon-1739-E65100","icon-scale":1,"icon":"images/icon-1.png","descripción":"Código: 2359\nCoordenadas: -41.1319623 -71.2798886\nGarita: \nCartel: \nObservaciones: \nConexiones: (10_A2:74)-(10_C2:83)-","Código":"2359","Coordenadas":"-41.1319623 -71.2798886","Garita":"","Cartel":"","Observaciones":"","Conexiones":"(10_A2:74)-(10_C2:83)-"}},
{"type":"Feature","geometry":{"type":"Point","coordinates":[-71.294116,-41.135537,0]},"properties":{"name":"Diag. Capraro y Ruíz Moreno -a","description":{"@type":"html","value":"descripción: Código: 2363<br>Coordenadas: -41.1355369 -71.2941159<br>Garita: 1<br>Cartel: <br>Observaciones: <br>Conexiones: (10_A1:5)-(10_B1:5)-(10_C1:5)-(13/22_A1:4)-(20_1:5)-(21_1:5)-(55_1:5)-(60_2:28)-(61_A1:16)-(70_2:15)-(71/81_A1:5)-(71/81_B1:22)-(71/81_C1:22)-(72_2:19)-(82_2:23)-<br>Código: 2363<br>Coordenadas: -41.1355369 -71.2941159<br>Garita: 1.0<br>Cartel: <br>Observaciones: <br>Conexiones: (10_A1:5)-(10_B1:5)-(10_C1:5)-(13/22_A1:4)-(20_1:5)-(21_1:5)-(55_1:5)-(60_2:28)-(61_A1:16)-(70_2:15)-(71/81_A1:5)-(71/81_B1:22)-(71/81_C1:22)-(72_2:19)-(82_2:23)-"},"styleUrl":"#icon-1739-E65100","icon-scale":1,"icon":"images/icon-1.png","descripción":"Código: 2363\nCoordenadas: -41.1355369 -71.2941159\nGarita: 1\nCartel: \nObservaciones: \nConexiones: (10_A1:5)-(10_B1:5)-(10_C1:5)-(13/22_A1:4)-(20_1:5)-(21_1:5)-(55_1:5)-(60_2:28)-(61_A1:16)-(70_2:15)-(71/81_A1:5)-(71/81_B1:22)-(71/81_C1:22)-(72_2:19)-(82_2:23)-","Código":"2363","Coordenadas":"-41.1355369 -71.2941159","Garita":"1.0","Cartel":"","Observaciones":"","Conexiones":"(10_A1:5)-(10_B1:5)-(10_C1:5)-(13/22_A1:4)-(20_1:5)-(21_1:5)-(55_1:5)-(60_2:28)-(61_A1:16)-(70_2:15)-(71/81_A1:5)-(71/81_B1:22)-(71/81_C1:22)-(72_2:19)-(82_2:23)-"}},
{"type":"Feature","geometry":{"type":"Point","coordinates":[-71.302258,-41.139476,0]},"properties":{"name":"Frey y Santiago Albarracín","description":{"@type":"html","value":"descripción: Código: 2406<br>Coordenadas: -41.1394762 -71.302258<br>Garita: 1<br>Cartel: <br>Observaciones: <br>Conexiones: (71/81_A1:13)-(71/81_B1:30)-(71/81_C1:30)-(80_1:8)-(81_A1:7)-(81_B1:7)-(82_2:29)-<br>Código: 2406<br>Coordenadas: -41.1394762 -71.302258<br>Garita: 1.0<br>Cartel: <br>Observaciones: <br>Conexiones: (71/81_A1:13)-(71/81_B1:30)-(71/81_C1:30)-(80_1:8)-(81_A1:7)-(81_B1:7)-(82_2:29)-"},"styleUrl":"#icon-1739-E65100","icon-scale":1,"icon":"images/icon-1.png","descripción":"Código: 2406\nCoordenadas: -41.1394762 -71.302258\nGarita: 1\nCartel: \nObservaciones: \nConexiones: (71/81_A1:13)-(71/81_B1:30)-(71/81_C1:30)-(80_1:8)-(81_A1:7)-(81_B1:7)-(82_2:29)-","Código":"2406","Coordenadas":"-41.1394762 -71.302258","Garita":"1.0","Cartel":"","Observaciones":"","Conexiones":"(71/81_A1:13)-(71/81_B1:30)-(71/81_C1:30)-(80_1:8)-(81_A1:7)-(81_B1:7)-(82_2:29)-"}},
{"type":"Feature","geometry":{"type":"Point","coordinates":[-71.303941,-41.13953,0]},"properties":{"name":"Santiago Albarracín y Palacios","description":{"@type":"html","value":"descripción: Código: 2407<br>Coordenadas: -41.1395295 -71.303941<br>Garita: <br>Cartel: 1<br>Observaciones: <br>Conexiones: (82_2:30)-<br>Código: 2407<br>Coordenadas: -41.1395295 -71.303941<br>Garita: <br>Cartel: 1.0<br>Observaciones: <br>Conexiones: (82_2:30)-"},"styleUrl":"#icon-1739-E65100","icon-scale":1,"icon":"images/icon-1.png","descripción":"Código: 2407\nCoordenadas: -41.1395295 -71.303941\nGarita: \nCartel: 1\nObservaciones: \nConexiones: (82_2:30)-","Código":"2407","Coordenadas":"-41.1395295 -71.303941","Garita":"","Cartel":"1.0","Observaciones":"","Conexiones":"(82_2:30)-"}},
{"type":"Feature","geometry":{"type":"Point","coordinates":[-71.306162,-41.139275,0]},"properties":{"name":"Santiago Albarracín y Rolando","description":{"@type":"html","value":"descripción: Código: 2408<br>Coordenadas: -41.139275 -71.306162<br>Garita: <br>Cartel: 1<br>Observaciones: <br>Conexiones: (82_2:31)-<br>Código: 2408<br>Coordenadas: -41.139275 -71.306162<br>Garita: <br>Cartel: 1.0<br>Observaciones: <br>Conexiones: (82_2:31)-"},"styleUrl":"#icon-1739-E65100","icon-scale":1,"icon":"images/icon-1.png","descripción":"Código: 2408\nCoordenadas: -41.139275 -71.306162\nGarita: \nCartel: 1\nObservaciones: \nConexiones: (82_2:31)-","Código":"2408","Coordenadas":"-41.139275 -71.306162","Garita":"","Cartel":"1.0","Observaciones":"","Conexiones":"(82_2:31)-"}},
{"type":"Feature","geometry":{"type":"Point","coordinates":[-71.30821,-41.140577,0]},"properties":{"name":"Fagnano y Anasagasti","description":{"@type":"html","value":"descripción: Código: 2409<br>Coordenadas: -41.1405771 -71.3082102<br>Garita: <br>Cartel: 1<br>Observaciones: <br>Conexiones: (82_2:32)-<br>Código: 2409<br>Coordenadas: -41.1405771 -71.3082102<br>Garita: <br>Cartel: 1.0<br>Observaciones: <br>Conexiones: (82_2:32)-"},"styleUrl":"#icon-1739-E65100","icon-scale":1,"icon":"images/icon-1.png","descripción":"Código: 2409\nCoordenadas: -41.1405771 -71.3082102\nGarita: \nCartel: 1\nObservaciones: \nConexiones: (82_2:32)-","Código":"2409","Coordenadas":"-41.1405771 -71.3082102","Garita":"","Cartel":"1.0","Observaciones":"","Conexiones":"(82_2:32)-"}},
{"type":"Feature","geometry":{"type":"Point","coordinates":[-71.307371,-41.14358,0]},"properties":{"name":"Rolando y Santa Cruz -a","description":{"@type":"html","value":"descripción: Código: 2411<br>Coordenadas: -41.1435797 -71.3073712<br>Garita: <br>Cartel: <br>Observaciones: <br>Conexiones: (82_2:33)-<br>Código: 2411<br>Coordenadas: -41.1435797 -71.3073712<br>Garita: <br>Cartel: <br>Observaciones: <br>Conexiones: (82_2:33)-"},"styleUrl":"#icon-1739-E65100","icon-scale":1,"icon":"images/icon-1.png","descripción":"Código: 2411\nCoordenadas: -41.1435797 -71.3073712\nGarita: \nCartel: \nObservaciones: \nConexiones: (82_2:33)-","Código":"2411","Coordenadas":"-41.1435797 -71.3073712","Garita":"","Cartel":"","Observaciones":"","Conexiones":"(82_2:33)-"}},
{"type":"Feature","geometry":{"type":"Point","coordinates":[-71.307676,-41.145601,0]},"properties":{"name":"Rolando y Vilcapugio -a","description":{"@type":"html","value":"descripción: Código: 2412<br>Coordenadas: -41.1456009 -71.3076761<br>Garita: <br>Cartel: <br>Observaciones: <br>Conexiones: (82_2:34)-<br>Código: 2412<br>Coordenadas: -41.1456009 -71.3076761<br>Garita: <br>Cartel: <br>Observaciones: <br>Conexiones: (82_2:34)-"},"styleUrl":"#icon-1739-E65100","icon-scale":1,"icon":"images/icon-1.png","descripción":"Código: 2412\nCoordenadas: -41.1456009 -71.3076761\nGarita: \nCartel: \nObservaciones: \nConexiones: (82_2:34)-","Código":"2412","Coordenadas":"-41.1456009 -71.3076761","Garita":"","Cartel":"","Observaciones":"","Conexiones":"(82_2:34)-"}},
{"type":"Feature","geometry":{"type":"Point","coordinates":[-71.305804,-41.147952,0]},"properties":{"name":"Diag. Gutiérrez - Rotonda","description":{"@type":"html","value":"descripción: Código: 2414<br>Coordenadas: -41.1479523 -71.3058036<br>Garita: 1<br>Cartel: <br>Observaciones: <br>Conexiones: (70_2:26)-(82_2:36)-<br>Código: 2414<br>Coordenadas: -41.1479523 -71.3058036<br>Garita: 1.0<br>Cartel: <br>Observaciones: <br>Conexiones: (70_2:26)-(82_2:36)-"},"styleUrl":"#icon-1739-E65100","icon-scale":1,"icon":"images/icon-1.png","descripción":"Código: 2414\nCoordenadas: -41.1479523 -71.3058036\nGarita: 1\nCartel: \nObservaciones: \nConexiones: (70_2:26)-(82_2:36)-","Código":"2414","Coordenadas":"-41.1479523 -71.3058036","Garita":"1.0","Cartel":"","Observaciones":"","Conexiones":"(70_2:26)-(82_2:36)-"}},
{"type":"Feature","geometry":{"type":"Point","coordinates":[-71.315317,-41.15159,0]},"properties":{"name":"Pje. Gutiérrez y La Paz","description":{"@type":"html","value":"descripción: Código: 2417<br>Coordenadas: -41.1515895 -71.3153167<br>Garita: <br>Cartel: <br>Observaciones: <br>Conexiones: (71/81_A1:29)-(71/81_B1:45)-(71/81_C1:45)-(80_1:24)-(81_A1:22)-(81_B1:22)-(82_2:39)-<br>Código: 2417<br>Coordenadas: -41.1515895 -71.3153167<br>Garita: <br>Cartel: <br>Observaciones: <br>Conexiones: (71/81_A1:29)-(71/81_B1:45)-(71/81_C1:45)-(80_1:24)-(81_A1:22)-(81_B1:22)-(82_2:39)-"},"styleUrl":"#icon-1739-E65100","icon-scale":1,"icon":"images/icon-1.png","descripción":"Código: 2417\nCoordenadas: -41.1515895 -71.3153167\nGarita: \nCartel: \nObservaciones: \nConexiones: (71/81_A1:29)-(71/81_B1:45)-(71/81_C1:45)-(80_1:24)-(81_A1:22)-(81_B1:22)-(82_2:39)-","Código":"2417","Coordenadas":"-41.1515895 -71.3153167","Garita":"","Cartel":"","Observaciones":"","Conexiones":"(71/81_A1:29)-(71/81_B1:45)-(71/81_C1:45)-(80_1:24)-(81_A1:22)-(81_B1:22)-(82_2:39)-"}},
{"type":"Feature","geometry":{"type":"Point","coordinates":[-71.316116,-41.153082,0]},"properties":{"name":"Pje. Gutiérrez y Basilea -a","description":{"@type":"html","value":"descripción: Código: 2418<br>Coordenadas: -41.1530817 -71.3161161<br>Garita: <br>Cartel: <br>Observaciones: <br>Conexiones: (71/81_A1:30)-(71/81_B1:46)-(71/81_C1:46)-(80_1:25)-(81_A1:23)-(81_B1:23)-(82_2:40)-<br>Código: 2418<br>Coordenadas: -41.1530817 -71.3161161<br>Garita: <br>Cartel: <br>Observaciones: <br>Conexiones: (71/81_A1:30)-(71/81_B1:46)-(71/81_C1:46)-(80_1:25)-(81_A1:23)-(81_B1:23)-(82_2:40)-"},"styleUrl":"#icon-1739-E65100","icon-scale":1,"icon":"images/icon-1.png","descripción":"Código: 2418\nCoordenadas: -41.1530817 -71.3161161\nGarita: \nCartel: \nObservaciones: \nConexiones: (71/81_A1:30)-(71/81_B1:46)-(71/81_C1:46)-(80_1:25)-(81_A1:23)-(81_B1:23)-(82_2:40)-","Código":"2418","Coordenadas":"-41.1530817 -71.3161161","Garita":"","Cartel":"","Observaciones":"","Conexiones":"(71/81_A1:30)-(71/81_B1:46)-(71/81_C1:46)-(80_1:25)-(81_A1:23)-(81_B1:23)-(82_2:40)-"}},
{"type":"Feature","geometry":{"type":"Point","coordinates":[-71.31761,-41.15589,0]},"properties":{"name":"Piedras Blancas y Pje. Gutiérrez","description":{"@type":"html","value":"descripción: Código: 2420<br>Coordenadas: -41.15589 -71.31761<br>Garita: <br>Cartel: <br>Observaciones: <br>Conexiones: (82_2:43)-<br>Código: 2420<br>Coordenadas: -41.15589 -71.31761<br>Garita: <br>Cartel: <br>Observaciones: <br>Conexiones: (82_2:43)-"},"styleUrl":"#icon-1739-E65100","icon-scale":1,"icon":"images/icon-1.png","descripción":"Código: 2420\nCoordenadas: -41.15589 -71.31761\nGarita: \nCartel: \nObservaciones: \nConexiones: (82_2:43)-","Código":"2420","Coordenadas":"-41.15589 -71.31761","Garita":"","Cartel":"","Observaciones":"","Conexiones":"(82_2:43)-"}},
{"type":"Feature","geometry":{"type":"Point","coordinates":[-71.319097,-41.154538,0]},"properties":{"name":"Av. Río Negro y Piedras Blancas -b","description":{"@type":"html","value":"descripción: Código: 2421<br>Coordenadas: -41.1545382 -71.3190969<br>Garita: <br>Cartel: <br>Observaciones: <br>Conexiones: (82_2:44)-<br>Código: 2421<br>Coordenadas: -41.1545382 -71.3190969<br>Garita: <br>Cartel: <br>Observaciones: <br>Conexiones: (82_2:44)-"},"styleUrl":"#icon-1739-E65100","icon-scale":1,"icon":"images/icon-1.png","descripción":"Código: 2421\nCoordenadas: -41.1545382 -71.3190969\nGarita: \nCartel: \nObservaciones: \nConexiones: (82_2:44)-","Código":"2421","Coordenadas":"-41.1545382 -71.3190969","Garita":"","Cartel":"","Observaciones":"","Conexiones":"(82_2:44)-"}},
{"type":"Feature","geometry":{"type":"Point","coordinates":[-71.320779,-41.155244,0]},"properties":{"name":"Av. Río Negro y Jacobacci -b","description":{"@type":"html","value":"descripción: Código: 2422<br>Coordenadas: -41.1552436 -71.3207794<br>Garita: <br>Cartel: <br>Observaciones: <br>Conexiones: (82_2:45)-<br>Código: 2422<br>Coordenadas: -41.1552436 -71.3207794<br>Garita: <br>Cartel: <br>Observaciones: <br>Conexiones: (82_2:45)-"},"styleUrl":"#icon-1739-E65100","icon-scale":1,"icon":"images/icon-1.png","descripción":"Código: 2422\nCoordenadas: -41.1552436 -71.3207794\nGarita: \nCartel: \nObservaciones: \nConexiones: (82_2:45)-","Código":"2422","Coordenadas":"-41.1552436 -71.3207794","Garita":"","Cartel":"","Observaciones":"","Conexiones":"(82_2:45)-"}},
{"type":"Feature","geometry":{"type":"Point","coordinates":[-71.32271,-41.155787,0]},"properties":{"name":"Av. Río Negro y Sierra Colorada -b","description":{"@type":"html","value":"descripción: Código: 2423<br>Coordenadas: -41.1557867 -71.3227103<br>Garita: <br>Cartel: <br>Observaciones: <br>Conexiones: (82_2:46)-<br>Código: 2423<br>Coordenadas: -41.1557867 -71.3227103<br>Garita: <br>Cartel: <br>Observaciones: <br>Conexiones: (82_2:46)-"},"styleUrl":"#icon-1739-E65100","icon-scale":1,"icon":"images/icon-1.png","descripción":"Código: 2423\nCoordenadas: -41.1557867 -71.3227103\nGarita: \nCartel: \nObservaciones: \nConexiones: (82_2:46)-","Código":"2423","Coordenadas":"-41.1557867 -71.3227103","Garita":"","Cartel":"","Observaciones":"","Conexiones":"(82_2:46)-"}},
{"type":"Feature","geometry":{"type":"Point","coordinates":[-71.323694,-41.15616,0]},"properties":{"name":"Av. Río Negro y Maquinchao -b","description":{"@type":"html","value":"descripción: Código: 2424<br>Coordenadas: -41.15616 -71.3236935<br>Garita: <br>Cartel: <br>Observaciones: <br>Conexiones: (82_2:47)-<br>Código: 2424<br>Coordenadas: -41.15616 -71.3236935<br>Garita: <br>Cartel: <br>Observaciones: <br>Conexiones: (82_2:47)-"},"styleUrl":"#icon-1739-E65100","icon-scale":1,"icon":"images/icon-1.png","descripción":"Código: 2424\nCoordenadas: -41.15616 -71.3236935\nGarita: \nCartel: \nObservaciones: \nConexiones: (82_2:47)-","Código":"2424","Coordenadas":"-41.15616 -71.3236935","Garita":"","Cartel":"","Observaciones":"","Conexiones":"(82_2:47)-"}},
{"type":"Feature","geometry":{"type":"Point","coordinates":[-71.324449,-41.156434,0]},"properties":{"name":"Adolfo Alsina y Av. Río Negro -b","description":{"@type":"html","value":"descripción: Código: 2425<br>Coordenadas: -41.1564341 -71.3244494<br>Garita: <br>Cartel: <br>Observaciones: <br>Conexiones: (82_2:48)-<br>Código: 2425<br>Coordenadas: -41.1564341 -71.3244494<br>Garita: <br>Cartel: <br>Observaciones: <br>Conexiones: (82_2:48)-"},"styleUrl":"#icon-1739-E65100","icon-scale":1,"icon":"images/icon-1.png","descripción":"Código: 2425\nCoordenadas: -41.1564341 -71.3244494\nGarita: \nCartel: \nObservaciones: \nConexiones: (82_2:48)-","Código":"2425","Coordenadas":"-41.1564341 -71.3244494","Garita":"","Cartel":"","Observaciones":"","Conexiones":"(82_2:48)-"}},
{"type":"Feature","geometry":{"type":"Point","coordinates":[-71.461265,-41.103323,0]},"properties":{"name":"C. 12 y C. 10 -b","description":{"@type":"html","value":"descripción: Código: 2501<br>Coordenadas: -41.1033228 -71.461265<br>Garita: <br>Cartel: <br>Observaciones: <br>Conexiones: (21_1:55)-<br>Código: 2501<br>Coordenadas: -41.1033228 -71.461265<br>Garita: <br>Cartel: <br>Observaciones: <br>Conexiones: (21_1:55)-"},"styleUrl":"#icon-1739-E65100","icon-scale":1,"icon":"images/icon-1.png","descripción":"Código: 2501\nCoordenadas: -41.1033228 -71.461265\nGarita: \nCartel: \nObservaciones: \nConexiones: (21_1:55)-","Código":"2501","Coordenadas":"-41.1033228 -71.461265","Garita":"","Cartel":"","Observaciones":"","Conexiones":"(21_1:55)-"}},
{"type":"Feature","geometry":{"type":"Point","coordinates":[-71.459414,-41.103812,0]},"properties":{"name":"C. 12 y C. 7 -b","description":{"@type":"html","value":"descripción: Código: 2502<br>Coordenadas: -41.1038124 -71.4594142<br>Garita: <br>Cartel: <br>Observaciones: <br>Conexiones: (21_1:56)-<br>Código: 2502<br>Coordenadas: -41.1038124 -71.4594142<br>Garita: <br>Cartel: <br>Observaciones: <br>Conexiones: (21_1:56)-"},"styleUrl":"#icon-1739-E65100","icon-scale":1,"icon":"images/icon-1.png","descripción":"Código: 2502\nCoordenadas: -41.1038124 -71.4594142\nGarita: \nCartel: \nObservaciones: \nConexiones: (21_1:56)-","Código":"2502","Coordenadas":"-41.1038124 -71.4594142","Garita":"","Cartel":"","Observaciones":"","Conexiones":"(21_1:56)-"}},
{"type":"Feature","geometry":{"type":"Point","coordinates":[-71.458143,-41.104152,0]},"properties":{"name":"C. 12 y C. 4 -b","description":{"@type":"html","value":"descripción: Código: 2503<br>Coordenadas: -41.1041518 -71.4581429<br>Garita: <br>Cartel: <br>Observaciones: <br>Conexiones: (21_1:57)-<br>Código: 2503<br>Coordenadas: -41.1041518 -71.4581429<br>Garita: <br>Cartel: <br>Observaciones: <br>Conexiones: (21_1:57)-"},"styleUrl":"#icon-1739-E65100","icon-scale":1,"icon":"images/icon-1.png","descripción":"Código: 2503\nCoordenadas: -41.1041518 -71.4581429\nGarita: \nCartel: \nObservaciones: \nConexiones: (21_1:57)-","Código":"2503","Coordenadas":"-41.1041518 -71.4581429","Garita":"","Cartel":"","Observaciones":"","Conexiones":"(21_1:57)-"}},
{"type":"Feature","geometry":{"type":"Point","coordinates":[-71.456117,-41.104793,0]},"properties":{"name":"Antiguo Camino Llao Llao y Rotonda -b","description":{"@type":"html","value":"descripción: Código: 2504<br>Coordenadas: -41.1047929 -71.4561166<br>Garita: <br>Cartel: <br>Observaciones: <br>Conexiones: (21_1:58)-<br>Código: 2504<br>Coordenadas: -41.1047929 -71.4561166<br>Garita: <br>Cartel: <br>Observaciones: <br>Conexiones: (21_1:58)-"},"styleUrl":"#icon-1739-E65100","icon-scale":1,"icon":"images/icon-1.png","descripción":"Código: 2504\nCoordenadas: -41.1047929 -71.4561166\nGarita: \nCartel: \nObservaciones: \nConexiones: (21_1:58)-","Código":"2504","Coordenadas":"-41.1047929 -71.4561166","Garita":"","Cartel":"","Observaciones":"","Conexiones":"(21_1:58)-"}},
{"type":"Feature","geometry":{"type":"Point","coordinates":[-71.454814,-41.106175,0]},"properties":{"name":"De la Tempestad - Antiguo Camino Llao Llao -a","description":{"@type":"html","value":"descripción: Código: 2505<br>Coordenadas: -41.1061751 -71.4548145<br>Garita: <br>Cartel: <br>Observaciones: <br>Conexiones: (21_1:59)-<br>Código: 2505<br>Coordenadas: -41.1061751 -71.4548145<br>Garita: <br>Cartel: <br>Observaciones: <br>Conexiones: (21_1:59)-"},"styleUrl":"#icon-1739-E65100","icon-scale":1,"icon":"images/icon-1.png","descripción":"Código: 2505\nCoordenadas: -41.1061751 -71.4548145\nGarita: \nCartel: \nObservaciones: \nConexiones: (21_1:59)-","Código":"2505","Coordenadas":"-41.1061751 -71.4548145","Garita":"","Cartel":"","Observaciones":"","Conexiones":"(21_1:59)-"}},
{"type":"Feature","geometry":{"type":"Point","coordinates":[-71.456432,-41.107764,0]},"properties":{"name":"De la Tempestad y De la Escarcha -a","description":{"@type":"html","value":"descripción: Código: 2506<br>Coordenadas: -41.1077644 -71.456432<br>Garita: <br>Cartel: <br>Observaciones: <br>Conexiones: (21_1:60)-<br>Código: 2506<br>Coordenadas: -41.1077644 -71.456432<br>Garita: <br>Cartel: <br>Observaciones: <br>Conexiones: (21_1:60)-"},"styleUrl":"#icon-1739-E65100","icon-scale":1,"icon":"images/icon-1.png","descripción":"Código: 2506\nCoordenadas: -41.1077644 -71.456432\nGarita: \nCartel: \nObservaciones: \nConexiones: (21_1:60)-","Código":"2506","Coordenadas":"-41.1077644 -71.456432","Garita":"","Cartel":"","Observaciones":"","Conexiones":"(21_1:60)-"}},
{"type":"Feature","geometry":{"type":"Point","coordinates":[-71.458716,-41.108687,0]},"properties":{"name":"Quebracho y Del Viento","description":{"@type":"html","value":"descripción: Código: 2507<br>Coordenadas: -41.1086868 -71.4587164<br>Garita: 1<br>Cartel: <br>Observaciones: <br>Conexiones: (21_1:61)-<br>Código: 2507<br>Coordenadas: -41.1086868 -71.4587164<br>Garita: 1.0<br>Cartel: <br>Observaciones: <br>Conexiones: (21_1:61)-"},"styleUrl":"#icon-1739-E65100","icon-scale":1,"icon":"images/icon-1.png","descripción":"Código: 2507\nCoordenadas: -41.1086868 -71.4587164\nGarita: 1\nCartel: \nObservaciones: \nConexiones: (21_1:61)-","Código":"2507","Coordenadas":"-41.1086868 -71.4587164","Garita":"1.0","Cartel":"","Observaciones":"","Conexiones":"(21_1:61)-"}},
{"type":"Feature","geometry":{"type":"Point","coordinates":[-71.459607,-41.109026,0]},"properties":{"name":"De la Centella y Paraíso","description":{"@type":"html","value":"descripción: Código: 2508<br>Coordenadas: -41.1090256 -71.4596074<br>Garita: 1<br>Cartel: <br>Observaciones: <br>Conexiones: (21_2:1)-<br>Código: 2508<br>Coordenadas: -41.1090256 -71.4596074<br>Garita: 1.0<br>Cartel: <br>Observaciones: <br>Conexiones: (21_2:1)-"},"styleUrl":"#icon-1739-E65100","icon-scale":1,"icon":"images/icon-1.png","descripción":"Código: 2508\nCoordenadas: -41.1090256 -71.4596074\nGarita: 1\nCartel: \nObservaciones: \nConexiones: (21_2:1)-","Código":"2508","Coordenadas":"-41.1090256 -71.4596074","Garita":"1.0","Cartel":"","Observaciones":"","Conexiones":"(21_2:1)-"}},
{"type":"Feature","geometry":{"type":"Point","coordinates":[-71.460892,-41.109002,0]},"properties":{"name":"De la Neblina y De la Centella","description":{"@type":"html","value":"descripción: Código: 2509<br>Coordenadas: -41.1090025 -71.4608925<br>Garita: 1<br>Cartel: <br>Observaciones: <br>Conexiones: (21_2:2)-<br>Código: 2509<br>Coordenadas: -41.1090025 -71.4608925<br>Garita: 1.0<br>Cartel: <br>Observaciones: <br>Conexiones: (21_2:2)-"},"styleUrl":"#icon-1739-E65100","icon-scale":1,"icon":"images/icon-1.png","descripción":"Código: 2509\nCoordenadas: -41.1090025 -71.4608925\nGarita: 1\nCartel: \nObservaciones: \nConexiones: (21_2:2)-","Código":"2509","Coordenadas":"-41.1090025 -71.4608925","Garita":"1.0","Cartel":"","Observaciones":"","Conexiones":"(21_2:2)-"}},
{"type":"Feature","geometry":{"type":"Point","coordinates":[-71.461279,-41.110224,0]},"properties":{"name":"Paraíso y Del Remanso","description":{"@type":"html","value":"descripción: Código: 2510<br>Coordenadas: -41.1102235 -71.461279<br>Garita: 1<br>Cartel: <br>Observaciones: <br>Conexiones: (21_2:3)-<br>Código: 2510<br>Coordenadas: -41.1102235 -71.461279<br>Garita: 1.0<br>Cartel: <br>Observaciones: <br>Conexiones: (21_2:3)-"},"styleUrl":"#icon-1739-E65100","icon-scale":1,"icon":"images/icon-1.png","descripción":"Código: 2510\nCoordenadas: -41.1102235 -71.461279\nGarita: 1\nCartel: \nObservaciones: \nConexiones: (21_2:3)-","Código":"2510","Coordenadas":"-41.1102235 -71.461279","Garita":"1.0","Cartel":"","Observaciones":"","Conexiones":"(21_2:3)-"}},
{"type":"Feature","geometry":{"type":"Point","coordinates":[-71.459767,-41.110981,0]},"properties":{"name":"Del Remanso y De la Tempestad","description":{"@type":"html","value":"descripción: Código: 2511<br>Coordenadas: -41.1109813 -71.4597669<br>Garita: <br>Cartel: <br>Observaciones: <br>Conexiones: (21_2:4)-<br>Código: 2511<br>Coordenadas: -41.1109813 -71.4597669<br>Garita: <br>Cartel: <br>Observaciones: <br>Conexiones: (21_2:4)-"},"styleUrl":"#icon-1739-E65100","icon-scale":1,"icon":"images/icon-1.png","descripción":"Código: 2511\nCoordenadas: -41.1109813 -71.4597669\nGarita: \nCartel: \nObservaciones: \nConexiones: (21_2:4)-","Código":"2511","Coordenadas":"-41.1109813 -71.4597669","Garita":"","Cartel":"","Observaciones":"","Conexiones":"(21_2:4)-"}},
{"type":"Feature","geometry":{"type":"Point","coordinates":[-71.458559,-41.110338,0]},"properties":{"name":"De la Tempestad y De la Centella","description":{"@type":"html","value":"descripción: Código: 2512<br>Coordenadas: -41.1103384 -71.4585594<br>Garita: <br>Cartel: <br>Observaciones: <br>Conexiones: (21_2:5)-<br>Código: 2512<br>Coordenadas: -41.1103384 -71.4585594<br>Garita: <br>Cartel: <br>Observaciones: <br>Conexiones: (21_2:5)-"},"styleUrl":"#icon-1739-E65100","icon-scale":1,"icon":"images/icon-1.png","descripción":"Código: 2512\nCoordenadas: -41.1103384 -71.4585594\nGarita: \nCartel: \nObservaciones: \nConexiones: (21_2:5)-","Código":"2512","Coordenadas":"-41.1103384 -71.4585594","Garita":"","Cartel":"","Observaciones":"","Conexiones":"(21_2:5)-"}},
{"type":"Feature","geometry":{"type":"Point","coordinates":[-71.456222,-41.107939,0]},"properties":{"name":"De la Tempestad y De la Escarcha -b","description":{"@type":"html","value":"descripción: Código: 2513<br>Coordenadas: -41.107939 -71.4562222<br>Garita: <br>Cartel: <br>Observaciones: <br>Conexiones: (21_2:6)-<br>Código: 2513<br>Coordenadas: -41.107939 -71.4562222<br>Garita: <br>Cartel: <br>Observaciones: <br>Conexiones: (21_2:6)-"},"styleUrl":"#icon-1739-E65100","icon-scale":1,"icon":"images/icon-1.png","descripción":"Código: 2513\nCoordenadas: -41.107939 -71.4562222\nGarita: \nCartel: \nObservaciones: \nConexiones: (21_2:6)-","Código":"2513","Coordenadas":"-41.107939 -71.4562222","Garita":"","Cartel":"","Observaciones":"","Conexiones":"(21_2:6)-"}},
{"type":"Feature","geometry":{"type":"Point","coordinates":[-71.454706,-41.106401,0]},"properties":{"name":"De la Tempestad y Antiguo Camino Llao Llao -b","description":{"@type":"html","value":"descripción: Código: 2514<br>Coordenadas: -41.1064009 -71.4547057<br>Garita: <br>Cartel: <br>Observaciones: <br>Conexiones: (21_2:7)-<br>Código: 2514<br>Coordenadas: -41.1064009 -71.4547057<br>Garita: <br>Cartel: <br>Observaciones: <br>Conexiones: (21_2:7)-"},"styleUrl":"#icon-1739-E65100","icon-scale":1,"icon":"images/icon-1.png","descripción":"Código: 2514\nCoordenadas: -41.1064009 -71.4547057\nGarita: \nCartel: \nObservaciones: \nConexiones: (21_2:7)-","Código":"2514","Coordenadas":"-41.1064009 -71.4547057","Garita":"","Cartel":"","Observaciones":"","Conexiones":"(21_2:7)-"}},
{"type":"Feature","geometry":{"type":"Point","coordinates":[-71.451527,-41.10869,0]},"properties":{"name":"Cahiu y De las Estrellas -b","description":{"@type":"html","value":"descripción: Código: 2515<br>Coordenadas: -41.1086905 -71.4515273<br>Garita: <br>Cartel: <br>Observaciones: <br>Conexiones: (21_2:8)-<br>Código: 2515<br>Coordenadas: -41.1086905 -71.4515273<br>Garita: <br>Cartel: <br>Observaciones: <br>Conexiones: (21_2:8)-"},"styleUrl":"#icon-1739-E65100","icon-scale":1,"icon":"images/icon-1.png","descripción":"Código: 2515\nCoordenadas: -41.1086905 -71.4515273\nGarita: \nCartel: \nObservaciones: \nConexiones: (21_2:8)-","Código":"2515","Coordenadas":"-41.1086905 -71.4515273","Garita":"","Cartel":"","Observaciones":"","Conexiones":"(21_2:8)-"}},
{"type":"Feature","geometry":{"type":"Point","coordinates":[-71.449331,-41.108948,0]},"properties":{"name":"Cahiu y Del Crepúsculo -b","description":{"@type":"html","value":"descripción: Código: 2516<br>Coordenadas: -41.1089485 -71.4493306<br>Garita: 1<br>Cartel: <br>Observaciones: <br>Conexiones: (21_2:9)-<br>Código: 2516<br>Coordenadas: -41.1089485 -71.4493306<br>Garita: 1.0<br>Cartel: <br>Observaciones: <br>Conexiones: (21_2:9)-"},"styleUrl":"#icon-1739-E65100","icon-scale":1,"icon":"images/icon-1.png","descripción":"Código: 2516\nCoordenadas: -41.1089485 -71.4493306\nGarita: 1\nCartel: \nObservaciones: \nConexiones: (21_2:9)-","Código":"2516","Coordenadas":"-41.1089485 -71.4493306","Garita":"1.0","Cartel":"","Observaciones":"","Conexiones":"(21_2:9)-"}},
{"type":"Feature","geometry":{"type":"Point","coordinates":[-71.445406,-41.11111,0]},"properties":{"name":"Cahiu y C. 17 -b","description":{"@type":"html","value":"descripción: Código: 2517<br>Coordenadas: -41.1111103 -71.4454064<br>Garita: 1<br>Cartel: <br>Observaciones: <br>Conexiones: (21_2:10)-<br>Código: 2517<br>Coordenadas: -41.1111103 -71.4454064<br>Garita: 1.0<br>Cartel: <br>Observaciones: <br>Conexiones: (21_2:10)-"},"styleUrl":"#icon-1739-E65100","icon-scale":1,"icon":"images/icon-1.png","descripción":"Código: 2517\nCoordenadas: -41.1111103 -71.4454064\nGarita: 1\nCartel: \nObservaciones: \nConexiones: (21_2:10)-","Código":"2517","Coordenadas":"-41.1111103 -71.4454064","Garita":"1.0","Cartel":"","Observaciones":"","Conexiones":"(21_2:10)-"}},
{"type":"Feature","geometry":{"type":"Point","coordinates":[-71.443066,-41.112432,0]},"properties":{"name":"Cahiu y C. 13 -b","description":{"@type":"html","value":"descripción: Código: 2518<br>Coordenadas: -41.1124323 -71.443066<br>Garita: 1<br>Cartel: <br>Observaciones: <br>Conexiones: (21_2:11)-<br>Código: 2518<br>Coordenadas: -41.1124323 -71.443066<br>Garita: 1.0<br>Cartel: <br>Observaciones: <br>Conexiones: (21_2:11)-"},"styleUrl":"#icon-1739-E65100","icon-scale":1,"icon":"images/icon-1.png","descripción":"Código: 2518\nCoordenadas: -41.1124323 -71.443066\nGarita: 1\nCartel: \nObservaciones: \nConexiones: (21_2:11)-","Código":"2518","Coordenadas":"-41.1124323 -71.443066","Garita":"1.0","Cartel":"","Observaciones":"","Conexiones":"(21_2:11)-"}},
{"type":"Feature","geometry":{"type":"Point","coordinates":[-71.44127,-41.11349,0]},"properties":{"name":"Cahiu y C. 9 -b","description":{"@type":"html","value":"descripción: Código: 2519<br>Coordenadas: -41.1134899 -71.4412697<br>Garita: 1<br>Cartel: <br>Observaciones: <br>Conexiones: (21_2:12)-<br>Código: 2519<br>Coordenadas: -41.1134899 -71.4412697<br>Garita: 1.0<br>Cartel: <br>Observaciones: <br>Conexiones: (21_2:12)-"},"styleUrl":"#icon-1739-E65100","icon-scale":1,"icon":"images/icon-1.png","descripción":"Código: 2519\nCoordenadas: -41.1134899 -71.4412697\nGarita: 1\nCartel: \nObservaciones: \nConexiones: (21_2:12)-","Código":"2519","Coordenadas":"-41.1134899 -71.4412697","Garita":"1.0","Cartel":"","Observaciones":"","Conexiones":"(21_2:12)-"}},
{"type":"Feature","geometry":{"type":"Point","coordinates":[-71.43938,-41.114531,0]},"properties":{"name":"Cahiu y Siete -b","description":{"@type":"html","value":"descripción: Código: 2520<br>Coordenadas: -41.1145309 -71.4393795<br>Garita: <br>Cartel: 1<br>Observaciones: <br>Conexiones: (21_2:13)-<br>Código: 2520<br>Coordenadas: -41.1145309 -71.4393795<br>Garita: <br>Cartel: 1.0<br>Observaciones: <br>Conexiones: (21_2:13)-"},"styleUrl":"#icon-1739-E65100","icon-scale":1,"icon":"images/icon-1.png","descripción":"Código: 2520\nCoordenadas: -41.1145309 -71.4393795\nGarita: \nCartel: 1\nObservaciones: \nConexiones: (21_2:13)-","Código":"2520","Coordenadas":"-41.1145309 -71.4393795","Garita":"","Cartel":"1.0","Observaciones":"","Conexiones":"(21_2:13)-"}},
{"type":"Feature","geometry":{"type":"Point","coordinates":[-71.437246,-41.115772,0]},"properties":{"name":"Plaza B° Casa de Piedra -b","description":{"@type":"html","value":"descripción: Código: 2521<br>Coordenadas: -41.1157718 -71.4372464<br>Garita: 1<br>Cartel: <br>Observaciones: <br>Conexiones: (21_2:14)-<br>Código: 2521<br>Coordenadas: -41.1157718 -71.4372464<br>Garita: 1.0<br>Cartel: <br>Observaciones: <br>Conexiones: (21_2:14)-"},"styleUrl":"#icon-1739-E65100","icon-scale":1,"icon":"images/icon-1.png","descripción":"Código: 2521\nCoordenadas: -41.1157718 -71.4372464\nGarita: 1\nCartel: \nObservaciones: \nConexiones: (21_2:14)-","Código":"2521","Coordenadas":"-41.1157718 -71.4372464","Garita":"1.0","Cartel":"","Observaciones":"","Conexiones":"(21_2:14)-"}},
{"type":"Feature","geometry":{"type":"Point","coordinates":[-71.43466,-41.11662,0]},"properties":{"name":"Primera Diag. y C. 1","description":{"@type":"html","value":"descripción: Código: 2522<br>Coordenadas: -41.1166198 -71.4346605<br>Garita: <br>Cartel: <br>Observaciones: <br>Conexiones: (21_2:15)-<br>Código: 2522<br>Coordenadas: -41.1166198 -71.4346605<br>Garita: <br>Cartel: <br>Observaciones: <br>Conexiones: (21_2:15)-"},"styleUrl":"#icon-1739-E65100","icon-scale":1,"icon":"images/icon-1.png","descripción":"Código: 2522\nCoordenadas: -41.1166198 -71.4346605\nGarita: \nCartel: \nObservaciones: \nConexiones: (21_2:15)-","Código":"2522","Coordenadas":"-41.1166198 -71.4346605","Garita":"","Cartel":"","Observaciones":"","Conexiones":"(21_2:15)-"}},
{"type":"Feature","geometry":{"type":"Point","coordinates":[-71.433514,-41.115242,0]},"properties":{"name":"Chingolos y Gaviotas -a","description":{"@type":"html","value":"descripción: Código: 2523<br>Coordenadas: -41.1152422 -71.4335143<br>Garita: <br>Cartel: <br>Observaciones: <br>Conexiones: (21_1:42)-<br>Código: 2523<br>Coordenadas: -41.1152422 -71.4335143<br>Garita: <br>Cartel: <br>Observaciones: <br>Conexiones: (21_1:42)-"},"styleUrl":"#icon-1739-E65100","icon-scale":1,"icon":"images/icon-1.png","descripción":"Código: 2523\nCoordenadas: -41.1152422 -71.4335143\nGarita: \nCartel: \nObservaciones: \nConexiones: (21_1:42)-","Código":"2523","Coordenadas":"-41.1152422 -71.4335143","Garita":"","Cartel":"","Observaciones":"","Conexiones":"(21_1:42)-"}},
{"type":"Feature","geometry":{"type":"Point","coordinates":[-71.43223,-41.115943,0]},"properties":{"name":"Chingolos y Diucas -a","description":{"@type":"html","value":"descripción: Código: 2524<br>Coordenadas: -41.1159427 -71.4322305<br>Garita: 1<br>Cartel: <br>Observaciones: <br>Conexiones: (21_1:41)-<br>Código: 2524<br>Coordenadas: -41.1159427 -71.4322305<br>Garita: 1.0<br>Cartel: <br>Observaciones: <br>Conexiones: (21_1:41)-"},"styleUrl":"#icon-1739-E65100","icon-scale":1,"icon":"images/icon-1.png","descripción":"Código: 2524\nCoordenadas: -41.1159427 -71.4322305\nGarita: 1\nCartel: \nObservaciones: \nConexiones: (21_1:41)-","Código":"2524","Coordenadas":"-41.1159427 -71.4322305","Garita":"1.0","Cartel":"","Observaciones":"","Conexiones":"(21_1:41)-"}},
{"type":"Feature","geometry":{"type":"Point","coordinates":[-71.428184,-41.116621,0]},"properties":{"name":"Tordos y Pájaros Azules -b","description":{"@type":"html","value":"descripción: Código: 2525<br>Coordenadas: -41.1166208 -71.4281835<br>Garita: 1<br>Cartel: <br>Observaciones: <br>Conexiones: (21_2:18)-<br>Código: 2525<br>Coordenadas: -41.1166208 -71.4281835<br>Garita: 1.0<br>Cartel: <br>Observaciones: <br>Conexiones: (21_2:18)-"},"styleUrl":"#icon-1739-E65100","icon-scale":1,"icon":"images/icon-1.png","descripción":"Código: 2525\nCoordenadas: -41.1166208 -71.4281835\nGarita: 1\nCartel: \nObservaciones: \nConexiones: (21_2:18)-","Código":"2525","Coordenadas":"-41.1166208 -71.4281835","Garita":"1.0","Cartel":"","Observaciones":"","Conexiones":"(21_2:18)-"}},
{"type":"Feature","geometry":{"type":"Point","coordinates":[-71.425088,-41.113218,0]},"properties":{"name":"RP 79 y Zorzales -b","description":{"@type":"html","value":"descripción: Código: 2526<br>Coordenadas: -41.1132178 -71.4250879<br>Garita: <br>Cartel: <br>Observaciones: <br>Conexiones: (21_2:19)-<br>Código: 2526<br>Coordenadas: -41.1132178 -71.4250879<br>Garita: <br>Cartel: <br>Observaciones: <br>Conexiones: (21_2:19)-"},"styleUrl":"#icon-1739-E65100","icon-scale":1,"icon":"images/icon-1.png","descripción":"Código: 2526\nCoordenadas: -41.1132178 -71.4250879\nGarita: \nCartel: \nObservaciones: \nConexiones: (21_2:19)-","Código":"2526","Coordenadas":"-41.1132178 -71.4250879","Garita":"","Cartel":"","Observaciones":"","Conexiones":"(21_2:19)-"}},
{"type":"Feature","geometry":{"type":"Point","coordinates":[-71.42384,-41.112074,0]},"properties":{"name":"RP 79 y Av. Bustillo -b","description":{"@type":"html","value":"descripción: Código: 2527<br>Coordenadas: -41.1120745 -71.4238397<br>Garita: <br>Cartel: <br>Observaciones: <br>Conexiones: (21_2:20)-<br>Código: 2527<br>Coordenadas: -41.1120745 -71.4238397<br>Garita: <br>Cartel: <br>Observaciones: <br>Conexiones: (21_2:20)-"},"styleUrl":"#icon-1739-E65100","icon-scale":1,"icon":"images/icon-1.png","descripción":"Código: 2527\nCoordenadas: -41.1120745 -71.4238397\nGarita: \nCartel: \nObservaciones: \nConexiones: (21_2:20)-","Código":"2527","Coordenadas":"-41.1120745 -71.4238397","Garita":"","Cartel":"","Observaciones":"","Conexiones":"(21_2:20)-"}},
{"type":"Feature","geometry":{"type":"Point","coordinates":[-71.27303,-41.130321,0]},"properties":{"name":"Terminal de Ómnibus ","description":{"@type":"html","value":"descripción: Código: 2601<br>Coordenadas: -41.1303213 -71.2730305<br>Garita: 1<br>Cartel: <br>Observaciones: <br>Conexiones: (10_A1:1)-(10_B1:1)-(10_C1:1)-(13/22_A1:1)-(20_1:1)-(21_1:1)-(55_1:1)-(70_2:11)-(71/81_A1:1)-(71/81_B1:18)-(71/81_C1:18)-(72_2:15)-<br>Código: 2601<br>Coordenadas: -41.1303213 -71.2730305<br>Garita: 1.0<br>Cartel: <br>Observaciones: <br>Conexiones: (10_A1:1)-(10_B1:1)-(10_C1:1)-(13/22_A1:1)-(20_1:1)-(21_1:1)-(55_1:1)-(70_2:11)-(71/81_A1:1)-(71/81_B1:18)-(71/81_C1:18)-(72_2:15)-"},"styleUrl":"#icon-1739-E65100","icon-scale":1,"icon":"images/icon-1.png","descripción":"Código: 2601\nCoordenadas: -41.1303213 -71.2730305\nGarita: 1\nCartel: \nObservaciones: \nConexiones: (10_A1:1)-(10_B1:1)-(10_C1:1)-(13/22_A1:1)-(20_1:1)-(21_1:1)-(55_1:1)-(70_2:11)-(71/81_A1:1)-(71/81_B1:18)-(71/81_C1:18)-(72_2:15)-","Código":"2601","Coordenadas":"-41.1303213 -71.2730305","Garita":"1.0","Cartel":"","Observaciones":"","Conexiones":"(10_A1:1)-(10_B1:1)-(10_C1:1)-(13/22_A1:1)-(20_1:1)-(21_1:1)-(55_1:1)-(70_2:11)-(71/81_A1:1)-(71/81_B1:18)-(71/81_C1:18)-(72_2:15)-"}},
{"type":"Feature","geometry":{"type":"Point","coordinates":[-71.334109,-41.131858,0]},"properties":{"name":"Av. Bustillo Km.2 -a","description":{"@type":"html","value":"descripción: Código: 2613<br>Coordenadas: -41.1318575 -71.3341093<br>Garita: <br>Cartel: <br>Observaciones: <br>Conexiones: (10_A1:15)-(10_B1:15)-(10_C1:15)-(13/22_A1:14)-(20_1:15)-(21_1:15)-<br>Código: 2613<br>Coordenadas: -41.1318575 -71.3341093<br>Garita: <br>Cartel: <br>Observaciones: <br>Conexiones: (10_A1:15)-(10_B1:15)-(10_C1:15)-(13/22_A1:14)-(20_1:15)-(21_1:15)-"},"styleUrl":"#icon-1739-E65100","icon-scale":1,"icon":"images/icon-1.png","descripción":"Código: 2613\nCoordenadas: -41.1318575 -71.3341093\nGarita: \nCartel: \nObservaciones: \nConexiones: (10_A1:15)-(10_B1:15)-(10_C1:15)-(13/22_A1:14)-(20_1:15)-(21_1:15)-","Código":"2613","Coordenadas":"-41.1318575 -71.3341093","Garita":"","Cartel":"","Observaciones":"","Conexiones":"(10_A1:15)-(10_B1:15)-(10_C1:15)-(13/22_A1:14)-(20_1:15)-(21_1:15)-"}},
{"type":"Feature","geometry":{"type":"Point","coordinates":[-71.34127,-41.130913,0]},"properties":{"name":"Av. Bustillo Km.2.800 -a","description":{"@type":"html","value":"descripción: Código: 2615<br>Coordenadas: -41.1309131 -71.3412703<br>Garita: <br>Cartel: <br>Observaciones: <br>Conexiones: (10_A1:17)-(10_B1:17)-(10_C1:17)-(13/22_A1:16)-(20_1:17)-(21_1:17)-<br>Código: 2615<br>Coordenadas: -41.1309131 -71.3412703<br>Garita: <br>Cartel: <br>Observaciones: <br>Conexiones: (10_A1:17)-(10_B1:17)-(10_C1:17)-(13/22_A1:16)-(20_1:17)-(21_1:17)-"},"styleUrl":"#icon-1739-E65100","icon-scale":1,"icon":"images/icon-1.png","descripción":"Código: 2615\nCoordenadas: -41.1309131 -71.3412703\nGarita: \nCartel: \nObservaciones: \nConexiones: (10_A1:17)-(10_B1:17)-(10_C1:17)-(13/22_A1:16)-(20_1:17)-(21_1:17)-","Código":"2615","Coordenadas":"-41.1309131 -71.3412703","Garita":"","Cartel":"","Observaciones":"","Conexiones":"(10_A1:17)-(10_B1:17)-(10_C1:17)-(13/22_A1:16)-(20_1:17)-(21_1:17)-"}},
{"type":"Feature","geometry":{"type":"Point","coordinates":[-71.346954,-41.129231,0]},"properties":{"name":"Av. Bustillo Km.3.200 -a","description":{"@type":"html","value":"descripción: Código: 2616<br>Coordenadas: -41.1292308 -71.3469537<br>Garita: <br>Cartel: <br>Observaciones: <br>Conexiones: (10_A1:19)-(10_B1:19)-(10_C1:19)-(13/22_A1:18)-(20_1:19)-(21_1:19)-<br>Código: 2616<br>Coordenadas: -41.1292308 -71.3469537<br>Garita: <br>Cartel: <br>Observaciones: <br>Conexiones: (10_A1:19)-(10_B1:19)-(10_C1:19)-(13/22_A1:18)-(20_1:19)-(21_1:19)-"},"styleUrl":"#icon-1739-E65100","icon-scale":1,"icon":"images/icon-1.png","descripción":"Código: 2616\nCoordenadas: -41.1292308 -71.3469537\nGarita: \nCartel: \nObservaciones: \nConexiones: (10_A1:19)-(10_B1:19)-(10_C1:19)-(13/22_A1:18)-(20_1:19)-(21_1:19)-","Código":"2616","Coordenadas":"-41.1292308 -71.3469537","Garita":"","Cartel":"","Observaciones":"","Conexiones":"(10_A1:19)-(10_B1:19)-(10_C1:19)-(13/22_A1:18)-(20_1:19)-(21_1:19)-"}},
{"type":"Feature","geometry":{"type":"Point","coordinates":[-71.349868,-41.128062,0]},"properties":{"name":"Av. Bustillo Km.3.700 -a","description":{"@type":"html","value":"descripción: Código: 2617<br>Coordenadas: -41.1280623 -71.3498678<br>Garita: <br>Cartel: <br>Observaciones: <br>Conexiones: (10_A1:20)-(10_B1:20)-(10_C1:20)-(13/22_A1:19)-(20_1:20)-(21_1:20)-<br>Código: 2617<br>Coordenadas: -41.1280623 -71.3498678<br>Garita: <br>Cartel: <br>Observaciones: <br>Conexiones: (10_A1:20)-(10_B1:20)-(10_C1:20)-(13/22_A1:19)-(20_1:20)-(21_1:20)-"},"styleUrl":"#icon-1739-E65100","icon-scale":1,"icon":"images/icon-1.png","descripción":"Código: 2617\nCoordenadas: -41.1280623 -71.3498678\nGarita: \nCartel: \nObservaciones: \nConexiones: (10_A1:20)-(10_B1:20)-(10_C1:20)-(13/22_A1:19)-(20_1:20)-(21_1:20)-","Código":"2617","Coordenadas":"-41.1280623 -71.3498678","Garita":"","Cartel":"","Observaciones":"","Conexiones":"(10_A1:20)-(10_B1:20)-(10_C1:20)-(13/22_A1:19)-(20_1:20)-(21_1:20)-"}},
{"type":"Feature","geometry":{"type":"Point","coordinates":[-71.353669,-41.126444,0]},"properties":{"name":"Av. Bustillo Km.4 - Playa Melipal -a","description":{"@type":"html","value":"descripción: Código: 2618<br>Coordenadas: -41.1264436 -71.353669<br>Garita: 1<br>Cartel: <br>Observaciones: <br>Conexiones: (10_A1:21)-(10_B1:21)-(10_C1:21)-(13/22_A1:20)-(20_1:21)-(21_1:21)-<br>Código: 2618<br>Coordenadas: -41.1264436 -71.353669<br>Garita: 1.0<br>Cartel: <br>Observaciones: <br>Conexiones: (10_A1:21)-(10_B1:21)-(10_C1:21)-(13/22_A1:20)-(20_1:21)-(21_1:21)-"},"styleUrl":"#icon-1739-E65100","icon-scale":1,"icon":"images/icon-1.png","descripción":"Código: 2618\nCoordenadas: -41.1264436 -71.353669\nGarita: 1\nCartel: \nObservaciones: \nConexiones: (10_A1:21)-(10_B1:21)-(10_C1:21)-(13/22_A1:20)-(20_1:21)-(21_1:21)-","Código":"2618","Coordenadas":"-41.1264436 -71.353669","Garita":"1.0","Cartel":"","Observaciones":"","Conexiones":"(10_A1:21)-(10_B1:21)-(10_C1:21)-(13/22_A1:20)-(20_1:21)-(21_1:21)-"}},
{"type":"Feature","geometry":{"type":"Point","coordinates":[-71.367443,-41.121761,0]},"properties":{"name":"Av. Bustillo Km.5 -a","description":{"@type":"html","value":"descripción: Código: 2621<br>Coordenadas: -41.1217607 -71.3674431<br>Garita: 1<br>Cartel: <br>Observaciones: <br>Conexiones: (10_A1:25)-(10_B1:25)-(10_C1:25)-(13/22_A1:24)-(20_1:25)-(21_1:25)-<br>Código: 2621<br>Coordenadas: -41.1217607 -71.3674431<br>Garita: 1.0<br>Cartel: <br>Observaciones: <br>Conexiones: (10_A1:25)-(10_B1:25)-(10_C1:25)-(13/22_A1:24)-(20_1:25)-(21_1:25)-"},"styleUrl":"#icon-1739-E65100","icon-scale":1,"icon":"images/icon-1.png","descripción":"Código: 2621\nCoordenadas: -41.1217607 -71.3674431\nGarita: 1\nCartel: \nObservaciones: \nConexiones: (10_A1:25)-(10_B1:25)-(10_C1:25)-(13/22_A1:24)-(20_1:25)-(21_1:25)-","Código":"2621","Coordenadas":"-41.1217607 -71.3674431","Garita":"1.0","Cartel":"","Observaciones":"","Conexiones":"(10_A1:25)-(10_B1:25)-(10_C1:25)-(13/22_A1:24)-(20_1:25)-(21_1:25)-"}},
{"type":"Feature","geometry":{"type":"Point","coordinates":[-71.378968,-41.12032,0]},"properties":{"name":"Av. Bustillo y El Mirador -a","description":{"@type":"html","value":"descripción: Código: 2624<br>Coordenadas: -41.1203204 -71.378968<br>Garita: <br>Cartel: <br>Observaciones: <br>Conexiones: (10_A1:28)-(10_B1:28)-(10_C1:28)-(13/22_A1:27)-(20_1:28)-(21_1:28)-<br>Código: 2624<br>Coordenadas: -41.1203204 -71.378968<br>Garita: <br>Cartel: <br>Observaciones: <br>Conexiones: (10_A1:28)-(10_B1:28)-(10_C1:28)-(13/22_A1:27)-(20_1:28)-(21_1:28)-"},"styleUrl":"#icon-1739-E65100","icon-scale":1,"icon":"images/icon-1.png","descripción":"Código: 2624\nCoordenadas: -41.1203204 -71.378968\nGarita: \nCartel: \nObservaciones: \nConexiones: (10_A1:28)-(10_B1:28)-(10_C1:28)-(13/22_A1:27)-(20_1:28)-(21_1:28)-","Código":"2624","Coordenadas":"-41.1203204 -71.378968","Garita":"","Cartel":"","Observaciones":"","Conexiones":"(10_A1:28)-(10_B1:28)-(10_C1:28)-(13/22_A1:27)-(20_1:28)-(21_1:28)-"}},
{"type":"Feature","geometry":{"type":"Point","coordinates":[-71.383525,-41.119519,0]},"properties":{"name":"Av. Bustillo Km.6.600 -a","description":{"@type":"html","value":"descripción: Código: 2625<br>Coordenadas: -41.1195186 -71.3835247<br>Garita: 1<br>Cartel: <br>Observaciones: <br>Conexiones: (10_A1:29)-(10_B1:29)-(10_C1:29)-(13/22_A1:28)-(20_1:29)-(21_1:29)-<br>Código: 2625<br>Coordenadas: -41.1195186 -71.3835247<br>Garita: 1.0<br>Cartel: <br>Observaciones: <br>Conexiones: (10_A1:29)-(10_B1:29)-(10_C1:29)-(13/22_A1:28)-(20_1:29)-(21_1:29)-"},"styleUrl":"#icon-1739-E65100","icon-scale":1,"icon":"images/icon-1.png","descripción":"Código: 2625\nCoordenadas: -41.1195186 -71.3835247\nGarita: 1\nCartel: \nObservaciones: \nConexiones: (10_A1:29)-(10_B1:29)-(10_C1:29)-(13/22_A1:28)-(20_1:29)-(21_1:29)-","Código":"2625","Coordenadas":"-41.1195186 -71.3835247","Garita":"1.0","Cartel":"","Observaciones":"","Conexiones":"(10_A1:29)-(10_B1:29)-(10_C1:29)-(13/22_A1:28)-(20_1:29)-(21_1:29)-"}},
{"type":"Feature","geometry":{"type":"Point","coordinates":[-71.386427,-41.119427,0]},"properties":{"name":"Av. Bustillo Km.7 -a","description":{"@type":"html","value":"descripción: Código: 2626<br>Coordenadas: -41.119427 -71.3864268<br>Garita: <br>Cartel: <br>Observaciones: <br>Conexiones: (10_A1:30)-(10_B1:30)-(10_C1:30)-(13/22_A1:29)-(20_1:30)-(21_1:30)-<br>Código: 2626<br>Coordenadas: -41.119427 -71.3864268<br>Garita: <br>Cartel: <br>Observaciones: <br>Conexiones: (10_A1:30)-(10_B1:30)-(10_C1:30)-(13/22_A1:29)-(20_1:30)-(21_1:30)-"},"styleUrl":"#icon-1739-E65100","icon-scale":1,"icon":"images/icon-1.png","descripción":"Código: 2626\nCoordenadas: -41.119427 -71.3864268\nGarita: \nCartel: \nObservaciones: \nConexiones: (10_A1:30)-(10_B1:30)-(10_C1:30)-(13/22_A1:29)-(20_1:30)-(21_1:30)-","Código":"2626","Coordenadas":"-41.119427 -71.3864268","Garita":"","Cartel":"","Observaciones":"","Conexiones":"(10_A1:30)-(10_B1:30)-(10_C1:30)-(13/22_A1:29)-(20_1:30)-(21_1:30)-"}},
{"type":"Feature","geometry":{"type":"Point","coordinates":[-71.396814,-41.121455,0]},"properties":{"name":"Av. Bustillo Km.7.900 - Playa Bonita -a","description":{"@type":"html","value":"descripción: Código: 2628<br>Coordenadas: -41.1214554 -71.396814<br>Garita: 1<br>Cartel: <br>Observaciones: <br>Conexiones: (10_A1:32)-(10_B1:32)-(10_C1:32)-(13/22_A1:31)-(20_1:32)-(21_1:32)-<br>Código: 2628<br>Coordenadas: -41.1214554 -71.396814<br>Garita: 1.0<br>Cartel: <br>Observaciones: <br>Conexiones: (10_A1:32)-(10_B1:32)-(10_C1:32)-(13/22_A1:31)-(20_1:32)-(21_1:32)-"},"styleUrl":"#icon-1739-E65100","icon-scale":1,"icon":"images/icon-1.png","descripción":"Código: 2628\nCoordenadas: -41.1214554 -71.396814\nGarita: 1\nCartel: \nObservaciones: \nConexiones: (10_A1:32)-(10_B1:32)-(10_C1:32)-(13/22_A1:31)-(20_1:32)-(21_1:32)-","Código":"2628","Coordenadas":"-41.1214554 -71.396814","Garita":"1.0","Cartel":"","Observaciones":"","Conexiones":"(10_A1:32)-(10_B1:32)-(10_C1:32)-(13/22_A1:31)-(20_1:32)-(21_1:32)-"}},
{"type":"Feature","geometry":{"type":"Point","coordinates":[-71.401501,-41.119489,0]},"properties":{"name":"Av. Bustillo Km.8.500 -a","description":{"@type":"html","value":"descripción: Código: 2629<br>Coordenadas: -41.1194893 -71.4015009<br>Garita: <br>Cartel: <br>Observaciones: <br>Conexiones: (10_A1:33)-(10_B1:33)-(10_C1:33)-(13/22_A1:32)-(20_1:33)-(21_1:33)-<br>Código: 2629<br>Coordenadas: -41.1194893 -71.4015009<br>Garita: <br>Cartel: <br>Observaciones: <br>Conexiones: (10_A1:33)-(10_B1:33)-(10_C1:33)-(13/22_A1:32)-(20_1:33)-(21_1:33)-"},"styleUrl":"#icon-1739-E65100","icon-scale":1,"icon":"images/icon-1.png","descripción":"Código: 2629\nCoordenadas: -41.1194893 -71.4015009\nGarita: \nCartel: \nObservaciones: \nConexiones: (10_A1:33)-(10_B1:33)-(10_C1:33)-(13/22_A1:32)-(20_1:33)-(21_1:33)-","Código":"2629","Coordenadas":"-41.1194893 -71.4015009","Garita":"","Cartel":"","Observaciones":"","Conexiones":"(10_A1:33)-(10_B1:33)-(10_C1:33)-(13/22_A1:32)-(20_1:33)-(21_1:33)-"}},
{"type":"Feature","geometry":{"type":"Point","coordinates":[-71.40359,-41.117619,0]},"properties":{"name":"Av. Bustillo Km.8.800 -a","description":{"@type":"html","value":"descripción: Código: 2630<br>Coordenadas: -41.1176187 -71.4035896<br>Garita: 1<br>Cartel: <br>Observaciones: <br>Conexiones: (10_A1:34)-(10_B1:34)-(10_C1:34)-(13/22_A1:33)-(20_1:34)-(21_1:34)-(51_1:46)-<br>Código: 2630<br>Coordenadas: -41.1176187 -71.4035896<br>Garita: 1.0<br>Cartel: <br>Observaciones: <br>Conexiones: (10_A1:34)-(10_B1:34)-(10_C1:34)-(13/22_A1:33)-(20_1:34)-(21_1:34)-(51_1:46)-"},"styleUrl":"#icon-1739-E65100","icon-scale":1,"icon":"images/icon-1.png","descripción":"Código: 2630\nCoordenadas: -41.1176187 -71.4035896\nGarita: 1\nCartel: \nObservaciones: \nConexiones: (10_A1:34)-(10_B1:34)-(10_C1:34)-(13/22_A1:33)-(20_1:34)-(21_1:34)-(51_1:46)-","Código":"2630","Coordenadas":"-41.1176187 -71.4035896","Garita":"1.0","Cartel":"","Observaciones":"","Conexiones":"(10_A1:34)-(10_B1:34)-(10_C1:34)-(13/22_A1:33)-(20_1:34)-(21_1:34)-(51_1:46)-"}},
{"type":"Feature","geometry":{"type":"Point","coordinates":[-71.414634,-41.113256,0]},"properties":{"name":"Av. Bustillo Km.9.800 - Centro Atómico -a","description":{"@type":"html","value":"descripción: Código: 2632<br>Coordenadas: -41.1132557 -71.4146336<br>Garita: <br>Cartel: <br>Observaciones: <br>Conexiones: (10_A1:36)-(10_B1:36)-(10_C1:36)-(13/22_A1:35)-(20_1:36)-(21_1:36)-(51_1:48)-<br>Código: 2632<br>Coordenadas: -41.1132557 -71.4146336<br>Garita: <br>Cartel: <br>Observaciones: <br>Conexiones: (10_A1:36)-(10_B1:36)-(10_C1:36)-(13/22_A1:35)-(20_1:36)-(21_1:36)-(51_1:48)-"},"styleUrl":"#icon-1739-E65100","icon-scale":1,"icon":"images/icon-1.png","descripción":"Código: 2632\nCoordenadas: -41.1132557 -71.4146336\nGarita: \nCartel: \nObservaciones: \nConexiones: (10_A1:36)-(10_B1:36)-(10_C1:36)-(13/22_A1:35)-(20_1:36)-(21_1:36)-(51_1:48)-","Código":"2632","Coordenadas":"-41.1132557 -71.4146336","Garita":"","Cartel":"","Observaciones":"","Conexiones":"(10_A1:36)-(10_B1:36)-(10_C1:36)-(13/22_A1:35)-(20_1:36)-(21_1:36)-(51_1:48)-"}},
{"type":"Feature","geometry":{"type":"Point","coordinates":[-71.421314,-41.11173,0]},"properties":{"name":"Av. Bustillo Km.10.500 - Puerto Moreno -a","description":{"@type":"html","value":"descripción: Código: 2633<br>Coordenadas: -41.1117297 -71.4213141<br>Garita: <br>Cartel: 1<br>Observaciones: <br>Conexiones: (10_A1:37)-(10_B1:37)-(10_C1:37)-(13/22_A1:36)-(20_1:37)-(21_1:37)-(51_1:49)-<br>Código: 2633<br>Coordenadas: -41.1117297 -71.4213141<br>Garita: <br>Cartel: 1.0<br>Observaciones: <br>Conexiones: (10_A1:37)-(10_B1:37)-(10_C1:37)-(13/22_A1:36)-(20_1:37)-(21_1:37)-(51_1:49)-"},"styleUrl":"#icon-1739-E65100","icon-scale":1,"icon":"images/icon-1.png","descripción":"Código: 2633\nCoordenadas: -41.1117297 -71.4213141\nGarita: \nCartel: 1\nObservaciones: \nConexiones: (10_A1:37)-(10_B1:37)-(10_C1:37)-(13/22_A1:36)-(20_1:37)-(21_1:37)-(51_1:49)-","Código":"2633","Coordenadas":"-41.1117297 -71.4213141","Garita":"","Cartel":"1.0","Observaciones":"","Conexiones":"(10_A1:37)-(10_B1:37)-(10_C1:37)-(13/22_A1:36)-(20_1:37)-(21_1:37)-(51_1:49)-"}},
{"type":"Feature","geometry":{"type":"Point","coordinates":[-71.424012,-41.11196,0]},"properties":{"name":"RP 79 y Av. Bustillo -a","description":{"@type":"html","value":"descripción: Código: 2634<br>Coordenadas: -41.1119598 -71.4240115<br>Garita: <br>Cartel: <br>Observaciones: <br>Conexiones: (21_1:38)-<br>Código: 2634<br>Coordenadas: -41.1119598 -71.4240115<br>Garita: <br>Cartel: <br>Observaciones: <br>Conexiones: (21_1:38)-"},"styleUrl":"#icon-1739-E65100","icon-scale":1,"icon":"images/icon-1.png","descripción":"Código: 2634\nCoordenadas: -41.1119598 -71.4240115\nGarita: \nCartel: \nObservaciones: \nConexiones: (21_1:38)-","Código":"2634","Coordenadas":"-41.1119598 -71.4240115","Garita":"","Cartel":"","Observaciones":"","Conexiones":"(21_1:38)-"}},
{"type":"Feature","geometry":{"type":"Point","coordinates":[-71.425352,-41.113,0]},"properties":{"name":"RP 79 y Zorzales -a","description":{"@type":"html","value":"descripción: Código: 2635<br>Coordenadas: -41.1129997 -71.4253522<br>Garita: <br>Cartel: <br>Observaciones: <br>Conexiones: (21_1:39)-<br>Código: 2635<br>Coordenadas: -41.1129997 -71.4253522<br>Garita: <br>Cartel: <br>Observaciones: <br>Conexiones: (21_1:39)-"},"styleUrl":"#icon-1739-E65100","icon-scale":1,"icon":"images/icon-1.png","descripción":"Código: 2635\nCoordenadas: -41.1129997 -71.4253522\nGarita: \nCartel: \nObservaciones: \nConexiones: (21_1:39)-","Código":"2635","Coordenadas":"-41.1129997 -71.4253522","Garita":"","Cartel":"","Observaciones":"","Conexiones":"(21_1:39)-"}},
{"type":"Feature","geometry":{"type":"Point","coordinates":[-71.427266,-41.116504,0]},"properties":{"name":"Tordos y Pájaros Azules -a","description":{"@type":"html","value":"descripción: Código: 2636<br>Coordenadas: -41.1165035 -71.4272656<br>Garita: <br>Cartel: 1<br>Observaciones: <br>Conexiones: (21_1:40)-<br>Código: 2636<br>Coordenadas: -41.1165035 -71.4272656<br>Garita: <br>Cartel: 1.0<br>Observaciones: <br>Conexiones: (21_1:40)-"},"styleUrl":"#icon-1739-E65100","icon-scale":1,"icon":"images/icon-1.png","descripción":"Código: 2636\nCoordenadas: -41.1165035 -71.4272656\nGarita: \nCartel: 1\nObservaciones: \nConexiones: (21_1:40)-","Código":"2636","Coordenadas":"-41.1165035 -71.4272656","Garita":"","Cartel":"1.0","Observaciones":"","Conexiones":"(21_1:40)-"}},
{"type":"Feature","geometry":{"type":"Point","coordinates":[-71.43224,-41.116067,0]},"properties":{"name":"Chingolos y Diucas -b","description":{"@type":"html","value":"descripción: Código: 2637<br>Coordenadas: -41.116067 -71.4322397<br>Garita: <br>Cartel: 1<br>Observaciones: <br>Conexiones: (21_2:17)-<br>Código: 2637<br>Coordenadas: -41.116067 -71.4322397<br>Garita: <br>Cartel: 1.0<br>Observaciones: <br>Conexiones: (21_2:17)-"},"styleUrl":"#icon-1739-E65100","icon-scale":1,"icon":"images/icon-1.png","descripción":"Código: 2637\nCoordenadas: -41.116067 -71.4322397\nGarita: \nCartel: 1\nObservaciones: \nConexiones: (21_2:17)-","Código":"2637","Coordenadas":"-41.116067 -71.4322397","Garita":"","Cartel":"1.0","Observaciones":"","Conexiones":"(21_2:17)-"}},
{"type":"Feature","geometry":{"type":"Point","coordinates":[-71.433447,-41.115405,0]},"properties":{"name":"Chingolos y Gaviotas -b","description":{"@type":"html","value":"descripción: Código: 2638<br>Coordenadas: -41.1154049 -71.4334469<br>Garita: <br>Cartel: 1<br>Observaciones: <br>Conexiones: (21_2:16)-<br>Código: 2638<br>Coordenadas: -41.1154049 -71.4334469<br>Garita: <br>Cartel: 1.0<br>Observaciones: <br>Conexiones: (21_2:16)-"},"styleUrl":"#icon-1739-E65100","icon-scale":1,"icon":"images/icon-1.png","descripción":"Código: 2638\nCoordenadas: -41.1154049 -71.4334469\nGarita: \nCartel: 1\nObservaciones: \nConexiones: (21_2:16)-","Código":"2638","Coordenadas":"-41.1154049 -71.4334469","Garita":"","Cartel":"1.0","Observaciones":"","Conexiones":"(21_2:16)-"}},
{"type":"Feature","geometry":{"type":"Point","coordinates":[-71.434444,-41.116369,0]},"properties":{"name":"C. 1 y Primera Diag.","description":{"@type":"html","value":"descripción: Código: 2639<br>Coordenadas: -41.1163693 -71.4344444<br>Garita: <br>Cartel: <br>Observaciones: <br>Conexiones: (21_1:43)-<br>Código: 2639<br>Coordenadas: -41.1163693 -71.4344444<br>Garita: <br>Cartel: <br>Observaciones: <br>Conexiones: (21_1:43)-"},"styleUrl":"#icon-1739-E65100","icon-scale":1,"icon":"images/icon-1.png","descripción":"Código: 2639\nCoordenadas: -41.1163693 -71.4344444\nGarita: \nCartel: \nObservaciones: \nConexiones: (21_1:43)-","Código":"2639","Coordenadas":"-41.1163693 -71.4344444","Garita":"","Cartel":"","Observaciones":"","Conexiones":"(21_1:43)-"}},
{"type":"Feature","geometry":{"type":"Point","coordinates":[-71.436901,-41.115706,0]},"properties":{"name":"Plaza B° Casa de Piedra -a","description":{"@type":"html","value":"descripción: Código: 2640<br>Coordenadas: -41.1157062 -71.4369014<br>Garita: <br>Cartel: 1<br>Observaciones: <br>Conexiones: (21_1:44)-<br>Código: 2640<br>Coordenadas: -41.1157062 -71.4369014<br>Garita: <br>Cartel: 1.0<br>Observaciones: <br>Conexiones: (21_1:44)-"},"styleUrl":"#icon-1739-E65100","icon-scale":1,"icon":"images/icon-1.png","descripción":"Código: 2640\nCoordenadas: -41.1157062 -71.4369014\nGarita: \nCartel: 1\nObservaciones: \nConexiones: (21_1:44)-","Código":"2640","Coordenadas":"-41.1157062 -71.4369014","Garita":"","Cartel":"1.0","Observaciones":"","Conexiones":"(21_1:44)-"}},
{"type":"Feature","geometry":{"type":"Point","coordinates":[-71.439285,-41.114398,0]},"properties":{"name":"Cahiu y Siete -a","description":{"@type":"html","value":"descripción: Código: 2641<br>Coordenadas: -41.1143979 -71.4392848<br>Garita: <br>Cartel: 1<br>Observaciones: <br>Conexiones: (21_1:45)-<br>Código: 2641<br>Coordenadas: -41.1143979 -71.4392848<br>Garita: <br>Cartel: 1.0<br>Observaciones: <br>Conexiones: (21_1:45)-"},"styleUrl":"#icon-1739-E65100","icon-scale":1,"icon":"images/icon-1.png","descripción":"Código: 2641\nCoordenadas: -41.1143979 -71.4392848\nGarita: \nCartel: 1\nObservaciones: \nConexiones: (21_1:45)-","Código":"2641","Coordenadas":"-41.1143979 -71.4392848","Garita":"","Cartel":"1.0","Observaciones":"","Conexiones":"(21_1:45)-"}},
{"type":"Feature","geometry":{"type":"Point","coordinates":[-71.441099,-41.113341,0]},"properties":{"name":"Cahiu y C. 9 -a","description":{"@type":"html","value":"descripción: Código: 2642<br>Coordenadas: -41.113341 -71.441099<br>Garita: <br>Cartel: <br>Observaciones: <br>Conexiones: (21_1:46)-<br>Código: 2642<br>Coordenadas: -41.113341 -71.441099<br>Garita: <br>Cartel: <br>Observaciones: <br>Conexiones: (21_1:46)-"},"styleUrl":"#icon-1739-E65100","icon-scale":1,"icon":"images/icon-1.png","descripción":"Código: 2642\nCoordenadas: -41.113341 -71.441099\nGarita: \nCartel: \nObservaciones: \nConexiones: (21_1:46)-","Código":"2642","Coordenadas":"-41.113341 -71.441099","Garita":"","Cartel":"","Observaciones":"","Conexiones":"(21_1:46)-"}},
{"type":"Feature","geometry":{"type":"Point","coordinates":[-71.442925,-41.112288,0]},"properties":{"name":"Cahiu y C. 13 -a","description":{"@type":"html","value":"descripción: Código: 2643<br>Coordenadas: -41.1122877 -71.4429248<br>Garita: <br>Cartel: <br>Observaciones: <br>Conexiones: (21_1:47)-<br>Código: 2643<br>Coordenadas: -41.1122877 -71.4429248<br>Garita: <br>Cartel: <br>Observaciones: <br>Conexiones: (21_1:47)-"},"styleUrl":"#icon-1739-E65100","icon-scale":1,"icon":"images/icon-1.png","descripción":"Código: 2643\nCoordenadas: -41.1122877 -71.4429248\nGarita: \nCartel: \nObservaciones: \nConexiones: (21_1:47)-","Código":"2643","Coordenadas":"-41.1122877 -71.4429248","Garita":"","Cartel":"","Observaciones":"","Conexiones":"(21_1:47)-"}},
{"type":"Feature","geometry":{"type":"Point","coordinates":[-71.445468,-41.110891,0]},"properties":{"name":"Cahiu y C. 17 -a","description":{"@type":"html","value":"descripción: Código: 2644<br>Coordenadas: -41.1108908 -71.4454683<br>Garita: <br>Cartel: <br>Observaciones: <br>Conexiones: (21_1:48)-<br>Código: 2644<br>Coordenadas: -41.1108908 -71.4454683<br>Garita: <br>Cartel: <br>Observaciones: <br>Conexiones: (21_1:48)-"},"styleUrl":"#icon-1739-E65100","icon-scale":1,"icon":"images/icon-1.png","descripción":"Código: 2644\nCoordenadas: -41.1108908 -71.4454683\nGarita: \nCartel: \nObservaciones: \nConexiones: (21_1:48)-","Código":"2644","Coordenadas":"-41.1108908 -71.4454683","Garita":"","Cartel":"","Observaciones":"","Conexiones":"(21_1:48)-"}},
{"type":"Feature","geometry":{"type":"Point","coordinates":[-71.449141,-41.108758,0]},"properties":{"name":"Del Crepúsculo y Cahiu -a","description":{"@type":"html","value":"descripción: Código: 2645<br>Coordenadas: -41.1087578 -71.4491411<br>Garita: <br>Cartel: <br>Observaciones: <br>Conexiones: (21_1:49)-<br>Código: 2645<br>Coordenadas: -41.1087578 -71.4491411<br>Garita: <br>Cartel: <br>Observaciones: <br>Conexiones: (21_1:49)-"},"styleUrl":"#icon-1739-E65100","icon-scale":1,"icon":"images/icon-1.png","descripción":"Código: 2645\nCoordenadas: -41.1087578 -71.4491411\nGarita: \nCartel: \nObservaciones: \nConexiones: (21_1:49)-","Código":"2645","Coordenadas":"-41.1087578 -71.4491411","Garita":"","Cartel":"","Observaciones":"","Conexiones":"(21_1:49)-"}},
{"type":"Feature","geometry":{"type":"Point","coordinates":[-71.451476,-41.108561,0]},"properties":{"name":"Cahiu y De las Estrellas -a","description":{"@type":"html","value":"descripción: Código: 2646<br>Coordenadas: -41.1085606 -71.4514763<br>Garita: <br>Cartel: <br>Observaciones: <br>Conexiones: (21_1:50)-<br>Código: 2646<br>Coordenadas: -41.1085606 -71.4514763<br>Garita: <br>Cartel: <br>Observaciones: <br>Conexiones: (21_1:50)-"},"styleUrl":"#icon-1739-E65100","icon-scale":1,"icon":"images/icon-1.png","descripción":"Código: 2646\nCoordenadas: -41.1085606 -71.4514763\nGarita: \nCartel: \nObservaciones: \nConexiones: (21_1:50)-","Código":"2646","Coordenadas":"-41.1085606 -71.4514763","Garita":"","Cartel":"","Observaciones":"","Conexiones":"(21_1:50)-"}},
{"type":"Feature","geometry":{"type":"Point","coordinates":[-71.455957,-41.104713,0]},"properties":{"name":"Antiguo Camino Llao Llao y Rotonda -a","description":{"@type":"html","value":"descripción: Código: 2647<br>Coordenadas: -41.1047127 -71.4559574<br>Garita: 1<br>Cartel: <br>Observaciones: <br>Conexiones: (21_1:51)-<br>Código: 2647<br>Coordenadas: -41.1047127 -71.4559574<br>Garita: 1.0<br>Cartel: <br>Observaciones: <br>Conexiones: (21_1:51)-"},"styleUrl":"#icon-1739-E65100","icon-scale":1,"icon":"images/icon-1.png","descripción":"Código: 2647\nCoordenadas: -41.1047127 -71.4559574\nGarita: 1\nCartel: \nObservaciones: \nConexiones: (21_1:51)-","Código":"2647","Coordenadas":"-41.1047127 -71.4559574","Garita":"1.0","Cartel":"","Observaciones":"","Conexiones":"(21_1:51)-"}},
{"type":"Feature","geometry":{"type":"Point","coordinates":[-71.458111,-41.104061,0]},"properties":{"name":"C. 12 y C. 4 -a","description":{"@type":"html","value":"descripción: Código: 2648<br>Coordenadas: -41.1040612 -71.4581112<br>Garita: <br>Cartel: <br>Observaciones: <br>Conexiones: (21_1:52)-<br>Código: 2648<br>Coordenadas: -41.1040612 -71.4581112<br>Garita: <br>Cartel: <br>Observaciones: <br>Conexiones: (21_1:52)-"},"styleUrl":"#icon-1739-E65100","icon-scale":1,"icon":"images/icon-1.png","descripción":"Código: 2648\nCoordenadas: -41.1040612 -71.4581112\nGarita: \nCartel: \nObservaciones: \nConexiones: (21_1:52)-","Código":"2648","Coordenadas":"-41.1040612 -71.4581112","Garita":"","Cartel":"","Observaciones":"","Conexiones":"(21_1:52)-"}},
{"type":"Feature","geometry":{"type":"Point","coordinates":[-71.459367,-41.103688,0]},"properties":{"name":"C. 12 y C. 7 -a","description":{"@type":"html","value":"descripción: Código: 2649<br>Coordenadas: -41.1036882 -71.4593671<br>Garita: <br>Cartel: <br>Observaciones: <br>Conexiones: (21_1:53)-<br>Código: 2649<br>Coordenadas: -41.1036882 -71.4593671<br>Garita: <br>Cartel: <br>Observaciones: <br>Conexiones: (21_1:53)-"},"styleUrl":"#icon-1739-E65100","icon-scale":1,"icon":"images/icon-1.png","descripción":"Código: 2649\nCoordenadas: -41.1036882 -71.4593671\nGarita: \nCartel: \nObservaciones: \nConexiones: (21_1:53)-","Código":"2649","Coordenadas":"-41.1036882 -71.4593671","Garita":"","Cartel":"","Observaciones":"","Conexiones":"(21_1:53)-"}},
{"type":"Feature","geometry":{"type":"Point","coordinates":[-71.461349,-41.103224,0]},"properties":{"name":"C. 12 y C. 10 -a","description":{"@type":"html","value":"descripción: Código: 2650<br>Coordenadas: -41.1032239 -71.4613486<br>Garita: 1<br>Cartel: <br>Observaciones: <br>Conexiones: (21_1:54)-<br>Código: 2650<br>Coordenadas: -41.1032239 -71.4613486<br>Garita: 1.0<br>Cartel: <br>Observaciones: <br>Conexiones: (21_1:54)-"},"styleUrl":"#icon-1739-E65100","icon-scale":1,"icon":"images/icon-1.png","descripción":"Código: 2650\nCoordenadas: -41.1032239 -71.4613486\nGarita: 1\nCartel: \nObservaciones: \nConexiones: (21_1:54)-","Código":"2650","Coordenadas":"-41.1032239 -71.4613486","Garita":"1.0","Cartel":"","Observaciones":"","Conexiones":"(21_1:54)-"}},
{"type":"Feature","geometry":{"type":"Point","coordinates":[-71.510392,-41.076156,0]},"properties":{"name":"RP 77 y Acceso a Colonia Suiza","description":{"@type":"html","value":"descripción: Código: 2710<br>Coordenadas: -41.0761561 -71.5103918<br>Garita: <br>Cartel: <br>Observaciones: <br>Conexiones: (10_A1:66)-(10_B1:66)-(10_C1:66)-(10_C2:19)-(13/22_B2:28)-(13_1:20)-(13_2:9)-<br>Código: 2710<br>Coordenadas: -41.0761561 -71.5103918<br>Garita: <br>Cartel: <br>Observaciones: <br>Conexiones: (10_A1:66)-(10_B1:66)-(10_C1:66)-(10_C2:19)-(13/22_B2:28)-(13_1:20)-(13_2:9)-"},"styleUrl":"#icon-1739-E65100","icon-scale":1,"icon":"images/icon-1.png","descripción":"Código: 2710\nCoordenadas: -41.0761561 -71.5103918\nGarita: \nCartel: \nObservaciones: \nConexiones: (10_A1:66)-(10_B1:66)-(10_C1:66)-(10_C2:19)-(13/22_B2:28)-(13_1:20)-(13_2:9)-","Código":"2710","Coordenadas":"-41.0761561 -71.5103918","Garita":"","Cartel":"","Observaciones":"","Conexiones":"(10_A1:66)-(10_B1:66)-(10_C1:66)-(10_C2:19)-(13/22_B2:28)-(13_1:20)-(13_2:9)-"}},
{"type":"Feature","geometry":{"type":"Point","coordinates":[-71.50745,-41.086574,0]},"properties":{"name":"Genoveva Beveraggi - Escarpa -a","description":{"@type":"html","value":"descripción: Código: 2711<br>Coordenadas: -41.0865741 -71.5074499<br>Garita: <br>Cartel: <br>Observaciones: <br>Conexiones: (10_A1:68)-(10_B1:68)-(13_2:11)-<br>Código: 2711<br>Coordenadas: -41.0865741 -71.5074499<br>Garita: <br>Cartel: <br>Observaciones: <br>Conexiones: (10_A1:68)-(10_B1:68)-(13_2:11)-"},"styleUrl":"#icon-1739-E65100","icon-scale":1,"icon":"images/icon-1.png","descripción":"Código: 2711\nCoordenadas: -41.0865741 -71.5074499\nGarita: \nCartel: \nObservaciones: \nConexiones: (10_A1:68)-(10_B1:68)-(13_2:11)-","Código":"2711","Coordenadas":"-41.0865741 -71.5074499","Garita":"","Cartel":"","Observaciones":"","Conexiones":"(10_A1:68)-(10_B1:68)-(13_2:11)-"}},
{"type":"Feature","geometry":{"type":"Point","coordinates":[-71.507596,-41.087842,0]},"properties":{"name":"Genoveva Beveraggi 1480 -a","description":{"@type":"html","value":"descripción: Código: 2712<br>Coordenadas: -41.0878415 -71.5075965<br>Garita: <br>Cartel: <br>Observaciones: <br>Conexiones: (10_A1:69)-(10_B1:69)-(13_2:12)-<br>Código: 2712<br>Coordenadas: -41.0878415 -71.5075965<br>Garita: <br>Cartel: <br>Observaciones: <br>Conexiones: (10_A1:69)-(10_B1:69)-(13_2:12)-"},"styleUrl":"#icon-1739-E65100","icon-scale":1,"icon":"images/icon-1.png","descripción":"Código: 2712\nCoordenadas: -41.0878415 -71.5075965\nGarita: \nCartel: \nObservaciones: \nConexiones: (10_A1:69)-(10_B1:69)-(13_2:12)-","Código":"2712","Coordenadas":"-41.0878415 -71.5075965","Garita":"","Cartel":"","Observaciones":"","Conexiones":"(10_A1:69)-(10_B1:69)-(13_2:12)-"}},
{"type":"Feature","geometry":{"type":"Point","coordinates":[-71.511078,-41.092839,0]},"properties":{"name":"Destacamento Colonia Suiza -a","description":{"@type":"html","value":"descripción: Código: 2713<br>Coordenadas: -41.0928394 -71.5110777<br>Garita: <br>Cartel: <br>Observaciones: <br>Conexiones: (10_A1:70)-(10_B1:70)-(13_2:13)-<br>Código: 2713<br>Coordenadas: -41.0928394 -71.5110777<br>Garita: <br>Cartel: <br>Observaciones: <br>Conexiones: (10_A1:70)-(10_B1:70)-(13_2:13)-"},"styleUrl":"#icon-1739-E65100","icon-scale":1,"icon":"images/icon-1.png","descripción":"Código: 2713\nCoordenadas: -41.0928394 -71.5110777\nGarita: \nCartel: \nObservaciones: \nConexiones: (10_A1:70)-(10_B1:70)-(13_2:13)-","Código":"2713","Coordenadas":"-41.0928394 -71.5110777","Garita":"","Cartel":"","Observaciones":"","Conexiones":"(10_A1:70)-(10_B1:70)-(13_2:13)-"}},
{"type":"Feature","geometry":{"type":"Point","coordinates":[-71.506821,-41.095482,0]},"properties":{"name":"Camping Colonia Suiza -a","description":{"@type":"html","value":"descripción: Código: 2715<br>Coordenadas: -41.095482 -71.5068211<br>Garita: <br>Cartel: <br>Observaciones: <br>Conexiones: (10_A1:72)-(10_B1:72)-(13_2:15)-<br>Código: 2715<br>Coordenadas: -41.095482 -71.5068211<br>Garita: <br>Cartel: <br>Observaciones: <br>Conexiones: (10_A1:72)-(10_B1:72)-(13_2:15)-"},"styleUrl":"#icon-1739-E65100","icon-scale":1,"icon":"images/icon-1.png","descripción":"Código: 2715\nCoordenadas: -41.095482 -71.5068211\nGarita: \nCartel: \nObservaciones: \nConexiones: (10_A1:72)-(10_B1:72)-(13_2:15)-","Código":"2715","Coordenadas":"-41.095482 -71.5068211","Garita":"","Cartel":"","Observaciones":"","Conexiones":"(10_A1:72)-(10_B1:72)-(13_2:15)-"}},
{"type":"Feature","geometry":{"type":"Point","coordinates":[-71.56692,-41.075251,0]},"properties":{"name":"RP 77 Circuito Chico Bahía López","description":{"@type":"html","value":"descripción: Código: 2801<br>Coordenadas: -41.0752514 -71.5669199<br>Garita: <br>Cartel: <br>Observaciones: <br>Conexiones: (10_B1:86)-(10_B2:1)-<br>Código: 2801<br>Coordenadas: -41.0752514 -71.5669199<br>Garita: <br>Cartel: <br>Observaciones: <br>Conexiones: (10_B1:86)-(10_B2:1)-"},"styleUrl":"#icon-1739-E65100","icon-scale":1,"icon":"images/icon-1.png","descripción":"Código: 2801\nCoordenadas: -41.0752514 -71.5669199\nGarita: \nCartel: \nObservaciones: \nConexiones: (10_B1:86)-(10_B2:1)-","Código":"2801","Coordenadas":"-41.0752514 -71.5669199","Garita":"","Cartel":"","Observaciones":"","Conexiones":"(10_B1:86)-(10_B2:1)-"}},
{"type":"Feature","geometry":{"type":"Point","coordinates":[-71.550063,-41.082815,0]},"properties":{"name":"RP 77 Circuito Chico - Arroyo López","description":{"@type":"html","value":"descripción: Código: 2802<br>Coordenadas: -41.0828153 -71.5500633<br>Garita: <br>Cartel: <br>Observaciones: <br>Conexiones: (10_B2:2)-<br>Código: 2802<br>Coordenadas: -41.0828153 -71.5500633<br>Garita: <br>Cartel: <br>Observaciones: <br>Conexiones: (10_B2:2)-"},"styleUrl":"#icon-1739-E65100","icon-scale":1,"icon":"images/icon-1.png","descripción":"Código: 2802\nCoordenadas: -41.0828153 -71.5500633\nGarita: \nCartel: \nObservaciones: \nConexiones: (10_B2:2)-","Código":"2802","Coordenadas":"-41.0828153 -71.5500633","Garita":"","Cartel":"","Observaciones":"","Conexiones":"(10_B2:2)-"}},
{"type":"Feature","geometry":{"type":"Point","coordinates":[-71.544769,-41.074018,0]},"properties":{"name":"RP 77 Circuito Chico Km.25.500 -b","description":{"@type":"html","value":"descripción: Código: 2805<br>Coordenadas: -41.0740179 -71.544769<br>Garita: <br>Cartel: <br>Observaciones: <br>Conexiones: (10_B2:5)-(10_C2:12)-(13_1:13)-<br>Código: 2805<br>Coordenadas: -41.0740179 -71.544769<br>Garita: <br>Cartel: <br>Observaciones: <br>Conexiones: (10_B2:5)-(10_C2:12)-(13_1:13)-"},"styleUrl":"#icon-1739-E65100","icon-scale":1,"icon":"images/icon-1.png","descripción":"Código: 2805\nCoordenadas: -41.0740179 -71.544769\nGarita: \nCartel: \nObservaciones: \nConexiones: (10_B2:5)-(10_C2:12)-(13_1:13)-","Código":"2805","Coordenadas":"-41.0740179 -71.544769","Garita":"","Cartel":"","Observaciones":"","Conexiones":"(10_B2:5)-(10_C2:12)-(13_1:13)-"}},
{"type":"Feature","geometry":{"type":"Point","coordinates":[-71.539132,-41.07184,0]},"properties":{"name":"RP 77 Circuito Chico - Cervecería -b","description":{"@type":"html","value":"descripción: Código: 2806<br>Coordenadas: -41.0718397 -71.5391322<br>Garita: <br>Cartel: <br>Observaciones: <br>Conexiones: (10_B2:6)-(10_C2:13)-(13_1:14)-<br>Código: 2806<br>Coordenadas: -41.0718397 -71.5391322<br>Garita: <br>Cartel: <br>Observaciones: <br>Conexiones: (10_B2:6)-(10_C2:13)-(13_1:14)-"},"styleUrl":"#icon-1739-E65100","icon-scale":1,"icon":"images/icon-1.png","descripción":"Código: 2806\nCoordenadas: -41.0718397 -71.5391322\nGarita: \nCartel: \nObservaciones: \nConexiones: (10_B2:6)-(10_C2:13)-(13_1:14)-","Código":"2806","Coordenadas":"-41.0718397 -71.5391322","Garita":"","Cartel":"","Observaciones":"","Conexiones":"(10_B2:6)-(10_C2:13)-(13_1:14)-"}},
{"type":"Feature","geometry":{"type":"Point","coordinates":[-71.53629,-41.073478,0]},"properties":{"name":"RP 77 Circuito Chico Km.24.500 -b","description":{"@type":"html","value":"descripción: Código: 2807<br>Coordenadas: -41.0734782 -71.5362899<br>Garita: <br>Cartel: <br>Observaciones: <br>Conexiones: (10_B2:7)-(10_C2:14)-(13_1:15)-<br>Código: 2807<br>Coordenadas: -41.0734782 -71.5362899<br>Garita: <br>Cartel: <br>Observaciones: <br>Conexiones: (10_B2:7)-(10_C2:14)-(13_1:15)-"},"styleUrl":"#icon-1739-E65100","icon-scale":1,"icon":"images/icon-1.png","descripción":"Código: 2807\nCoordenadas: -41.0734782 -71.5362899\nGarita: \nCartel: \nObservaciones: \nConexiones: (10_B2:7)-(10_C2:14)-(13_1:15)-","Código":"2807","Coordenadas":"-41.0734782 -71.5362899","Garita":"","Cartel":"","Observaciones":"","Conexiones":"(10_B2:7)-(10_C2:14)-(13_1:15)-"}},
{"type":"Feature","geometry":{"type":"Point","coordinates":[-71.532018,-41.074231,0]},"properties":{"name":"RP 77 Circuito Chico Km.24 -b","description":{"@type":"html","value":"descripción: Código: 2808<br>Coordenadas: -41.074231 -71.5320175<br>Garita: 1<br>Cartel: <br>Observaciones: <br>Conexiones: (10_B2:8)-(10_C2:15)-(13_1:16)-<br>Código: 2808<br>Coordenadas: -41.074231 -71.5320175<br>Garita: 1.0<br>Cartel: <br>Observaciones: <br>Conexiones: (10_B2:8)-(10_C2:15)-(13_1:16)-"},"styleUrl":"#icon-1739-E65100","icon-scale":1,"icon":"images/icon-1.png","descripción":"Código: 2808\nCoordenadas: -41.074231 -71.5320175\nGarita: 1\nCartel: \nObservaciones: \nConexiones: (10_B2:8)-(10_C2:15)-(13_1:16)-","Código":"2808","Coordenadas":"-41.074231 -71.5320175","Garita":"1.0","Cartel":"","Observaciones":"","Conexiones":"(10_B2:8)-(10_C2:15)-(13_1:16)-"}},
{"type":"Feature","geometry":{"type":"Point","coordinates":[-71.52664,-41.074218,0]},"properties":{"name":"RP 77 Circuito Chico Km.23 -b","description":{"@type":"html","value":"descripción: Código: 2809<br>Coordenadas: -41.0742185 -71.5266402<br>Garita: <br>Cartel: <br>Observaciones: <br>Conexiones: (10_B2:9)-(10_C2:16)-(13_1:17)-<br>Código: 2809<br>Coordenadas: -41.0742185 -71.5266402<br>Garita: <br>Cartel: <br>Observaciones: <br>Conexiones: (10_B2:9)-(10_C2:16)-(13_1:17)-"},"styleUrl":"#icon-1739-E65100","icon-scale":1,"icon":"images/icon-1.png","descripción":"Código: 2809\nCoordenadas: -41.0742185 -71.5266402\nGarita: \nCartel: \nObservaciones: \nConexiones: (10_B2:9)-(10_C2:16)-(13_1:17)-","Código":"2809","Coordenadas":"-41.0742185 -71.5266402","Garita":"","Cartel":"","Observaciones":"","Conexiones":"(10_B2:9)-(10_C2:16)-(13_1:17)-"}},
{"type":"Feature","geometry":{"type":"Point","coordinates":[-71.522117,-41.071921,0]},"properties":{"name":"RP 77 Circuito Chico - Punto Panorámico -b","description":{"@type":"html","value":"descripción: Código: 2810<br>Coordenadas: -41.0719213 -71.5221174<br>Garita: <br>Cartel: <br>Observaciones: <br>Conexiones: (10_B2:10)-(10_C2:17)-(13_1:18)-<br>Código: 2810<br>Coordenadas: -41.0719213 -71.5221174<br>Garita: <br>Cartel: <br>Observaciones: <br>Conexiones: (10_B2:10)-(10_C2:17)-(13_1:18)-"},"styleUrl":"#icon-1739-E65100","icon-scale":1,"icon":"images/icon-1.png","descripción":"Código: 2810\nCoordenadas: -41.0719213 -71.5221174\nGarita: \nCartel: \nObservaciones: \nConexiones: (10_B2:10)-(10_C2:17)-(13_1:18)-","Código":"2810","Coordenadas":"-41.0719213 -71.5221174","Garita":"","Cartel":"","Observaciones":"","Conexiones":"(10_B2:10)-(10_C2:17)-(13_1:18)-"}},
{"type":"Feature","geometry":{"type":"Point","coordinates":[-71.51134,-41.073972,0]},"properties":{"name":"RP 77 Circuito Chico Km.21 -b","description":{"@type":"html","value":"descripción: Código: 2811<br>Coordenadas: -41.0739725 -71.5113405<br>Garita: <br>Cartel: <br>Observaciones: <br>Conexiones: (10_B2:11)-(10_C2:18)-(13_1:19)-<br>Código: 2811<br>Coordenadas: -41.0739725 -71.5113405<br>Garita: <br>Cartel: <br>Observaciones: <br>Conexiones: (10_B2:11)-(10_C2:18)-(13_1:19)-"},"styleUrl":"#icon-1739-E65100","icon-scale":1,"icon":"images/icon-1.png","descripción":"Código: 2811\nCoordenadas: -41.0739725 -71.5113405\nGarita: \nCartel: \nObservaciones: \nConexiones: (10_B2:11)-(10_C2:18)-(13_1:19)-","Código":"2811","Coordenadas":"-41.0739725 -71.5113405","Garita":"","Cartel":"","Observaciones":"","Conexiones":"(10_B2:11)-(10_C2:18)-(13_1:19)-"}},
{"type":"Feature","geometry":{"type":"Point","coordinates":[-71.506884,-41.073322,0]},"properties":{"name":"RP 77 Circuito Chico- Playa Sin Viento -b","description":{"@type":"html","value":"descripción: Código: 2812<br>Coordenadas: -41.0733217 -71.5068835<br>Garita: <br>Cartel: <br>Observaciones: <br>Conexiones: (10_A2:11)-(10_B2:12)-(10_C2:20)-(13/22_B1:12)-(13_1:21)-<br>Código: 2812<br>Coordenadas: -41.0733217 -71.5068835<br>Garita: <br>Cartel: <br>Observaciones: <br>Conexiones: (10_A2:11)-(10_B2:12)-(10_C2:20)-(13/22_B1:12)-(13_1:21)-"},"styleUrl":"#icon-1739-E65100","icon-scale":1,"icon":"images/icon-1.png","descripción":"Código: 2812\nCoordenadas: -41.0733217 -71.5068835\nGarita: \nCartel: \nObservaciones: \nConexiones: (10_A2:11)-(10_B2:12)-(10_C2:20)-(13/22_B1:12)-(13_1:21)-","Código":"2812","Coordenadas":"-41.0733217 -71.5068835","Garita":"","Cartel":"","Observaciones":"","Conexiones":"(10_A2:11)-(10_B2:12)-(10_C2:20)-(13/22_B1:12)-(13_1:21)-"}},
{"type":"Feature","geometry":{"type":"Point","coordinates":[-71.503891,-41.070966,0]},"properties":{"name":"RP 77 Circuito Chico y Romerillo -a","description":{"@type":"html","value":"descripción: Código: 2813<br>Coordenadas: -41.0709663 -71.5038912<br>Garita: <br>Cartel: <br>Observaciones: <br>Conexiones: (10_A2:12)-(10_B2:13)-(10_C2:21)-(13/22_B1:13)-(13_1:22)-<br>Código: 2813<br>Coordenadas: -41.0709663 -71.5038912<br>Garita: <br>Cartel: <br>Observaciones: <br>Conexiones: (10_A2:12)-(10_B2:13)-(10_C2:21)-(13/22_B1:13)-(13_1:22)-"},"styleUrl":"#icon-1739-E65100","icon-scale":1,"icon":"images/icon-1.png","descripción":"Código: 2813\nCoordenadas: -41.0709663 -71.5038912\nGarita: \nCartel: \nObservaciones: \nConexiones: (10_A2:12)-(10_B2:13)-(10_C2:21)-(13/22_B1:13)-(13_1:22)-","Código":"2813","Coordenadas":"-41.0709663 -71.5038912","Garita":"","Cartel":"","Observaciones":"","Conexiones":"(10_A2:12)-(10_B2:13)-(10_C2:21)-(13/22_B1:13)-(13_1:22)-"}},
{"type":"Feature","geometry":{"type":"Point","coordinates":[-71.500398,-41.072068,0]},"properties":{"name":"RP 77 Circuito Chico y Yal Negro -b","description":{"@type":"html","value":"descripción: Código: 2814<br>Coordenadas: -41.0720678 -71.5003985<br>Garita: <br>Cartel: <br>Observaciones: <br>Conexiones: (10_A2:13)-(10_B2:14)-(10_C2:22)-(13/22_B1:14)-(13_1:23)-<br>Código: 2814<br>Coordenadas: -41.0720678 -71.5003985<br>Garita: <br>Cartel: <br>Observaciones: <br>Conexiones: (10_A2:13)-(10_B2:14)-(10_C2:22)-(13/22_B1:14)-(13_1:23)-"},"styleUrl":"#icon-1739-E65100","icon-scale":1,"icon":"images/icon-1.png","descripción":"Código: 2814\nCoordenadas: -41.0720678 -71.5003985\nGarita: \nCartel: \nObservaciones: \nConexiones: (10_A2:13)-(10_B2:14)-(10_C2:22)-(13/22_B1:14)-(13_1:23)-","Código":"2814","Coordenadas":"-41.0720678 -71.5003985","Garita":"","Cartel":"","Observaciones":"","Conexiones":"(10_A2:13)-(10_B2:14)-(10_C2:22)-(13/22_B1:14)-(13_1:23)-"}},
{"type":"Feature","geometry":{"type":"Point","coordinates":[-71.489512,-41.072604,0]},"properties":{"name":"RP 77 Circuito Chico y C. Paramela -b","description":{"@type":"html","value":"descripción: Código: 2818<br>Coordenadas: -41.0726037 -71.4895122<br>Garita: <br>Cartel: <br>Observaciones: <br>Conexiones: (10_A2:15)-(10_B2:16)-(10_C2:25)-(13/22_B1:17)-(13_1:26)-<br>Código: 2818<br>Coordenadas: -41.0726037 -71.4895122<br>Garita: <br>Cartel: <br>Observaciones: <br>Conexiones: (10_A2:15)-(10_B2:16)-(10_C2:25)-(13/22_B1:17)-(13_1:26)-"},"styleUrl":"#icon-1739-E65100","icon-scale":1,"icon":"images/icon-1.png","descripción":"Código: 2818\nCoordenadas: -41.0726037 -71.4895122\nGarita: \nCartel: \nObservaciones: \nConexiones: (10_A2:15)-(10_B2:16)-(10_C2:25)-(13/22_B1:17)-(13_1:26)-","Código":"2818","Coordenadas":"-41.0726037 -71.4895122","Garita":"","Cartel":"","Observaciones":"","Conexiones":"(10_A2:15)-(10_B2:16)-(10_C2:25)-(13/22_B1:17)-(13_1:26)-"}},
{"type":"Feature","geometry":{"type":"Point","coordinates":[-71.487446,-41.070307,0]},"properties":{"name":"RP 77 Circuito Chico y Siete Colores -b","description":{"@type":"html","value":"descripción: Código: 2819<br>Coordenadas: -41.0703067 -71.4874462<br>Garita: <br>Cartel: <br>Observaciones: <br>Conexiones: (10_A2:16)-(10_B2:17)-(10_C2:26)-(13/22_B1:18)-(13_1:28)-<br>Código: 2819<br>Coordenadas: -41.0703067 -71.4874462<br>Garita: <br>Cartel: <br>Observaciones: <br>Conexiones: (10_A2:16)-(10_B2:17)-(10_C2:26)-(13/22_B1:18)-(13_1:28)-"},"styleUrl":"#icon-1739-E65100","icon-scale":1,"icon":"images/icon-1.png","descripción":"Código: 2819\nCoordenadas: -41.0703067 -71.4874462\nGarita: \nCartel: \nObservaciones: \nConexiones: (10_A2:16)-(10_B2:17)-(10_C2:26)-(13/22_B1:18)-(13_1:28)-","Código":"2819","Coordenadas":"-41.0703067 -71.4874462","Garita":"","Cartel":"","Observaciones":"","Conexiones":"(10_A2:16)-(10_B2:17)-(10_C2:26)-(13/22_B1:18)-(13_1:28)-"}},
{"type":"Feature","geometry":{"type":"Point","coordinates":[-71.481185,-41.069094,0]},"properties":{"name":"Av. Bustillo Km.18 -b","description":{"@type":"html","value":"descripción: Código: 2820<br>Coordenadas: -41.0690936 -71.481185<br>Garita: <br>Cartel: <br>Observaciones: <br>Conexiones: (10_A2:18)-(10_B2:19)-(10_C2:28)-(13/22_A2:21)-(20_2:21)-(51_2:2)-<br>Código: 2820<br>Coordenadas: -41.0690936 -71.481185<br>Garita: <br>Cartel: <br>Observaciones: <br>Conexiones: (10_A2:18)-(10_B2:19)-(10_C2:28)-(13/22_A2:21)-(20_2:21)-(51_2:2)-"},"styleUrl":"#icon-1739-E65100","icon-scale":1,"icon":"images/icon-1.png","descripción":"Código: 2820\nCoordenadas: -41.0690936 -71.481185\nGarita: \nCartel: \nObservaciones: \nConexiones: (10_A2:18)-(10_B2:19)-(10_C2:28)-(13/22_A2:21)-(20_2:21)-(51_2:2)-","Código":"2820","Coordenadas":"-41.0690936 -71.481185","Garita":"","Cartel":"","Observaciones":"","Conexiones":"(10_A2:18)-(10_B2:19)-(10_C2:28)-(13/22_A2:21)-(20_2:21)-(51_2:2)-"}},
{"type":"Feature","geometry":{"type":"Point","coordinates":[-71.481464,-41.068979,0]},"properties":{"name":"Av. Bustillo Km.18 -a","description":{"@type":"html","value":"descripción: Código: 2901<br>Coordenadas: -41.0689786 -71.4814641<br>Garita: <br>Cartel: <br>Observaciones: <br>Conexiones: (10_A1:57)-(10_B1:57)-(10_C1:57)-(13/22_A1:56)-(20_1:57)-(51_1:69)-<br>Código: 2901<br>Coordenadas: -41.0689786 -71.4814641<br>Garita: <br>Cartel: <br>Observaciones: <br>Conexiones: (10_A1:57)-(10_B1:57)-(10_C1:57)-(13/22_A1:56)-(20_1:57)-(51_1:69)-"},"styleUrl":"#icon-1739-E65100","icon-scale":1,"icon":"images/icon-1.png","descripción":"Código: 2901\nCoordenadas: -41.0689786 -71.4814641\nGarita: \nCartel: \nObservaciones: \nConexiones: (10_A1:57)-(10_B1:57)-(10_C1:57)-(13/22_A1:56)-(20_1:57)-(51_1:69)-","Código":"2901","Coordenadas":"-41.0689786 -71.4814641","Garita":"","Cartel":"","Observaciones":"","Conexiones":"(10_A1:57)-(10_B1:57)-(10_C1:57)-(13/22_A1:56)-(20_1:57)-(51_1:69)-"}},
{"type":"Feature","geometry":{"type":"Point","coordinates":[-71.483144,-41.069169,0]},"properties":{"name":"RP 77 Circuito Chico y Av. Bustillo","description":{"@type":"html","value":"descripción: Código: 2902<br>Coordenadas: -41.0691687 -71.4831442<br>Garita: 1<br>Cartel: <br>Observaciones: <br>Conexiones: (10_A1:58)-(10_B1:58)-(10_C1:58)-(13/22_B2:20)-(13_2:1)-<br>Código: 2902<br>Coordenadas: -41.0691687 -71.4831442<br>Garita: 1.0<br>Cartel: <br>Observaciones: <br>Conexiones: (10_A1:58)-(10_B1:58)-(10_C1:58)-(13/22_B2:20)-(13_2:1)-"},"styleUrl":"#icon-1739-E65100","icon-scale":1,"icon":"images/icon-1.png","descripción":"Código: 2902\nCoordenadas: -41.0691687 -71.4831442\nGarita: 1\nCartel: \nObservaciones: \nConexiones: (10_A1:58)-(10_B1:58)-(10_C1:58)-(13/22_B2:20)-(13_2:1)-","Código":"2902","Coordenadas":"-41.0691687 -71.4831442","Garita":"1.0","Cartel":"","Observaciones":"","Conexiones":"(10_A1:58)-(10_B1:58)-(10_C1:58)-(13/22_B2:20)-(13_2:1)-"}},
{"type":"Feature","geometry":{"type":"Point","coordinates":[-71.487686,-41.070294,0]},"properties":{"name":"RP 77 Circuito Chico y Siete Colores -a","description":{"@type":"html","value":"descripción: Código: 2903<br>Coordenadas: -41.070294 -71.4876855<br>Garita: <br>Cartel: <br>Observaciones: <br>Conexiones: (10_A1:59)-(10_B1:59)-(10_C1:59)-(13/22_B2:21)-(13_2:2)-<br>Código: 2903<br>Coordenadas: -41.070294 -71.4876855<br>Garita: <br>Cartel: <br>Observaciones: <br>Conexiones: (10_A1:59)-(10_B1:59)-(10_C1:59)-(13/22_B2:21)-(13_2:2)-"},"styleUrl":"#icon-1739-E65100","icon-scale":1,"icon":"images/icon-1.png","descripción":"Código: 2903\nCoordenadas: -41.070294 -71.4876855\nGarita: \nCartel: \nObservaciones: \nConexiones: (10_A1:59)-(10_B1:59)-(10_C1:59)-(13/22_B2:21)-(13_2:2)-","Código":"2903","Coordenadas":"-41.070294 -71.4876855","Garita":"","Cartel":"","Observaciones":"","Conexiones":"(10_A1:59)-(10_B1:59)-(10_C1:59)-(13/22_B2:21)-(13_2:2)-"}},
{"type":"Feature","geometry":{"type":"Point","coordinates":[-71.494609,-41.073294,0]},"properties":{"name":"RP 77 Circuito Chico km.20 -a","description":{"@type":"html","value":"descripción: Código: 2905<br>Coordenadas: -41.073294 -71.4946088<br>Garita: 1<br>Cartel: <br>Observaciones: <br>Conexiones: (10_A1:61)-(10_B1:61)-(10_C1:61)-(13/22_B2:23)-(13_2:4)-<br>Código: 2905<br>Coordenadas: -41.073294 -71.4946088<br>Garita: 1.0<br>Cartel: <br>Observaciones: <br>Conexiones: (10_A1:61)-(10_B1:61)-(10_C1:61)-(13/22_B2:23)-(13_2:4)-"},"styleUrl":"#icon-1739-E65100","icon-scale":1,"icon":"images/icon-1.png","descripción":"Código: 2905\nCoordenadas: -41.073294 -71.4946088\nGarita: 1\nCartel: \nObservaciones: \nConexiones: (10_A1:61)-(10_B1:61)-(10_C1:61)-(13/22_B2:23)-(13_2:4)-","Código":"2905","Coordenadas":"-41.073294 -71.4946088","Garita":"1.0","Cartel":"","Observaciones":"","Conexiones":"(10_A1:61)-(10_B1:61)-(10_C1:61)-(13/22_B2:23)-(13_2:4)-"}},
{"type":"Feature","geometry":{"type":"Point","coordinates":[-71.497359,-41.072504,0]},"properties":{"name":"RP 77 Circuito Chico - Laguna El Trébol -a","description":{"@type":"html","value":"descripción: Código: 2906<br>Coordenadas: -41.0725038 -71.4973587<br>Garita: 1<br>Cartel: <br>Observaciones: <br>Conexiones: (10_A1:62)-(10_B1:62)-(10_C1:62)-(13/22_B2:24)-(13_2:5)-<br>Código: 2906<br>Coordenadas: -41.0725038 -71.4973587<br>Garita: 1.0<br>Cartel: <br>Observaciones: <br>Conexiones: (10_A1:62)-(10_B1:62)-(10_C1:62)-(13/22_B2:24)-(13_2:5)-"},"styleUrl":"#icon-1739-E65100","icon-scale":1,"icon":"images/icon-1.png","descripción":"Código: 2906\nCoordenadas: -41.0725038 -71.4973587\nGarita: 1\nCartel: \nObservaciones: \nConexiones: (10_A1:62)-(10_B1:62)-(10_C1:62)-(13/22_B2:24)-(13_2:5)-","Código":"2906","Coordenadas":"-41.0725038 -71.4973587","Garita":"1.0","Cartel":"","Observaciones":"","Conexiones":"(10_A1:62)-(10_B1:62)-(10_C1:62)-(13/22_B2:24)-(13_2:5)-"}},
{"type":"Feature","geometry":{"type":"Point","coordinates":[-71.500306,-41.071961,0]},"properties":{"name":"RP 77 Circuito Chico y Yal Negro -a","description":{"@type":"html","value":"descripción: Código: 2907<br>Coordenadas: -41.0719611 -71.5003057<br>Garita: <br>Cartel: <br>Observaciones: <br>Conexiones: (10_A1:63)-(10_B1:63)-(10_C1:63)-(13/22_B2:25)-(13_2:6)-<br>Código: 2907<br>Coordenadas: -41.0719611 -71.5003057<br>Garita: <br>Cartel: <br>Observaciones: <br>Conexiones: (10_A1:63)-(10_B1:63)-(10_C1:63)-(13/22_B2:25)-(13_2:6)-"},"styleUrl":"#icon-1739-E65100","icon-scale":1,"icon":"images/icon-1.png","descripción":"Código: 2907\nCoordenadas: -41.0719611 -71.5003057\nGarita: \nCartel: \nObservaciones: \nConexiones: (10_A1:63)-(10_B1:63)-(10_C1:63)-(13/22_B2:25)-(13_2:6)-","Código":"2907","Coordenadas":"-41.0719611 -71.5003057","Garita":"","Cartel":"","Observaciones":"","Conexiones":"(10_A1:63)-(10_B1:63)-(10_C1:63)-(13/22_B2:25)-(13_2:6)-"}},
{"type":"Feature","geometry":{"type":"Point","coordinates":[-71.504143,-41.070857,0]},"properties":{"name":"RP 77 Circuito Chico y Romerillo -a","description":{"@type":"html","value":"descripción: Código: 2908<br>Coordenadas: -41.0708566 -71.5041429<br>Garita: 1<br>Cartel: <br>Observaciones: <br>Conexiones: (10_A1:64)-(10_B1:64)-(10_C1:64)-(13/22_B2:26)-(13_2:7)-<br>Código: 2908<br>Coordenadas: -41.0708566 -71.5041429<br>Garita: 1.0<br>Cartel: <br>Observaciones: <br>Conexiones: (10_A1:64)-(10_B1:64)-(10_C1:64)-(13/22_B2:26)-(13_2:7)-"},"styleUrl":"#icon-1739-E65100","icon-scale":1,"icon":"images/icon-1.png","descripción":"Código: 2908\nCoordenadas: -41.0708566 -71.5041429\nGarita: 1\nCartel: \nObservaciones: \nConexiones: (10_A1:64)-(10_B1:64)-(10_C1:64)-(13/22_B2:26)-(13_2:7)-","Código":"2908","Coordenadas":"-41.0708566 -71.5041429","Garita":"1.0","Cartel":"","Observaciones":"","Conexiones":"(10_A1:64)-(10_B1:64)-(10_C1:64)-(13/22_B2:26)-(13_2:7)-"}},
{"type":"Feature","geometry":{"type":"Point","coordinates":[-71.507041,-41.073245,0]},"properties":{"name":"RP 77 Circuito Chico - Playa Sin Viento -a","description":{"@type":"html","value":"descripción: Código: 2909<br>Coordenadas: -41.0732447 -71.5070414<br>Garita: <br>Cartel: <br>Observaciones: <br>Conexiones: (10_A1:65)-(10_B1:65)-(10_C1:65)-(13/22_B2:27)-(13_2:8)-<br>Código: 2909<br>Coordenadas: -41.0732447 -71.5070414<br>Garita: <br>Cartel: <br>Observaciones: <br>Conexiones: (10_A1:65)-(10_B1:65)-(10_C1:65)-(13/22_B2:27)-(13_2:8)-"},"styleUrl":"#icon-1739-E65100","icon-scale":1,"icon":"images/icon-1.png","descripción":"Código: 2909\nCoordenadas: -41.0732447 -71.5070414\nGarita: \nCartel: \nObservaciones: \nConexiones: (10_A1:65)-(10_B1:65)-(10_C1:65)-(13/22_B2:27)-(13_2:8)-","Código":"2909","Coordenadas":"-41.0732447 -71.5070414","Garita":"","Cartel":"","Observaciones":"","Conexiones":"(10_A1:65)-(10_B1:65)-(10_C1:65)-(13/22_B2:27)-(13_2:8)-"}},
{"type":"Feature","geometry":{"type":"Point","coordinates":[-71.511156,-41.073905,0]},"properties":{"name":"RP 77 Circuito Chico Km.21 -a","description":{"@type":"html","value":"descripción: Código: 2910<br>Coordenadas: -41.0739051 -71.5111564<br>Garita: <br>Cartel: <br>Observaciones: <br>Conexiones: (10_C1:67)-(13/22_B2:29)-<br>Código: 2910<br>Coordenadas: -41.0739051 -71.5111564<br>Garita: <br>Cartel: <br>Observaciones: <br>Conexiones: (10_C1:67)-(13/22_B2:29)-"},"styleUrl":"#icon-1739-E65100","icon-scale":1,"icon":"images/icon-1.png","descripción":"Código: 2910\nCoordenadas: -41.0739051 -71.5111564\nGarita: \nCartel: \nObservaciones: \nConexiones: (10_C1:67)-(13/22_B2:29)-","Código":"2910","Coordenadas":"-41.0739051 -71.5111564","Garita":"","Cartel":"","Observaciones":"","Conexiones":"(10_C1:67)-(13/22_B2:29)-"}},
{"type":"Feature","geometry":{"type":"Point","coordinates":[-71.521938,-41.071772,0]},"properties":{"name":"RP 77 Circuito Chico - Punto Panorámico -a","description":{"@type":"html","value":"descripción: Código: 2911<br>Coordenadas: -41.071772 -71.5219385<br>Garita: <br>Cartel: <br>Observaciones: <br>Conexiones: (10_C1:68)-(13/22_B2:30)-<br>Código: 2911<br>Coordenadas: -41.071772 -71.5219385<br>Garita: <br>Cartel: <br>Observaciones: <br>Conexiones: (10_C1:68)-(13/22_B2:30)-"},"styleUrl":"#icon-1739-E65100","icon-scale":1,"icon":"images/icon-1.png","descripción":"Código: 2911\nCoordenadas: -41.071772 -71.5219385\nGarita: \nCartel: \nObservaciones: \nConexiones: (10_C1:68)-(13/22_B2:30)-","Código":"2911","Coordenadas":"-41.071772 -71.5219385","Garita":"","Cartel":"","Observaciones":"","Conexiones":"(10_C1:68)-(13/22_B2:30)-"}},
{"type":"Feature","geometry":{"type":"Point","coordinates":[-71.526768,-41.074088,0]},"properties":{"name":"RP 77 Circuito Chico Km.23 -a","description":{"@type":"html","value":"descripción: Código: 2912<br>Coordenadas: -41.074088 -71.5267684<br>Garita: <br>Cartel: <br>Observaciones: <br>Conexiones: (10_C1:69)-(13/22_B2:31)-<br>Código: 2912<br>Coordenadas: -41.074088 -71.5267684<br>Garita: <br>Cartel: <br>Observaciones: <br>Conexiones: (10_C1:69)-(13/22_B2:31)-"},"styleUrl":"#icon-1739-E65100","icon-scale":1,"icon":"images/icon-1.png","descripción":"Código: 2912\nCoordenadas: -41.074088 -71.5267684\nGarita: \nCartel: \nObservaciones: \nConexiones: (10_C1:69)-(13/22_B2:31)-","Código":"2912","Coordenadas":"-41.074088 -71.5267684","Garita":"","Cartel":"","Observaciones":"","Conexiones":"(10_C1:69)-(13/22_B2:31)-"}},
{"type":"Feature","geometry":{"type":"Point","coordinates":[-71.531511,-41.07434,0]},"properties":{"name":"RP 77 Circuito Chico Km.24 -a","description":{"@type":"html","value":"descripción: Código: 2913<br>Coordenadas: -41.0743404 -71.5315112<br>Garita: <br>Cartel: <br>Observaciones: <br>Conexiones: (10_C1:70)-(13/22_B2:32)-<br>Código: 2913<br>Coordenadas: -41.0743404 -71.5315112<br>Garita: <br>Cartel: <br>Observaciones: <br>Conexiones: (10_C1:70)-(13/22_B2:32)-"},"styleUrl":"#icon-1739-E65100","icon-scale":1,"icon":"images/icon-1.png","descripción":"Código: 2913\nCoordenadas: -41.0743404 -71.5315112\nGarita: \nCartel: \nObservaciones: \nConexiones: (10_C1:70)-(13/22_B2:32)-","Código":"2913","Coordenadas":"-41.0743404 -71.5315112","Garita":"","Cartel":"","Observaciones":"","Conexiones":"(10_C1:70)-(13/22_B2:32)-"}},
{"type":"Feature","geometry":{"type":"Point","coordinates":[-71.536078,-41.073229,0]},"properties":{"name":"RP 77 Circuito Chico Km.24.500 -a","description":{"@type":"html","value":"descripción: Código: 2914<br>Coordenadas: -41.0732287 -71.5360784<br>Garita: <br>Cartel: <br>Observaciones: <br>Conexiones: (10_C1:71)-(13/22_B2:33)-<br>Código: 2914<br>Coordenadas: -41.0732287 -71.5360784<br>Garita: <br>Cartel: <br>Observaciones: <br>Conexiones: (10_C1:71)-(13/22_B2:33)-"},"styleUrl":"#icon-1739-E65100","icon-scale":1,"icon":"images/icon-1.png","descripción":"Código: 2914\nCoordenadas: -41.0732287 -71.5360784\nGarita: \nCartel: \nObservaciones: \nConexiones: (10_C1:71)-(13/22_B2:33)-","Código":"2914","Coordenadas":"-41.0732287 -71.5360784","Garita":"","Cartel":"","Observaciones":"","Conexiones":"(10_C1:71)-(13/22_B2:33)-"}},
{"type":"Feature","geometry":{"type":"Point","coordinates":[-71.539088,-41.07167,0]},"properties":{"name":"RP 77 Circuito Chico - Cervecería -a","description":{"@type":"html","value":"descripción: Código: 2915<br>Coordenadas: -41.0716699 -71.5390881<br>Garita: <br>Cartel: <br>Observaciones: <br>Conexiones: (10_C1:72)-(13/22_B2:34)-<br>Código: 2915<br>Coordenadas: -41.0716699 -71.5390881<br>Garita: <br>Cartel: <br>Observaciones: <br>Conexiones: (10_C1:72)-(13/22_B2:34)-"},"styleUrl":"#icon-1739-E65100","icon-scale":1,"icon":"images/icon-1.png","descripción":"Código: 2915\nCoordenadas: -41.0716699 -71.5390881\nGarita: \nCartel: \nObservaciones: \nConexiones: (10_C1:72)-(13/22_B2:34)-","Código":"2915","Coordenadas":"-41.0716699 -71.5390881","Garita":"","Cartel":"","Observaciones":"","Conexiones":"(10_C1:72)-(13/22_B2:34)-"}},
{"type":"Feature","geometry":{"type":"Point","coordinates":[-71.545184,-41.073944,0]},"properties":{"name":"RP 77 Circuito Chico Km.25.500 -a","description":{"@type":"html","value":"descripción: Código: 2916<br>Coordenadas: -41.0739442 -71.5451838<br>Garita: <br>Cartel: <br>Observaciones: <br>Conexiones: (10_C1:73)-(13/22_B2:35)-<br>Código: 2916<br>Coordenadas: -41.0739442 -71.5451838<br>Garita: <br>Cartel: <br>Observaciones: <br>Conexiones: (10_C1:73)-(13/22_B2:35)-"},"styleUrl":"#icon-1739-E65100","icon-scale":1,"icon":"images/icon-1.png","descripción":"Código: 2916\nCoordenadas: -41.0739442 -71.5451838\nGarita: \nCartel: \nObservaciones: \nConexiones: (10_C1:73)-(13/22_B2:35)-","Código":"2916","Coordenadas":"-41.0739442 -71.5451838","Garita":"","Cartel":"","Observaciones":"","Conexiones":"(10_C1:73)-(13/22_B2:35)-"}},
{"type":"Feature","geometry":{"type":"Point","coordinates":[-71.545077,-41.079262,0]},"properties":{"name":"RP 77 Circuito Chico Km.26 -a","description":{"@type":"html","value":"descripción: Código: 2917<br>Coordenadas: -41.0792616 -71.5450773<br>Garita: <br>Cartel: <br>Observaciones: <br>Conexiones: (10_C1:74)-(13/22_B2:36)-<br>Código: 2917<br>Coordenadas: -41.0792616 -71.5450773<br>Garita: <br>Cartel: <br>Observaciones: <br>Conexiones: (10_C1:74)-(13/22_B2:36)-"},"styleUrl":"#icon-1739-E65100","icon-scale":1,"icon":"images/icon-1.png","descripción":"Código: 2917\nCoordenadas: -41.0792616 -71.5450773\nGarita: \nCartel: \nObservaciones: \nConexiones: (10_C1:74)-(13/22_B2:36)-","Código":"2917","Coordenadas":"-41.0792616 -71.5450773","Garita":"","Cartel":"","Observaciones":"","Conexiones":"(10_C1:74)-(13/22_B2:36)-"}},
{"type":"Feature","geometry":{"type":"Point","coordinates":[-71.545396,-41.084684,0]},"properties":{"name":"Acceso Oeste a Colonia Suiza - RP 77 Circuito Chico -b","description":{"@type":"html","value":"descripción: Código: 2918<br>Coordenadas: -41.0846843 -71.5453963<br>Garita: 1<br>Cartel: <br>Observaciones: <br>Conexiones: (10_B2:3)-(10_C1:75)-(13/22_B2:37)-<br>Código: 2918<br>Coordenadas: -41.0846843 -71.5453963<br>Garita: 1.0<br>Cartel: <br>Observaciones: <br>Conexiones: (10_B2:3)-(10_C1:75)-(13/22_B2:37)-"},"styleUrl":"#icon-1739-E65100","icon-scale":1,"icon":"images/icon-1.png","descripción":"Código: 2918\nCoordenadas: -41.0846843 -71.5453963\nGarita: 1\nCartel: \nObservaciones: \nConexiones: (10_B2:3)-(10_C1:75)-(13/22_B2:37)-","Código":"2918","Coordenadas":"-41.0846843 -71.5453963","Garita":"1.0","Cartel":"","Observaciones":"","Conexiones":"(10_B2:3)-(10_C1:75)-(13/22_B2:37)-"}},
{"type":"Feature","geometry":{"type":"Point","coordinates":[-71.539137,-41.088257,0]},"properties":{"name":"RP 79 Colonia Suiza Km.25 -a","description":{"@type":"html","value":"descripción: Código: 2919<br>Coordenadas: -41.0882571 -71.5391369<br>Garita: <br>Cartel: <br>Observaciones: <br>Conexiones: (10_C1:76)-(13/22_B2:38)-<br>Código: 2919<br>Coordenadas: -41.0882571 -71.5391369<br>Garita: <br>Cartel: <br>Observaciones: <br>Conexiones: (10_C1:76)-(13/22_B2:38)-"},"styleUrl":"#icon-1739-E65100","icon-scale":1,"icon":"images/icon-1.png","descripción":"Código: 2919\nCoordenadas: -41.0882571 -71.5391369\nGarita: \nCartel: \nObservaciones: \nConexiones: (10_C1:76)-(13/22_B2:38)-","Código":"2919","Coordenadas":"-41.0882571 -71.5391369","Garita":"","Cartel":"","Observaciones":"","Conexiones":"(10_C1:76)-(13/22_B2:38)-"}},
{"type":"Feature","geometry":{"type":"Point","coordinates":[-71.532328,-41.089668,0]},"properties":{"name":"RP 79 Colonia Suiza Km.24 -b","description":{"@type":"html","value":"descripción: Código: 2920<br>Coordenadas: -41.0896678 -71.5323281<br>Garita: <br>Cartel: <br>Observaciones: <br>Conexiones: (10_C1:77)-(13/22_B2:39)-<br>Código: 2920<br>Coordenadas: -41.0896678 -71.5323281<br>Garita: <br>Cartel: <br>Observaciones: <br>Conexiones: (10_C1:77)-(13/22_B2:39)-"},"styleUrl":"#icon-1739-E65100","icon-scale":1,"icon":"images/icon-1.png","descripción":"Código: 2920\nCoordenadas: -41.0896678 -71.5323281\nGarita: \nCartel: \nObservaciones: \nConexiones: (10_C1:77)-(13/22_B2:39)-","Código":"2920","Coordenadas":"-41.0896678 -71.5323281","Garita":"","Cartel":"","Observaciones":"","Conexiones":"(10_C1:77)-(13/22_B2:39)-"}},
{"type":"Feature","geometry":{"type":"Point","coordinates":[-71.525349,-41.092592,0]},"properties":{"name":"RP 79 Colonia Suiza Km.23 -b","description":{"@type":"html","value":"descripción: Código: 2921<br>Coordenadas: -41.0925923 -71.5253489<br>Garita: <br>Cartel: <br>Observaciones: <br>Conexiones: (10_C1:78)-(13/22_B2:40)-<br>Código: 2921<br>Coordenadas: -41.0925923 -71.5253489<br>Garita: <br>Cartel: <br>Observaciones: <br>Conexiones: (10_C1:78)-(13/22_B2:40)-"},"styleUrl":"#icon-1739-E65100","icon-scale":1,"icon":"images/icon-1.png","descripción":"Código: 2921\nCoordenadas: -41.0925923 -71.5253489\nGarita: \nCartel: \nObservaciones: \nConexiones: (10_C1:78)-(13/22_B2:40)-","Código":"2921","Coordenadas":"-41.0925923 -71.5253489","Garita":"","Cartel":"","Observaciones":"","Conexiones":"(10_C1:78)-(13/22_B2:40)-"}},
{"type":"Feature","geometry":{"type":"Point","coordinates":[-71.521348,-41.094712,0]},"properties":{"name":"RP 79 Colonia Suiza Km.22.500 -b","description":{"@type":"html","value":"descripción: Código: 2922<br>Coordenadas: -41.0947119 -71.5213481<br>Garita: <br>Cartel: <br>Observaciones: <br>Conexiones: (10_C1:79)-(13/22_B2:41)-<br>Código: 2922<br>Coordenadas: -41.0947119 -71.5213481<br>Garita: <br>Cartel: <br>Observaciones: <br>Conexiones: (10_C1:79)-(13/22_B2:41)-"},"styleUrl":"#icon-1739-E65100","icon-scale":1,"icon":"images/icon-1.png","descripción":"Código: 2922\nCoordenadas: -41.0947119 -71.5213481\nGarita: \nCartel: \nObservaciones: \nConexiones: (10_C1:79)-(13/22_B2:41)-","Código":"2922","Coordenadas":"-41.0947119 -71.5213481","Garita":"","Cartel":"","Observaciones":"","Conexiones":"(10_C1:79)-(13/22_B2:41)-"}},
{"type":"Feature","geometry":{"type":"Point","coordinates":[-71.519604,-41.09645,0]},"properties":{"name":"RP 79 Km.22 - Camping -b","description":{"@type":"html","value":"descripción: Código: 2923<br>Coordenadas: -41.0964505 -71.5196039<br>Garita: <br>Cartel: <br>Observaciones: <br>Conexiones: (10_C1:80)-(13/22_B2:42)-<br>Código: 2923<br>Coordenadas: -41.0964505 -71.5196039<br>Garita: <br>Cartel: <br>Observaciones: <br>Conexiones: (10_C1:80)-(13/22_B2:42)-"},"styleUrl":"#icon-1739-E65100","icon-scale":1,"icon":"images/icon-1.png","descripción":"Código: 2923\nCoordenadas: -41.0964505 -71.5196039\nGarita: \nCartel: \nObservaciones: \nConexiones: (10_C1:80)-(13/22_B2:42)-","Código":"2923","Coordenadas":"-41.0964505 -71.5196039","Garita":"","Cartel":"","Observaciones":"","Conexiones":"(10_C1:80)-(13/22_B2:42)-"}},
{"type":"Feature","geometry":{"type":"Point","coordinates":[-71.517665,-41.09654,0]},"properties":{"name":"RP 79 - Arroyo Goye","description":{"@type":"html","value":"descripción: Código: 2924<br>Coordenadas: -41.0965396 -71.5176654<br>Garita: <br>Cartel: <br>Observaciones: <br>Conexiones: (10_C1:81)-(13/22_B2:43)-<br>Código: 2924<br>Coordenadas: -41.0965396 -71.5176654<br>Garita: <br>Cartel: <br>Observaciones: <br>Conexiones: (10_C1:81)-(13/22_B2:43)-"},"styleUrl":"#icon-1739-E65100","icon-scale":1,"icon":"images/icon-1.png","descripción":"Código: 2924\nCoordenadas: -41.0965396 -71.5176654\nGarita: \nCartel: \nObservaciones: \nConexiones: (10_C1:81)-(13/22_B2:43)-","Código":"2924","Coordenadas":"-41.0965396 -71.5176654","Garita":"","Cartel":"","Observaciones":"","Conexiones":"(10_C1:81)-(13/22_B2:43)-"}},
{"type":"Feature","geometry":{"type":"Point","coordinates":[-71.516464,-41.095832,0]},"properties":{"name":"RP 79 y Félix Goye - Colonia Suiza -a","description":{"@type":"html","value":"descripción: Código: 2925<br>Coordenadas: -41.0958319 -71.5164636<br>Garita: <br>Cartel: <br>Observaciones: <br>Conexiones: (10_B1:78)-(10_C2:4)-(13_1:5)-<br>Código: 2925<br>Coordenadas: -41.0958319 -71.5164636<br>Garita: <br>Cartel: <br>Observaciones: <br>Conexiones: (10_B1:78)-(10_C2:4)-(13_1:5)-"},"styleUrl":"#icon-1739-E65100","icon-scale":1,"icon":"images/icon-1.png","descripción":"Código: 2925\nCoordenadas: -41.0958319 -71.5164636\nGarita: \nCartel: \nObservaciones: \nConexiones: (10_B1:78)-(10_C2:4)-(13_1:5)-","Código":"2925","Coordenadas":"-41.0958319 -71.5164636","Garita":"","Cartel":"","Observaciones":"","Conexiones":"(10_B1:78)-(10_C2:4)-(13_1:5)-"}},
{"type":"Feature","geometry":{"type":"Point","coordinates":[-71.508728,-41.097172,0]},"properties":{"name":"RP 79 Km.22","description":{"@type":"html","value":"descripción: Código: 2926<br>Coordenadas: -41.0971725 -71.5087284<br>Garita: <br>Cartel: <br>Observaciones: <br>Conexiones: (10_A2:4)-(10_C1:83)-(13/22_B1:5)-(13/22_B2:45)-<br>Código: 2926<br>Coordenadas: -41.0971725 -71.5087284<br>Garita: <br>Cartel: <br>Observaciones: <br>Conexiones: (10_A2:4)-(10_C1:83)-(13/22_B1:5)-(13/22_B2:45)-"},"styleUrl":"#icon-1739-E65100","icon-scale":1,"icon":"images/icon-1.png","descripción":"Código: 2926\nCoordenadas: -41.0971725 -71.5087284\nGarita: \nCartel: \nObservaciones: \nConexiones: (10_A2:4)-(10_C1:83)-(13/22_B1:5)-(13/22_B2:45)-","Código":"2926","Coordenadas":"-41.0971725 -71.5087284","Garita":"","Cartel":"","Observaciones":"","Conexiones":"(10_A2:4)-(10_C1:83)-(13/22_B1:5)-(13/22_B2:45)-"}},
{"type":"Feature","geometry":{"type":"Point","coordinates":[-71.507345,-41.096048,0]},"properties":{"name":"C. Lucerna y Félix Goye - Colonia Suiza","description":{"@type":"html","value":"descripción: Código: 2927<br>Coordenadas: -41.0960482 -71.5073446<br>Garita: <br>Cartel: <br>Observaciones: <br>Conexiones: (10_A1:73)-(10_B1:73)-(13_2:16)-<br>Código: 2927<br>Coordenadas: -41.0960482 -71.5073446<br>Garita: <br>Cartel: <br>Observaciones: <br>Conexiones: (10_A1:73)-(10_B1:73)-(13_2:16)-"},"styleUrl":"#icon-1739-E65100","icon-scale":1,"icon":"images/icon-1.png","descripción":"Código: 2927\nCoordenadas: -41.0960482 -71.5073446\nGarita: \nCartel: \nObservaciones: \nConexiones: (10_A1:73)-(10_B1:73)-(13_2:16)-","Código":"2927","Coordenadas":"-41.0960482 -71.5073446","Garita":"","Cartel":"","Observaciones":"","Conexiones":"(10_A1:73)-(10_B1:73)-(13_2:16)-"}},
{"type":"Feature","geometry":{"type":"Point","coordinates":[-71.50898,-41.095857,0]},"properties":{"name":"Félix Goye - Feria Colonia Suiza","description":{"@type":"html","value":"descripción: Código: 2928<br>Coordenadas: -41.0958574 -71.50898<br>Garita: 1<br>Cartel: <br>Observaciones: <br>Conexiones: (10_A1:74)-(10_B1:74)-(10_C1:84)-(13/22_B1:1)-(13/22_B2:46)-(13_1:1)-(13_2:17)-<br>Código: 2928<br>Coordenadas: -41.0958574 -71.50898<br>Garita: 1.0<br>Cartel: <br>Observaciones: <br>Conexiones: (10_A1:74)-(10_B1:74)-(10_C1:84)-(13/22_B1:1)-(13/22_B2:46)-(13_1:1)-(13_2:17)-"},"styleUrl":"#icon-1739-E65100","icon-scale":1,"icon":"images/icon-1.png","descripción":"Código: 2928\nCoordenadas: -41.0958574 -71.50898\nGarita: 1\nCartel: \nObservaciones: \nConexiones: (10_A1:74)-(10_B1:74)-(10_C1:84)-(13/22_B1:1)-(13/22_B2:46)-(13_1:1)-(13_2:17)-","Código":"2928","Coordenadas":"-41.0958574 -71.50898","Garita":"1.0","Cartel":"","Observaciones":"","Conexiones":"(10_A1:74)-(10_B1:74)-(10_C1:84)-(13/22_B1:1)-(13/22_B2:46)-(13_1:1)-(13_2:17)-"}},
{"type":"Feature","geometry":{"type":"Point","coordinates":[-71.510354,-41.095304,0]},"properties":{"name":"Félix Goye y Zurich","description":{"@type":"html","value":"descripción: Código: 3001<br>Coordenadas: -41.0953037 -71.5103544<br>Garita: <br>Cartel: <br>Observaciones: <br>Conexiones: (10_A2:1)-(10_B1:75)-(10_C2:1)-(13/22_B1:2)-(13_1:2)-<br>Código: 3001<br>Coordenadas: -41.0953037 -71.5103544<br>Garita: <br>Cartel: <br>Observaciones: <br>Conexiones: (10_A2:1)-(10_B1:75)-(10_C2:1)-(13/22_B1:2)-(13_1:2)-"},"styleUrl":"#icon-1739-E65100","icon-scale":1,"icon":"images/icon-1.png","descripción":"Código: 3001\nCoordenadas: -41.0953037 -71.5103544\nGarita: \nCartel: \nObservaciones: \nConexiones: (10_A2:1)-(10_B1:75)-(10_C2:1)-(13/22_B1:2)-(13_1:2)-","Código":"3001","Coordenadas":"-41.0953037 -71.5103544","Garita":"","Cartel":"","Observaciones":"","Conexiones":"(10_A2:1)-(10_B1:75)-(10_C2:1)-(13/22_B1:2)-(13_1:2)-"}},
{"type":"Feature","geometry":{"type":"Point","coordinates":[-71.560768,-41.078779,0]},"properties":{"name":"RP 77 Circuito Chico - Cementerio del Montañés","description":{"@type":"html","value":"descripción: Código: 3013<br>Coordenadas: -41.0787786 -71.5607675<br>Garita: <br>Cartel: <br>Observaciones: <br>Conexiones: (10_B1:85)-<br>Código: 3013<br>Coordenadas: -41.0787786 -71.5607675<br>Garita: <br>Cartel: <br>Observaciones: <br>Conexiones: (10_B1:85)-"},"styleUrl":"#icon-1739-E65100","icon-scale":1,"icon":"images/icon-1.png","descripción":"Código: 3013\nCoordenadas: -41.0787786 -71.5607675\nGarita: \nCartel: \nObservaciones: \nConexiones: (10_B1:85)-","Código":"3013","Coordenadas":"-41.0787786 -71.5607675","Garita":"","Cartel":"","Observaciones":"","Conexiones":"(10_B1:85)-"}},
{"type":"Feature","geometry":{"type":"Point","coordinates":[-71.51194,-41.094573,0]},"properties":{"name":"Félix Goye - Camping","description":{"@type":"html","value":"descripción: Código: 3102<br>Coordenadas: -41.0945726 -71.5119395<br>Garita: <br>Cartel: <br>Observaciones: <br>Conexiones: (10_A2:2)-(10_B1:76)-(10_C2:2)-(13/22_B1:3)-(13_1:3)-<br>Código: 3102<br>Coordenadas: -41.0945726 -71.5119395<br>Garita: <br>Cartel: <br>Observaciones: <br>Conexiones: (10_A2:2)-(10_B1:76)-(10_C2:2)-(13/22_B1:3)-(13_1:3)-"},"styleUrl":"#icon-1739-E65100","icon-scale":1,"icon":"images/icon-1.png","descripción":"Código: 3102\nCoordenadas: -41.0945726 -71.5119395\nGarita: \nCartel: \nObservaciones: \nConexiones: (10_A2:2)-(10_B1:76)-(10_C2:2)-(13/22_B1:3)-(13_1:3)-","Código":"3102","Coordenadas":"-41.0945726 -71.5119395","Garita":"","Cartel":"","Observaciones":"","Conexiones":"(10_A2:2)-(10_B1:76)-(10_C2:2)-(13/22_B1:3)-(13_1:3)-"}},
{"type":"Feature","geometry":{"type":"Point","coordinates":[-71.51377,-41.094056,0]},"properties":{"name":"Félix Goye - Curva","description":{"@type":"html","value":"descripción: Código: 3103<br>Coordenadas: -41.0940555 -71.5137705<br>Garita: <br>Cartel: <br>Observaciones: <br>Conexiones: (10_A2:3)-(10_B1:77)-(10_C2:3)-(13/22_B1:4)-(13_1:4)-<br>Código: 3103<br>Coordenadas: -41.0940555 -71.5137705<br>Garita: <br>Cartel: <br>Observaciones: <br>Conexiones: (10_A2:3)-(10_B1:77)-(10_C2:3)-(13/22_B1:4)-(13_1:4)-"},"styleUrl":"#icon-1739-E65100","icon-scale":1,"icon":"images/icon-1.png","descripción":"Código: 3103\nCoordenadas: -41.0940555 -71.5137705\nGarita: \nCartel: \nObservaciones: \nConexiones: (10_A2:3)-(10_B1:77)-(10_C2:3)-(13/22_B1:4)-(13_1:4)-","Código":"3103","Coordenadas":"-41.0940555 -71.5137705","Garita":"","Cartel":"","Observaciones":"","Conexiones":"(10_A2:3)-(10_B1:77)-(10_C2:3)-(13/22_B1:4)-(13_1:4)-"}},
{"type":"Feature","geometry":{"type":"Point","coordinates":[-71.544974,-41.084738,0]},"properties":{"name":"Acceso Oeste a Colonia Suiza - RP 77 Circuito Chico -a","description":{"@type":"html","value":"descripción: Código: 3110<br>Coordenadas: -41.084738 -71.5449742<br>Garita: 1<br>Cartel: <br>Observaciones: <br>Conexiones: (10_B1:84)-(10_C2:10)-(13_1:11)-<br>Código: 3110<br>Coordenadas: -41.084738 -71.5449742<br>Garita: 1.0<br>Cartel: <br>Observaciones: <br>Conexiones: (10_B1:84)-(10_C2:10)-(13_1:11)-"},"styleUrl":"#icon-1739-E65100","icon-scale":1,"icon":"images/icon-1.png","descripción":"Código: 3110\nCoordenadas: -41.084738 -71.5449742\nGarita: 1\nCartel: \nObservaciones: \nConexiones: (10_B1:84)-(10_C2:10)-(13_1:11)-","Código":"3110","Coordenadas":"-41.084738 -71.5449742","Garita":"1.0","Cartel":"","Observaciones":"","Conexiones":"(10_B1:84)-(10_C2:10)-(13_1:11)-"}},
{"type":"Feature","geometry":{"type":"Point","coordinates":[-71.544834,-41.079279,0]},"properties":{"name":"RP 77 Circuito Chico Km.26 -b","description":{"@type":"html","value":"descripción: Código: 3111<br>Coordenadas: -41.079279 -71.5448338<br>Garita: <br>Cartel: <br>Observaciones: <br>Conexiones: (10_B2:4)-(10_C2:11)-(13_1:12)-<br>Código: 3111<br>Coordenadas: -41.079279 -71.5448338<br>Garita: <br>Cartel: <br>Observaciones: <br>Conexiones: (10_B2:4)-(10_C2:11)-(13_1:12)-"},"styleUrl":"#icon-1739-E65100","icon-scale":1,"icon":"images/icon-1.png","descripción":"Código: 3111\nCoordenadas: -41.079279 -71.5448338\nGarita: \nCartel: \nObservaciones: \nConexiones: (10_B2:4)-(10_C2:11)-(13_1:12)-","Código":"3111","Coordenadas":"-41.079279 -71.5448338","Garita":"","Cartel":"","Observaciones":"","Conexiones":"(10_B2:4)-(10_C2:11)-(13_1:12)-"}},
{"type":"Feature","geometry":{"type":"Point","coordinates":[-71.482429,-41.069157,0]},"properties":{"name":"Av. Bustillo y Rotonda Circuito Chico","description":{"@type":"html","value":"descripción: Código: 3126<br>Coordenadas: -41.0691568 -71.4824289<br>Garita: <br>Cartel: <br>Observaciones: <br>Conexiones: (10_A2:17)-(10_B2:18)-(10_C2:27)-(13/22_A2:20)-(13/22_B1:19)-(13_1:29)-(22_C:1)-(51_2:1)-<br>Código: 3126<br>Coordenadas: -41.0691568 -71.4824289<br>Garita: <br>Cartel: <br>Observaciones: <br>Conexiones: (10_A2:17)-(10_B2:18)-(10_C2:27)-(13/22_A2:20)-(13/22_B1:19)-(13_1:29)-(22_C:1)-(51_2:1)-"},"styleUrl":"#icon-1739-E65100","icon-scale":1,"icon":"images/icon-1.png","descripción":"Código: 3126\nCoordenadas: -41.0691568 -71.4824289\nGarita: \nCartel: \nObservaciones: \nConexiones: (10_A2:17)-(10_B2:18)-(10_C2:27)-(13/22_A2:20)-(13/22_B1:19)-(13_1:29)-(22_C:1)-(51_2:1)-","Código":"3126","Coordenadas":"-41.0691568 -71.4824289","Garita":"","Cartel":"","Observaciones":"","Conexiones":"(10_A2:17)-(10_B2:18)-(10_C2:27)-(13/22_A2:20)-(13/22_B1:19)-(13_1:29)-(22_C:1)-(51_2:1)-"}},
{"type":"Feature","geometry":{"type":"Point","coordinates":[-71.508502,-41.084087,0]},"properties":{"name":"Genoveva Beveraggi - Curva -a","description":{"@type":"html","value":"descripción: Código: 3211<br>Coordenadas: -41.0840866 -71.5085018<br>Garita: <br>Cartel: <br>Observaciones: <br>Conexiones: (10_A1:67)-(10_B1:67)-(13_2:10)-<br>Código: 3211<br>Coordenadas: -41.0840866 -71.5085018<br>Garita: <br>Cartel: <br>Observaciones: <br>Conexiones: (10_A1:67)-(10_B1:67)-(13_2:10)-"},"styleUrl":"#icon-1739-E65100","icon-scale":1,"icon":"images/icon-1.png","descripción":"Código: 3211\nCoordenadas: -41.0840866 -71.5085018\nGarita: \nCartel: \nObservaciones: \nConexiones: (10_A1:67)-(10_B1:67)-(13_2:10)-","Código":"3211","Coordenadas":"-41.0840866 -71.5085018","Garita":"","Cartel":"","Observaciones":"","Conexiones":"(10_A1:67)-(10_B1:67)-(13_2:10)-"}},
{"type":"Feature","geometry":{"type":"Point","coordinates":[-71.509068,-41.09352,0]},"properties":{"name":"Beveraggi y Zurich -a","description":{"@type":"html","value":"descripción: Código: 3214<br>Coordenadas: -41.0935195 -71.5090677<br>Garita: <br>Cartel: <br>Observaciones: <br>Conexiones: (10_A1:71)-(10_B1:71)-(13_2:14)-<br>Código: 3214<br>Coordenadas: -41.0935195 -71.5090677<br>Garita: <br>Cartel: <br>Observaciones: <br>Conexiones: (10_A1:71)-(10_B1:71)-(13_2:14)-"},"styleUrl":"#icon-1739-E65100","icon-scale":1,"icon":"images/icon-1.png","descripción":"Código: 3214\nCoordenadas: -41.0935195 -71.5090677\nGarita: \nCartel: \nObservaciones: \nConexiones: (10_A1:71)-(10_B1:71)-(13_2:14)-","Código":"3214","Coordenadas":"-41.0935195 -71.5090677","Garita":"","Cartel":"","Observaciones":"","Conexiones":"(10_A1:71)-(10_B1:71)-(13_2:14)-"}},
{"type":"Feature","geometry":{"type":"Point","coordinates":[-71.516782,-41.096019,0]},"properties":{"name":"RP 79 y Félix Goye - Colonia Suiza -b","description":{"@type":"html","value":"descripción: Código: 3304<br>Coordenadas: -41.0960193 -71.5167817<br>Garita: <br>Cartel: <br>Observaciones: <br>Conexiones: (10_C1:82)-(13/22_B2:44)-<br>Código: 3304<br>Coordenadas: -41.0960193 -71.5167817<br>Garita: <br>Cartel: <br>Observaciones: <br>Conexiones: (10_C1:82)-(13/22_B2:44)-"},"styleUrl":"#icon-1739-E65100","icon-scale":1,"icon":"images/icon-1.png","descripción":"Código: 3304\nCoordenadas: -41.0960193 -71.5167817\nGarita: \nCartel: \nObservaciones: \nConexiones: (10_C1:82)-(13/22_B2:44)-","Código":"3304","Coordenadas":"-41.0960193 -71.5167817","Garita":"","Cartel":"","Observaciones":"","Conexiones":"(10_C1:82)-(13/22_B2:44)-"}},
{"type":"Feature","geometry":{"type":"Point","coordinates":[-71.519243,-41.096334,0]},"properties":{"name":"RP 79 Km.22 - Camping -a","description":{"@type":"html","value":"descripción: Código: 3305<br>Coordenadas: -41.0963342 -71.5192434<br>Garita: <br>Cartel: <br>Observaciones: <br>Conexiones: (10_B1:79)-(10_C2:5)-(13_1:6)-<br>Código: 3305<br>Coordenadas: -41.0963342 -71.5192434<br>Garita: <br>Cartel: <br>Observaciones: <br>Conexiones: (10_B1:79)-(10_C2:5)-(13_1:6)-"},"styleUrl":"#icon-1739-E65100","icon-scale":1,"icon":"images/icon-1.png","descripción":"Código: 3305\nCoordenadas: -41.0963342 -71.5192434\nGarita: \nCartel: \nObservaciones: \nConexiones: (10_B1:79)-(10_C2:5)-(13_1:6)-","Código":"3305","Coordenadas":"-41.0963342 -71.5192434","Garita":"","Cartel":"","Observaciones":"","Conexiones":"(10_B1:79)-(10_C2:5)-(13_1:6)-"}},
{"type":"Feature","geometry":{"type":"Point","coordinates":[-71.521179,-41.09453,0]},"properties":{"name":"RP 79 Colonia Suiza Km.22.500 -a","description":{"@type":"html","value":"descripción: Código: 3306<br>Coordenadas: -41.0945295 -71.5211793<br>Garita: <br>Cartel: <br>Observaciones: <br>Conexiones: (10_B1:80)-(10_C2:6)-(13_1:7)-<br>Código: 3306<br>Coordenadas: -41.0945295 -71.5211793<br>Garita: <br>Cartel: <br>Observaciones: <br>Conexiones: (10_B1:80)-(10_C2:6)-(13_1:7)-"},"styleUrl":"#icon-1739-E65100","icon-scale":1,"icon":"images/icon-1.png","descripción":"Código: 3306\nCoordenadas: -41.0945295 -71.5211793\nGarita: \nCartel: \nObservaciones: \nConexiones: (10_B1:80)-(10_C2:6)-(13_1:7)-","Código":"3306","Coordenadas":"-41.0945295 -71.5211793","Garita":"","Cartel":"","Observaciones":"","Conexiones":"(10_B1:80)-(10_C2:6)-(13_1:7)-"}},
{"type":"Feature","geometry":{"type":"Point","coordinates":[-71.52509,-41.092515,0]},"properties":{"name":"RP 79 Colonia Suiza Km.23 -a","description":{"@type":"html","value":"descripción: Código: 3307<br>Coordenadas: -41.092515 -71.5250899<br>Garita: <br>Cartel: <br>Observaciones: <br>Conexiones: (10_B1:81)-(10_C2:7)-(13_1:8)-<br>Código: 3307<br>Coordenadas: -41.092515 -71.5250899<br>Garita: <br>Cartel: <br>Observaciones: <br>Conexiones: (10_B1:81)-(10_C2:7)-(13_1:8)-"},"styleUrl":"#icon-1739-E65100","icon-scale":1,"icon":"images/icon-1.png","descripción":"Código: 3307\nCoordenadas: -41.092515 -71.5250899\nGarita: \nCartel: \nObservaciones: \nConexiones: (10_B1:81)-(10_C2:7)-(13_1:8)-","Código":"3307","Coordenadas":"-41.092515 -71.5250899","Garita":"","Cartel":"","Observaciones":"","Conexiones":"(10_B1:81)-(10_C2:7)-(13_1:8)-"}},
{"type":"Feature","geometry":{"type":"Point","coordinates":[-71.532162,-41.089332,0]},"properties":{"name":"RP 79 Colonia Suiza Km.24 -a","description":{"@type":"html","value":"descripción: Código: 3308<br>Coordenadas: -41.089332 -71.5321624<br>Garita: <br>Cartel: <br>Observaciones: <br>Conexiones: (10_B1:82)-(10_C2:8)-(13_1:9)-<br>Código: 3308<br>Coordenadas: -41.089332 -71.5321624<br>Garita: <br>Cartel: <br>Observaciones: <br>Conexiones: (10_B1:82)-(10_C2:8)-(13_1:9)-"},"styleUrl":"#icon-1739-E65100","icon-scale":1,"icon":"images/icon-1.png","descripción":"Código: 3308\nCoordenadas: -41.089332 -71.5321624\nGarita: \nCartel: \nObservaciones: \nConexiones: (10_B1:82)-(10_C2:8)-(13_1:9)-","Código":"3308","Coordenadas":"-41.089332 -71.5321624","Garita":"","Cartel":"","Observaciones":"","Conexiones":"(10_B1:82)-(10_C2:8)-(13_1:9)-"}},
{"type":"Feature","geometry":{"type":"Point","coordinates":[-71.538949,-41.087971,0]},"properties":{"name":"RP 79 Colonia Suiza Km.25 -b","description":{"@type":"html","value":"descripción: Código: 3309<br>Coordenadas: -41.0879712 -71.5389491<br>Garita: <br>Cartel: <br>Observaciones: <br>Conexiones: (10_B1:83)-(10_C2:9)-(13_1:10)-<br>Código: 3309<br>Coordenadas: -41.0879712 -71.5389491<br>Garita: <br>Cartel: <br>Observaciones: <br>Conexiones: (10_B1:83)-(10_C2:9)-(13_1:10)-"},"styleUrl":"#icon-1739-E65100","icon-scale":1,"icon":"images/icon-1.png","descripción":"Código: 3309\nCoordenadas: -41.0879712 -71.5389491\nGarita: \nCartel: \nObservaciones: \nConexiones: (10_B1:83)-(10_C2:9)-(13_1:10)-","Código":"3309","Coordenadas":"-41.0879712 -71.5389491","Garita":"","Cartel":"","Observaciones":"","Conexiones":"(10_B1:83)-(10_C2:9)-(13_1:10)-"}},
{"type":"Feature","geometry":{"type":"Point","coordinates":[-71.488298,-41.055802,0]},"properties":{"name":"Av. Del Campanario y Av. Bustillo -a","description":{"@type":"html","value":"descripción: Código: 3401<br>Coordenadas: -41.0558024 -71.4882979<br>Garita: <br>Cartel: <br>Observaciones: <br>Conexiones: (13/22_A1:61)-(13/22_B1:24)-(22_C:6)-<br>Código: 3401<br>Coordenadas: -41.0558024 -71.4882979<br>Garita: <br>Cartel: <br>Observaciones: <br>Conexiones: (13/22_A1:61)-(13/22_B1:24)-(22_C:6)-"},"styleUrl":"#icon-1739-E65100","icon-scale":1,"icon":"images/icon-1.png","descripción":"Código: 3401\nCoordenadas: -41.0558024 -71.4882979\nGarita: \nCartel: \nObservaciones: \nConexiones: (13/22_A1:61)-(13/22_B1:24)-(22_C:6)-","Código":"3401","Coordenadas":"-41.0558024 -71.4882979","Garita":"","Cartel":"","Observaciones":"","Conexiones":"(13/22_A1:61)-(13/22_B1:24)-(22_C:6)-"}},
{"type":"Feature","geometry":{"type":"Point","coordinates":[-71.483179,-41.055691,0]},"properties":{"name":"Av. del Campanario 500 -b","description":{"@type":"html","value":"descripción: Código: 3402<br>Coordenadas: -41.0556914 -71.4831789<br>Garita: <br>Cartel: <br>Observaciones: <br>Conexiones: (13/22_A1:62)-(13/22_B1:25)-(22_C:7)-<br>Código: 3402<br>Coordenadas: -41.0556914 -71.4831789<br>Garita: <br>Cartel: <br>Observaciones: <br>Conexiones: (13/22_A1:62)-(13/22_B1:25)-(22_C:7)-"},"styleUrl":"#icon-1739-E65100","icon-scale":1,"icon":"images/icon-1.png","descripción":"Código: 3402\nCoordenadas: -41.0556914 -71.4831789\nGarita: \nCartel: \nObservaciones: \nConexiones: (13/22_A1:62)-(13/22_B1:25)-(22_C:7)-","Código":"3402","Coordenadas":"-41.0556914 -71.4831789","Garita":"","Cartel":"","Observaciones":"","Conexiones":"(13/22_A1:62)-(13/22_B1:25)-(22_C:7)-"}},
{"type":"Feature","geometry":{"type":"Point","coordinates":[-71.479241,-41.05491,0]},"properties":{"name":"Av. del Campanario 693","description":{"@type":"html","value":"descripción: Código: 3403<br>Coordenadas: -41.0549104 -71.4792414<br>Garita: <br>Cartel: <br>Observaciones: <br>Conexiones: (13/22_A1:63)-(13/22_B1:26)-(22_C:8)-<br>Código: 3403<br>Coordenadas: -41.0549104 -71.4792414<br>Garita: <br>Cartel: <br>Observaciones: <br>Conexiones: (13/22_A1:63)-(13/22_B1:26)-(22_C:8)-"},"styleUrl":"#icon-1739-E65100","icon-scale":1,"icon":"images/icon-1.png","descripción":"Código: 3403\nCoordenadas: -41.0549104 -71.4792414\nGarita: \nCartel: \nObservaciones: \nConexiones: (13/22_A1:63)-(13/22_B1:26)-(22_C:8)-","Código":"3403","Coordenadas":"-41.0549104 -71.4792414","Garita":"","Cartel":"","Observaciones":"","Conexiones":"(13/22_A1:63)-(13/22_B1:26)-(22_C:8)-"}},
{"type":"Feature","geometry":{"type":"Point","coordinates":[-71.476087,-41.05471,0]},"properties":{"name":"Av. del Campanario y Milano Blanco","description":{"@type":"html","value":"descripción: Código: 3404<br>Coordenadas: -41.0547103 -71.4760873<br>Garita: <br>Cartel: <br>Observaciones: <br>Conexiones: (13/22_A1:64)-(13/22_B1:27)-(22_C:9)-<br>Código: 3404<br>Coordenadas: -41.0547103 -71.4760873<br>Garita: <br>Cartel: <br>Observaciones: <br>Conexiones: (13/22_A1:64)-(13/22_B1:27)-(22_C:9)-"},"styleUrl":"#icon-1739-E65100","icon-scale":1,"icon":"images/icon-1.png","descripción":"Código: 3404\nCoordenadas: -41.0547103 -71.4760873\nGarita: \nCartel: \nObservaciones: \nConexiones: (13/22_A1:64)-(13/22_B1:27)-(22_C:9)-","Código":"3404","Coordenadas":"-41.0547103 -71.4760873","Garita":"","Cartel":"","Observaciones":"","Conexiones":"(13/22_A1:64)-(13/22_B1:27)-(22_C:9)-"}},
{"type":"Feature","geometry":{"type":"Point","coordinates":[-71.474391,-41.054884,0]},"properties":{"name":"Av. del Campanario 1155 -a","description":{"@type":"html","value":"descripción: Código: 3405<br>Coordenadas: -41.0548836 -71.4743912<br>Garita: <br>Cartel: <br>Observaciones: <br>Conexiones: (13/22_A1:65)-(13/22_B1:28)-(22_C:10)-<br>Código: 3405<br>Coordenadas: -41.0548836 -71.4743912<br>Garita: <br>Cartel: <br>Observaciones: <br>Conexiones: (13/22_A1:65)-(13/22_B1:28)-(22_C:10)-"},"styleUrl":"#icon-1739-E65100","icon-scale":1,"icon":"images/icon-1.png","descripción":"Código: 3405\nCoordenadas: -41.0548836 -71.4743912\nGarita: \nCartel: \nObservaciones: \nConexiones: (13/22_A1:65)-(13/22_B1:28)-(22_C:10)-","Código":"3405","Coordenadas":"-41.0548836 -71.4743912","Garita":"","Cartel":"","Observaciones":"","Conexiones":"(13/22_A1:65)-(13/22_B1:28)-(22_C:10)-"}},
{"type":"Feature","geometry":{"type":"Point","coordinates":[-71.471957,-41.0556,0]},"properties":{"name":"Av. del Campanario y Medioevo -a","description":{"@type":"html","value":"descripción: Código: 3406<br>Coordenadas: -41.0555998 -71.4719573<br>Garita: <br>Cartel: <br>Observaciones: <br>Conexiones: (13/22_A1:66)-(13/22_B1:29)-(22_C:11)-<br>Código: 3406<br>Coordenadas: -41.0555998 -71.4719573<br>Garita: <br>Cartel: <br>Observaciones: <br>Conexiones: (13/22_A1:66)-(13/22_B1:29)-(22_C:11)-"},"styleUrl":"#icon-1739-E65100","icon-scale":1,"icon":"images/icon-1.png","descripción":"Código: 3406\nCoordenadas: -41.0555998 -71.4719573\nGarita: \nCartel: \nObservaciones: \nConexiones: (13/22_A1:66)-(13/22_B1:29)-(22_C:11)-","Código":"3406","Coordenadas":"-41.0555998 -71.4719573","Garita":"","Cartel":"","Observaciones":"","Conexiones":"(13/22_A1:66)-(13/22_B1:29)-(22_C:11)-"}},
{"type":"Feature","geometry":{"type":"Point","coordinates":[-71.46878,-41.056795,0]},"properties":{"name":"Av. del Campanario y Gelain -a","description":{"@type":"html","value":"descripción: Código: 3407<br>Coordenadas: -41.056795 -71.46878<br>Garita: <br>Cartel: <br>Observaciones: <br>Conexiones: (13/22_A1:67)-(13/22_B1:30)-(22_C:12)-<br>Código: 3407<br>Coordenadas: -41.056795 -71.46878<br>Garita: <br>Cartel: <br>Observaciones: <br>Conexiones: (13/22_A1:67)-(13/22_B1:30)-(22_C:12)-"},"styleUrl":"#icon-1739-E65100","icon-scale":1,"icon":"images/icon-1.png","descripción":"Código: 3407\nCoordenadas: -41.056795 -71.46878\nGarita: \nCartel: \nObservaciones: \nConexiones: (13/22_A1:67)-(13/22_B1:30)-(22_C:12)-","Código":"3407","Coordenadas":"-41.056795 -71.46878","Garita":"","Cartel":"","Observaciones":"","Conexiones":"(13/22_A1:67)-(13/22_B1:30)-(22_C:12)-"}},
{"type":"Feature","geometry":{"type":"Point","coordinates":[-71.463111,-41.060306,0]},"properties":{"name":"Av. del Campanario y Churrín Andino -a","description":{"@type":"html","value":"descripción: Código: 3408<br>Coordenadas: -41.0603055 -71.4631108<br>Garita: 1<br>Cartel: <br>Observaciones: <br>Conexiones: (13/22_A1:68)-(13/22_B1:31)-(22_C:13)-<br>Código: 3408<br>Coordenadas: -41.0603055 -71.4631108<br>Garita: 1.0<br>Cartel: <br>Observaciones: <br>Conexiones: (13/22_A1:68)-(13/22_B1:31)-(22_C:13)-"},"styleUrl":"#icon-1739-E65100","icon-scale":1,"icon":"images/icon-1.png","descripción":"Código: 3408\nCoordenadas: -41.0603055 -71.4631108\nGarita: 1\nCartel: \nObservaciones: \nConexiones: (13/22_A1:68)-(13/22_B1:31)-(22_C:13)-","Código":"3408","Coordenadas":"-41.0603055 -71.4631108","Garita":"1.0","Cartel":"","Observaciones":"","Conexiones":"(13/22_A1:68)-(13/22_B1:31)-(22_C:13)-"}},
{"type":"Feature","geometry":{"type":"Point","coordinates":[-71.458335,-41.06534,0]},"properties":{"name":"Av. del Campanario y Selva Negra -a","description":{"@type":"html","value":"descripción: Código: 3409<br>Coordenadas: -41.0653398 -71.458335<br>Garita: <br>Cartel: <br>Observaciones: <br>Conexiones: (13/22_A1:70)-(13/22_B1:33)-(22_C:15)-<br>Código: 3409<br>Coordenadas: -41.0653398 -71.458335<br>Garita: <br>Cartel: <br>Observaciones: <br>Conexiones: (13/22_A1:70)-(13/22_B1:33)-(22_C:15)-"},"styleUrl":"#icon-1739-E65100","icon-scale":1,"icon":"images/icon-1.png","descripción":"Código: 3409\nCoordenadas: -41.0653398 -71.458335\nGarita: \nCartel: \nObservaciones: \nConexiones: (13/22_A1:70)-(13/22_B1:33)-(22_C:15)-","Código":"3409","Coordenadas":"-41.0653398 -71.458335","Garita":"","Cartel":"","Observaciones":"","Conexiones":"(13/22_A1:70)-(13/22_B1:33)-(22_C:15)-"}},
{"type":"Feature","geometry":{"type":"Point","coordinates":[-71.454518,-41.067011,0]},"properties":{"name":"Av. del Campanario - Casa de Te  -a","description":{"@type":"html","value":"descripción: Código: 3410<br>Coordenadas: -41.0670113 -71.4545183<br>Garita: <br>Cartel: <br>Observaciones: <br>Conexiones: (13/22_A1:72)-(13/22_B1:35)-(22_C:17)-<br>Código: 3410<br>Coordenadas: -41.0670113 -71.4545183<br>Garita: <br>Cartel: <br>Observaciones: <br>Conexiones: (13/22_A1:72)-(13/22_B1:35)-(22_C:17)-"},"styleUrl":"#icon-1739-E65100","icon-scale":1,"icon":"images/icon-1.png","descripción":"Código: 3410\nCoordenadas: -41.0670113 -71.4545183\nGarita: \nCartel: \nObservaciones: \nConexiones: (13/22_A1:72)-(13/22_B1:35)-(22_C:17)-","Código":"3410","Coordenadas":"-41.0670113 -71.4545183","Garita":"","Cartel":"","Observaciones":"","Conexiones":"(13/22_A1:72)-(13/22_B1:35)-(22_C:17)-"}},
{"type":"Feature","geometry":{"type":"Point","coordinates":[-71.451014,-41.068471,0]},"properties":{"name":"Av. del Campanario A -a","description":{"@type":"html","value":"descripción: Código: 3411<br>Coordenadas: -41.068471 -71.4510143<br>Garita: <br>Cartel: <br>Observaciones: <br>Conexiones: (13/22_A1:73)-(13/22_B1:36)-(22_C:18)-<br>Código: 3411<br>Coordenadas: -41.068471 -71.4510143<br>Garita: <br>Cartel: <br>Observaciones: <br>Conexiones: (13/22_A1:73)-(13/22_B1:36)-(22_C:18)-"},"styleUrl":"#icon-1739-E65100","icon-scale":1,"icon":"images/icon-1.png","descripción":"Código: 3411\nCoordenadas: -41.068471 -71.4510143\nGarita: \nCartel: \nObservaciones: \nConexiones: (13/22_A1:73)-(13/22_B1:36)-(22_C:18)-","Código":"3411","Coordenadas":"-41.068471 -71.4510143","Garita":"","Cartel":"","Observaciones":"","Conexiones":"(13/22_A1:73)-(13/22_B1:36)-(22_C:18)-"}},
{"type":"Feature","geometry":{"type":"Point","coordinates":[-71.449014,-41.070067,0]},"properties":{"name":"Av. del Campanario 4045 -a","description":{"@type":"html","value":"descripción: Código: 3412<br>Coordenadas: -41.070067 -71.4490143<br>Garita: <br>Cartel: <br>Observaciones: <br>Conexiones: (13/22_A1:74)-(13/22_B1:37)-(22_C:19)-<br>Código: 3412<br>Coordenadas: -41.070067 -71.4490143<br>Garita: <br>Cartel: <br>Observaciones: <br>Conexiones: (13/22_A1:74)-(13/22_B1:37)-(22_C:19)-"},"styleUrl":"#icon-1739-E65100","icon-scale":1,"icon":"images/icon-1.png","descripción":"Código: 3412\nCoordenadas: -41.070067 -71.4490143\nGarita: \nCartel: \nObservaciones: \nConexiones: (13/22_A1:74)-(13/22_B1:37)-(22_C:19)-","Código":"3412","Coordenadas":"-41.070067 -71.4490143","Garita":"","Cartel":"","Observaciones":"","Conexiones":"(13/22_A1:74)-(13/22_B1:37)-(22_C:19)-"}},
{"type":"Feature","geometry":{"type":"Point","coordinates":[-71.445419,-41.072617,0]},"properties":{"name":"Av. del Campanario B -a","description":{"@type":"html","value":"descripción: Código: 3413<br>Coordenadas: -41.0726168 -71.4454192<br>Garita: <br>Cartel: <br>Observaciones: <br>Conexiones: (13/22_A1:75)-(13/22_B1:38)-(22_C:20)-<br>Código: 3413<br>Coordenadas: -41.0726168 -71.4454192<br>Garita: <br>Cartel: <br>Observaciones: <br>Conexiones: (13/22_A1:75)-(13/22_B1:38)-(22_C:20)-"},"styleUrl":"#icon-1739-E65100","icon-scale":1,"icon":"images/icon-1.png","descripción":"Código: 3413\nCoordenadas: -41.0726168 -71.4454192\nGarita: \nCartel: \nObservaciones: \nConexiones: (13/22_A1:75)-(13/22_B1:38)-(22_C:20)-","Código":"3413","Coordenadas":"-41.0726168 -71.4454192","Garita":"","Cartel":"","Observaciones":"","Conexiones":"(13/22_A1:75)-(13/22_B1:38)-(22_C:20)-"}},
{"type":"Feature","geometry":{"type":"Point","coordinates":[-71.441854,-41.078663,0]},"properties":{"name":"Av. del Campanario D - Curva","description":{"@type":"html","value":"descripción: Código: 3414<br>Coordenadas: -41.0786634 -71.4418545<br>Garita: <br>Cartel: <br>Observaciones: <br>Conexiones: (13/22_A1:76)-(13/22_B1:39)-(22_C:21)-<br>Código: 3414<br>Coordenadas: -41.0786634 -71.4418545<br>Garita: <br>Cartel: <br>Observaciones: <br>Conexiones: (13/22_A1:76)-(13/22_B1:39)-(22_C:21)-"},"styleUrl":"#icon-1739-E65100","icon-scale":1,"icon":"images/icon-1.png","descripción":"Código: 3414\nCoordenadas: -41.0786634 -71.4418545\nGarita: \nCartel: \nObservaciones: \nConexiones: (13/22_A1:76)-(13/22_B1:39)-(22_C:21)-","Código":"3414","Coordenadas":"-41.0786634 -71.4418545","Garita":"","Cartel":"","Observaciones":"","Conexiones":"(13/22_A1:76)-(13/22_B1:39)-(22_C:21)-"}},
{"type":"Feature","geometry":{"type":"Point","coordinates":[-71.438993,-41.07942,0]},"properties":{"name":"Av. del Campanario - Campo de Tulipanes -a","description":{"@type":"html","value":"descripción: Código: 3415<br>Coordenadas: -41.0794197 -71.4389926<br>Garita: <br>Cartel: <br>Observaciones: <br>Conexiones: (13/22_A1:77)-(13/22_B1:40)-(22_C:22)-<br>Código: 3415<br>Coordenadas: -41.0794197 -71.4389926<br>Garita: <br>Cartel: <br>Observaciones: <br>Conexiones: (13/22_A1:77)-(13/22_B1:40)-(22_C:22)-"},"styleUrl":"#icon-1739-E65100","icon-scale":1,"icon":"images/icon-1.png","descripción":"Código: 3415\nCoordenadas: -41.0794197 -71.4389926\nGarita: \nCartel: \nObservaciones: \nConexiones: (13/22_A1:77)-(13/22_B1:40)-(22_C:22)-","Código":"3415","Coordenadas":"-41.0794197 -71.4389926","Garita":"","Cartel":"","Observaciones":"","Conexiones":"(13/22_A1:77)-(13/22_B1:40)-(22_C:22)-"}},
{"type":"Feature","geometry":{"type":"Point","coordinates":[-71.430548,-41.086356,0]},"properties":{"name":"Av. del Campanario - Bifurcación","description":{"@type":"html","value":"descripción: Código: 3416<br>Coordenadas: -41.0863561 -71.4305484<br>Garita: <br>Cartel: <br>Observaciones: <br>Conexiones: (13/22_A1:78)-(13/22_B1:41)-(22_C:23)-<br>Código: 3416<br>Coordenadas: -41.0863561 -71.4305484<br>Garita: <br>Cartel: <br>Observaciones: <br>Conexiones: (13/22_A1:78)-(13/22_B1:41)-(22_C:23)-"},"styleUrl":"#icon-1739-E65100","icon-scale":1,"icon":"images/icon-1.png","descripción":"Código: 3416\nCoordenadas: -41.0863561 -71.4305484\nGarita: \nCartel: \nObservaciones: \nConexiones: (13/22_A1:78)-(13/22_B1:41)-(22_C:23)-","Código":"3416","Coordenadas":"-41.0863561 -71.4305484","Garita":"","Cartel":"","Observaciones":"","Conexiones":"(13/22_A1:78)-(13/22_B1:41)-(22_C:23)-"}},
{"type":"Feature","geometry":{"type":"Point","coordinates":[-71.429154,-41.088002,0]},"properties":{"name":"Cabecera Península San Pedro -a","description":{"@type":"html","value":"descripción: Código: 3417<br>Coordenadas: -41.0880021 -71.4291537<br>Garita: <br>Cartel: <br>Observaciones: <br>Conexiones: (13/22_A1:79)-(13/22_B1:42)-(22_C:24)-<br>Código: 3417<br>Coordenadas: -41.0880021 -71.4291537<br>Garita: <br>Cartel: <br>Observaciones: <br>Conexiones: (13/22_A1:79)-(13/22_B1:42)-(22_C:24)-"},"styleUrl":"#icon-1739-E65100","icon-scale":1,"icon":"images/icon-1.png","descripción":"Código: 3417\nCoordenadas: -41.0880021 -71.4291537\nGarita: \nCartel: \nObservaciones: \nConexiones: (13/22_A1:79)-(13/22_B1:42)-(22_C:24)-","Código":"3417","Coordenadas":"-41.0880021 -71.4291537","Garita":"","Cartel":"","Observaciones":"","Conexiones":"(13/22_A1:79)-(13/22_B1:42)-(22_C:24)-"}},
{"type":"Feature","geometry":{"type":"Point","coordinates":[-71.428754,-41.08784,0]},"properties":{"name":"Cabecera Península San Pedro -b","description":{"@type":"html","value":"descripción: Código: 3501<br>Coordenadas: -41.08784 -71.4287538<br>Garita: <br>Cartel: <br>Observaciones: <br>Conexiones: (13/22_A2:1)-(13/22_B2:1)-<br>Código: 3501<br>Coordenadas: -41.08784 -71.4287538<br>Garita: <br>Cartel: <br>Observaciones: <br>Conexiones: (13/22_A2:1)-(13/22_B2:1)-"},"styleUrl":"#icon-1739-E65100","icon-scale":1,"icon":"images/icon-1.png","descripción":"Código: 3501\nCoordenadas: -41.08784 -71.4287538\nGarita: \nCartel: \nObservaciones: \nConexiones: (13/22_A2:1)-(13/22_B2:1)-","Código":"3501","Coordenadas":"-41.08784 -71.4287538","Garita":"","Cartel":"","Observaciones":"","Conexiones":"(13/22_A2:1)-(13/22_B2:1)-"}},
{"type":"Feature","geometry":{"type":"Point","coordinates":[-71.438603,-41.079315,0]},"properties":{"name":"Av. del Campanario - Campo de Tulipanes -b","description":{"@type":"html","value":"descripción: Código: 3502<br>Coordenadas: -41.0793149 -71.4386027<br>Garita: <br>Cartel: <br>Observaciones: <br>Conexiones: (13/22_A2:2)-(13/22_B2:2)-<br>Código: 3502<br>Coordenadas: -41.0793149 -71.4386027<br>Garita: <br>Cartel: <br>Observaciones: <br>Conexiones: (13/22_A2:2)-(13/22_B2:2)-"},"styleUrl":"#icon-1739-E65100","icon-scale":1,"icon":"images/icon-1.png","descripción":"Código: 3502\nCoordenadas: -41.0793149 -71.4386027\nGarita: \nCartel: \nObservaciones: \nConexiones: (13/22_A2:2)-(13/22_B2:2)-","Código":"3502","Coordenadas":"-41.0793149 -71.4386027","Garita":"","Cartel":"","Observaciones":"","Conexiones":"(13/22_A2:2)-(13/22_B2:2)-"}},
{"type":"Feature","geometry":{"type":"Point","coordinates":[-71.443447,-41.074201,0]},"properties":{"name":"Av. del Campanario C","description":{"@type":"html","value":"descripción: Código: 3503<br>Coordenadas: -41.0742007 -71.4434471<br>Garita: <br>Cartel: <br>Observaciones: <br>Conexiones: (13/22_A2:3)-(13/22_B2:3)-<br>Código: 3503<br>Coordenadas: -41.0742007 -71.4434471<br>Garita: <br>Cartel: <br>Observaciones: <br>Conexiones: (13/22_A2:3)-(13/22_B2:3)-"},"styleUrl":"#icon-1739-E65100","icon-scale":1,"icon":"images/icon-1.png","descripción":"Código: 3503\nCoordenadas: -41.0742007 -71.4434471\nGarita: \nCartel: \nObservaciones: \nConexiones: (13/22_A2:3)-(13/22_B2:3)-","Código":"3503","Coordenadas":"-41.0742007 -71.4434471","Garita":"","Cartel":"","Observaciones":"","Conexiones":"(13/22_A2:3)-(13/22_B2:3)-"}},
{"type":"Feature","geometry":{"type":"Point","coordinates":[-71.44529,-41.072111,0]},"properties":{"name":"Av. del Campanario B -b","description":{"@type":"html","value":"descripción: Código: 3504<br>Coordenadas: -41.0721107 -71.4452898<br>Garita: <br>Cartel: <br>Observaciones: <br>Conexiones: (13/22_A2:4)-(13/22_B2:4)-<br>Código: 3504<br>Coordenadas: -41.0721107 -71.4452898<br>Garita: <br>Cartel: <br>Observaciones: <br>Conexiones: (13/22_A2:4)-(13/22_B2:4)-"},"styleUrl":"#icon-1739-E65100","icon-scale":1,"icon":"images/icon-1.png","descripción":"Código: 3504\nCoordenadas: -41.0721107 -71.4452898\nGarita: \nCartel: \nObservaciones: \nConexiones: (13/22_A2:4)-(13/22_B2:4)-","Código":"3504","Coordenadas":"-41.0721107 -71.4452898","Garita":"","Cartel":"","Observaciones":"","Conexiones":"(13/22_A2:4)-(13/22_B2:4)-"}},
{"type":"Feature","geometry":{"type":"Point","coordinates":[-71.448833,-41.06978,0]},"properties":{"name":"Av. del Campanario 4045 -b","description":{"@type":"html","value":"descripción: Código: 3505<br>Coordenadas: -41.0697803 -71.4488333<br>Garita: <br>Cartel: <br>Observaciones: <br>Conexiones: (13/22_A2:5)-(13/22_B2:5)-<br>Código: 3505<br>Coordenadas: -41.0697803 -71.4488333<br>Garita: <br>Cartel: <br>Observaciones: <br>Conexiones: (13/22_A2:5)-(13/22_B2:5)-"},"styleUrl":"#icon-1739-E65100","icon-scale":1,"icon":"images/icon-1.png","descripción":"Código: 3505\nCoordenadas: -41.0697803 -71.4488333\nGarita: \nCartel: \nObservaciones: \nConexiones: (13/22_A2:5)-(13/22_B2:5)-","Código":"3505","Coordenadas":"-41.0697803 -71.4488333","Garita":"","Cartel":"","Observaciones":"","Conexiones":"(13/22_A2:5)-(13/22_B2:5)-"}},
{"type":"Feature","geometry":{"type":"Point","coordinates":[-71.45099,-41.068167,0]},"properties":{"name":"Av. del Campanario A -b","description":{"@type":"html","value":"descripción: Código: 3506<br>Coordenadas: -41.0681667 -71.4509904<br>Garita: <br>Cartel: <br>Observaciones: <br>Conexiones: (13/22_A2:6)-(13/22_B2:6)-<br>Código: 3506<br>Coordenadas: -41.0681667 -71.4509904<br>Garita: <br>Cartel: <br>Observaciones: <br>Conexiones: (13/22_A2:6)-(13/22_B2:6)-"},"styleUrl":"#icon-1739-E65100","icon-scale":1,"icon":"images/icon-1.png","descripción":"Código: 3506\nCoordenadas: -41.0681667 -71.4509904\nGarita: \nCartel: \nObservaciones: \nConexiones: (13/22_A2:6)-(13/22_B2:6)-","Código":"3506","Coordenadas":"-41.0681667 -71.4509904","Garita":"","Cartel":"","Observaciones":"","Conexiones":"(13/22_A2:6)-(13/22_B2:6)-"}},
{"type":"Feature","geometry":{"type":"Point","coordinates":[-71.454146,-41.06699,0]},"properties":{"name":"Av. del Campanario - Casa de Te -b","description":{"@type":"html","value":"descripción: Código: 3507<br>Coordenadas: -41.0669898 -71.4541457<br>Garita: 1<br>Cartel: <br>Observaciones: <br>Conexiones: (13/22_A2:7)-(13/22_B2:7)-<br>Código: 3507<br>Coordenadas: -41.0669898 -71.4541457<br>Garita: 1.0<br>Cartel: <br>Observaciones: <br>Conexiones: (13/22_A2:7)-(13/22_B2:7)-"},"styleUrl":"#icon-1739-E65100","icon-scale":1,"icon":"images/icon-1.png","descripción":"Código: 3507\nCoordenadas: -41.0669898 -71.4541457\nGarita: 1\nCartel: \nObservaciones: \nConexiones: (13/22_A2:7)-(13/22_B2:7)-","Código":"3507","Coordenadas":"-41.0669898 -71.4541457","Garita":"1.0","Cartel":"","Observaciones":"","Conexiones":"(13/22_A2:7)-(13/22_B2:7)-"}},
{"type":"Feature","geometry":{"type":"Point","coordinates":[-71.456001,-41.065891,0]},"properties":{"name":"Av. del Campanario 3787","description":{"@type":"html","value":"descripción: Código: 3508<br>Coordenadas: -41.065891 -71.456001<br>Garita: <br>Cartel: <br>Observaciones: <br>Conexiones: (13/22_A1:71)-(13/22_B1:34)-(22_C:16)-<br>Código: 3508<br>Coordenadas: -41.065891 -71.456001<br>Garita: <br>Cartel: <br>Observaciones: <br>Conexiones: (13/22_A1:71)-(13/22_B1:34)-(22_C:16)-"},"styleUrl":"#icon-1739-E65100","icon-scale":1,"icon":"images/icon-1.png","descripción":"Código: 3508\nCoordenadas: -41.065891 -71.456001\nGarita: \nCartel: \nObservaciones: \nConexiones: (13/22_A1:71)-(13/22_B1:34)-(22_C:16)-","Código":"3508","Coordenadas":"-41.065891 -71.456001","Garita":"","Cartel":"","Observaciones":"","Conexiones":"(13/22_A1:71)-(13/22_B1:34)-(22_C:16)-"}},
{"type":"Feature","geometry":{"type":"Point","coordinates":[-71.458158,-41.065338,0]},"properties":{"name":"Av. del Campanario y Selva Negra -b","description":{"@type":"html","value":"descripción: Código: 3509<br>Coordenadas: -41.0653377 -71.4581583<br>Garita: 1<br>Cartel: <br>Observaciones: <br>Conexiones: (13/22_A2:8)-(13/22_B2:8)-<br>Código: 3509<br>Coordenadas: -41.0653377 -71.4581583<br>Garita: 1.0<br>Cartel: <br>Observaciones: <br>Conexiones: (13/22_A2:8)-(13/22_B2:8)-"},"styleUrl":"#icon-1739-E65100","icon-scale":1,"icon":"images/icon-1.png","descripción":"Código: 3509\nCoordenadas: -41.0653377 -71.4581583\nGarita: 1\nCartel: \nObservaciones: \nConexiones: (13/22_A2:8)-(13/22_B2:8)-","Código":"3509","Coordenadas":"-41.0653377 -71.4581583","Garita":"1.0","Cartel":"","Observaciones":"","Conexiones":"(13/22_A2:8)-(13/22_B2:8)-"}},
{"type":"Feature","geometry":{"type":"Point","coordinates":[-71.460739,-41.062524,0]},"properties":{"name":"Av. del Campanario 2363","description":{"@type":"html","value":"descripción: Código: 3510<br>Coordenadas: -41.0625244 -71.4607392<br>Garita: <br>Cartel: <br>Observaciones: <br>Conexiones: (13/22_A1:69)-(13/22_B1:32)-(22_C:14)-<br>Código: 3510<br>Coordenadas: -41.0625244 -71.4607392<br>Garita: <br>Cartel: <br>Observaciones: <br>Conexiones: (13/22_A1:69)-(13/22_B1:32)-(22_C:14)-"},"styleUrl":"#icon-1739-E65100","icon-scale":1,"icon":"images/icon-1.png","descripción":"Código: 3510\nCoordenadas: -41.0625244 -71.4607392\nGarita: \nCartel: \nObservaciones: \nConexiones: (13/22_A1:69)-(13/22_B1:32)-(22_C:14)-","Código":"3510","Coordenadas":"-41.0625244 -71.4607392","Garita":"","Cartel":"","Observaciones":"","Conexiones":"(13/22_A1:69)-(13/22_B1:32)-(22_C:14)-"}},
{"type":"Feature","geometry":{"type":"Point","coordinates":[-71.462795,-41.060366,0]},"properties":{"name":"Av. del Campanario y Churrín Andino -b","description":{"@type":"html","value":"descripción: Código: 3511<br>Coordenadas: -41.0603662 -71.4627953<br>Garita: <br>Cartel: <br>Observaciones: <br>Conexiones: (13/22_A2:9)-(13/22_B2:9)-<br>Código: 3511<br>Coordenadas: -41.0603662 -71.4627953<br>Garita: <br>Cartel: <br>Observaciones: <br>Conexiones: (13/22_A2:9)-(13/22_B2:9)-"},"styleUrl":"#icon-1739-E65100","icon-scale":1,"icon":"images/icon-1.png","descripción":"Código: 3511\nCoordenadas: -41.0603662 -71.4627953\nGarita: \nCartel: \nObservaciones: \nConexiones: (13/22_A2:9)-(13/22_B2:9)-","Código":"3511","Coordenadas":"-41.0603662 -71.4627953","Garita":"","Cartel":"","Observaciones":"","Conexiones":"(13/22_A2:9)-(13/22_B2:9)-"}},
{"type":"Feature","geometry":{"type":"Point","coordinates":[-71.468638,-41.05675,0]},"properties":{"name":"Av. del Campanario y Gelain -b","description":{"@type":"html","value":"descripción: Código: 3512<br>Coordenadas: -41.0567498 -71.4686375<br>Garita: <br>Cartel: <br>Observaciones: <br>Conexiones: (13/22_A2:10)-(13/22_B2:10)-<br>Código: 3512<br>Coordenadas: -41.0567498 -71.4686375<br>Garita: <br>Cartel: <br>Observaciones: <br>Conexiones: (13/22_A2:10)-(13/22_B2:10)-"},"styleUrl":"#icon-1739-E65100","icon-scale":1,"icon":"images/icon-1.png","descripción":"Código: 3512\nCoordenadas: -41.0567498 -71.4686375\nGarita: \nCartel: \nObservaciones: \nConexiones: (13/22_A2:10)-(13/22_B2:10)-","Código":"3512","Coordenadas":"-41.0567498 -71.4686375","Garita":"","Cartel":"","Observaciones":"","Conexiones":"(13/22_A2:10)-(13/22_B2:10)-"}},
{"type":"Feature","geometry":{"type":"Point","coordinates":[-71.471136,-41.055448,0]},"properties":{"name":"Av. del Campanario y Medioevo -b","description":{"@type":"html","value":"descripción: Código: 3513<br>Coordenadas: -41.0554484 -71.471136<br>Garita: <br>Cartel: <br>Observaciones: <br>Conexiones: (13/22_A2:11)-(13/22_B2:11)-<br>Código: 3513<br>Coordenadas: -41.0554484 -71.471136<br>Garita: <br>Cartel: <br>Observaciones: <br>Conexiones: (13/22_A2:11)-(13/22_B2:11)-"},"styleUrl":"#icon-1739-E65100","icon-scale":1,"icon":"images/icon-1.png","descripción":"Código: 3513\nCoordenadas: -41.0554484 -71.471136\nGarita: \nCartel: \nObservaciones: \nConexiones: (13/22_A2:11)-(13/22_B2:11)-","Código":"3513","Coordenadas":"-41.0554484 -71.471136","Garita":"","Cartel":"","Observaciones":"","Conexiones":"(13/22_A2:11)-(13/22_B2:11)-"}},
{"type":"Feature","geometry":{"type":"Point","coordinates":[-71.474052,-41.054912,0]},"properties":{"name":"Av. del Campanario 1155 -b","description":{"@type":"html","value":"descripción: Código: 3514<br>Coordenadas: -41.0549117 -71.4740517<br>Garita: <br>Cartel: <br>Observaciones: <br>Conexiones: (13/22_A2:12)-(13/22_B2:12)-<br>Código: 3514<br>Coordenadas: -41.0549117 -71.4740517<br>Garita: <br>Cartel: <br>Observaciones: <br>Conexiones: (13/22_A2:12)-(13/22_B2:12)-"},"styleUrl":"#icon-1739-E65100","icon-scale":1,"icon":"images/icon-1.png","descripción":"Código: 3514\nCoordenadas: -41.0549117 -71.4740517\nGarita: \nCartel: \nObservaciones: \nConexiones: (13/22_A2:12)-(13/22_B2:12)-","Código":"3514","Coordenadas":"-41.0549117 -71.4740517","Garita":"","Cartel":"","Observaciones":"","Conexiones":"(13/22_A2:12)-(13/22_B2:12)-"}},
{"type":"Feature","geometry":{"type":"Point","coordinates":[-71.48033,-41.054984,0]},"properties":{"name":"Av. del Campanario 700","description":{"@type":"html","value":"descripción: Código: 3515<br>Coordenadas: -41.0549835 -71.4803299<br>Garita: <br>Cartel: <br>Observaciones: <br>Conexiones: (13/22_A2:13)-(13/22_B2:13)-<br>Código: 3515<br>Coordenadas: -41.0549835 -71.4803299<br>Garita: <br>Cartel: <br>Observaciones: <br>Conexiones: (13/22_A2:13)-(13/22_B2:13)-"},"styleUrl":"#icon-1739-E65100","icon-scale":1,"icon":"images/icon-1.png","descripción":"Código: 3515\nCoordenadas: -41.0549835 -71.4803299\nGarita: \nCartel: \nObservaciones: \nConexiones: (13/22_A2:13)-(13/22_B2:13)-","Código":"3515","Coordenadas":"-41.0549835 -71.4803299","Garita":"","Cartel":"","Observaciones":"","Conexiones":"(13/22_A2:13)-(13/22_B2:13)-"}},
{"type":"Feature","geometry":{"type":"Point","coordinates":[-71.483111,-41.055487,0]},"properties":{"name":"Av. del Campanario 500 -a","description":{"@type":"html","value":"descripción: Código: 3516<br>Coordenadas: -41.055487 -71.483111<br>Garita: <br>Cartel: <br>Observaciones: <br>Conexiones: (13/22_A2:14)-(13/22_B2:14)-<br>Código: 3516<br>Coordenadas: -41.055487 -71.483111<br>Garita: <br>Cartel: <br>Observaciones: <br>Conexiones: (13/22_A2:14)-(13/22_B2:14)-"},"styleUrl":"#icon-1739-E65100","icon-scale":1,"icon":"images/icon-1.png","descripción":"Código: 3516\nCoordenadas: -41.055487 -71.483111\nGarita: \nCartel: \nObservaciones: \nConexiones: (13/22_A2:14)-(13/22_B2:14)-","Código":"3516","Coordenadas":"-41.055487 -71.483111","Garita":"","Cartel":"","Observaciones":"","Conexiones":"(13/22_A2:14)-(13/22_B2:14)-"}},
{"type":"Feature","geometry":{"type":"Point","coordinates":[-71.48839,-41.055702,0]},"properties":{"name":"Av. Del Campanario y Av. Bustillo -b","description":{"@type":"html","value":"descripción: Código: 3517<br>Coordenadas: -41.055702 -71.48839<br>Garita: <br>Cartel: <br>Observaciones: <br>Conexiones: (13/22_A2:15)-(13/22_B2:15)-<br>Código: 3517<br>Coordenadas: -41.055702 -71.48839<br>Garita: <br>Cartel: <br>Observaciones: <br>Conexiones: (13/22_A2:15)-(13/22_B2:15)-"},"styleUrl":"#icon-1739-E65100","icon-scale":1,"icon":"images/icon-1.png","descripción":"Código: 3517\nCoordenadas: -41.055702 -71.48839\nGarita: \nCartel: \nObservaciones: \nConexiones: (13/22_A2:15)-(13/22_B2:15)-","Código":"3517","Coordenadas":"-41.055702 -71.48839","Garita":"","Cartel":"","Observaciones":"","Conexiones":"(13/22_A2:15)-(13/22_B2:15)-"}},
{"type":"Feature","geometry":{"type":"Point","coordinates":[-71.452402,-41.090312,0]},"properties":{"name":"Av. Bustillo Km.14.800 - Camping","description":{"@type":"html","value":"descripción: Código: 3609<br>Coordenadas: -41.0903121 -71.4524022<br>Garita: 1<br>Cartel: <br>Observaciones: <br>Conexiones: (10_A2:25)-(10_B2:26)-(10_C2:35)-(13/22_A2:28)-(20_2:28)-(51_2:9)-<br>Código: 3609<br>Coordenadas: -41.0903121 -71.4524022<br>Garita: 1.0<br>Cartel: <br>Observaciones: <br>Conexiones: (10_A2:25)-(10_B2:26)-(10_C2:35)-(13/22_A2:28)-(20_2:28)-(51_2:9)-"},"styleUrl":"#icon-1739-E65100","icon-scale":1,"icon":"images/icon-1.png","descripción":"Código: 3609\nCoordenadas: -41.0903121 -71.4524022\nGarita: 1\nCartel: \nObservaciones: \nConexiones: (10_A2:25)-(10_B2:26)-(10_C2:35)-(13/22_A2:28)-(20_2:28)-(51_2:9)-","Código":"3609","Coordenadas":"-41.0903121 -71.4524022","Garita":"1.0","Cartel":"","Observaciones":"","Conexiones":"(10_A2:25)-(10_B2:26)-(10_C2:35)-(13/22_A2:28)-(20_2:28)-(51_2:9)-"}},
{"type":"Feature","geometry":{"type":"Point","coordinates":[-71.403788,-41.117656,0]},"properties":{"name":"Av. Bustillo Km.8.800 -b","description":{"@type":"html","value":"descripción: Código: 3622<br>Coordenadas: -41.1176564 -71.4037878<br>Garita: 1<br>Cartel: <br>Observaciones: <br>Conexiones: (10_A2:39)-(10_B2:40)-(10_C2:49)-(13/22_A2:42)-(20_2:42)-(21_2:24)-(51_2:23)-<br>Código: 3622<br>Coordenadas: -41.1176564 -71.4037878<br>Garita: 1.0<br>Cartel: <br>Observaciones: <br>Conexiones: (10_A2:39)-(10_B2:40)-(10_C2:49)-(13/22_A2:42)-(20_2:42)-(21_2:24)-(51_2:23)-"},"styleUrl":"#icon-1739-E65100","icon-scale":1,"icon":"images/icon-1.png","descripción":"Código: 3622\nCoordenadas: -41.1176564 -71.4037878\nGarita: 1\nCartel: \nObservaciones: \nConexiones: (10_A2:39)-(10_B2:40)-(10_C2:49)-(13/22_A2:42)-(20_2:42)-(21_2:24)-(51_2:23)-","Código":"3622","Coordenadas":"-41.1176564 -71.4037878","Garita":"1.0","Cartel":"","Observaciones":"","Conexiones":"(10_A2:39)-(10_B2:40)-(10_C2:49)-(13/22_A2:42)-(20_2:42)-(21_2:24)-(51_2:23)-"}},
{"type":"Feature","geometry":{"type":"Point","coordinates":[-71.40124,-41.124302,0]},"properties":{"name":"Av. de Los Pioneros y Cruz de Sur","description":{"@type":"html","value":"descripción: Código: 3624<br>Coordenadas: -41.124302 -71.4012404<br>Garita: 1<br>Cartel: <br>Observaciones: <br>Conexiones: (50_A2:15)-(50_B2:24)-(50_C2:15)-(51_2:25)-(55_2:12)-<br>Código: 3624<br>Coordenadas: -41.124302 -71.4012404<br>Garita: 1.0<br>Cartel: <br>Observaciones: <br>Conexiones: (50_A2:15)-(50_B2:24)-(50_C2:15)-(51_2:25)-(55_2:12)-"},"styleUrl":"#icon-1739-E65100","icon-scale":1,"icon":"images/icon-1.png","descripción":"Código: 3624\nCoordenadas: -41.124302 -71.4012404\nGarita: 1\nCartel: \nObservaciones: \nConexiones: (50_A2:15)-(50_B2:24)-(50_C2:15)-(51_2:25)-(55_2:12)-","Código":"3624","Coordenadas":"-41.124302 -71.4012404","Garita":"1.0","Cartel":"","Observaciones":"","Conexiones":"(50_A2:15)-(50_B2:24)-(50_C2:15)-(51_2:25)-(55_2:12)-"}},
{"type":"Feature","geometry":{"type":"Point","coordinates":[-71.399361,-41.125213,0]},"properties":{"name":"Av. de Los Pioneros y Sta. Elisa","description":{"@type":"html","value":"descripción: Código: 3625<br>Coordenadas: -41.1252131 -71.3993612<br>Garita: <br>Cartel: <br>Observaciones: <br>Conexiones: (50_A2:16)-(50_B2:25)-(50_C2:16)-(51_2:26)-(55_2:13)-<br>Código: 3625<br>Coordenadas: -41.1252131 -71.3993612<br>Garita: <br>Cartel: <br>Observaciones: <br>Conexiones: (50_A2:16)-(50_B2:25)-(50_C2:16)-(51_2:26)-(55_2:13)-"},"styleUrl":"#icon-1739-E65100","icon-scale":1,"icon":"images/icon-1.png","descripción":"Código: 3625\nCoordenadas: -41.1252131 -71.3993612\nGarita: \nCartel: \nObservaciones: \nConexiones: (50_A2:16)-(50_B2:25)-(50_C2:16)-(51_2:26)-(55_2:13)-","Código":"3625","Coordenadas":"-41.1252131 -71.3993612","Garita":"","Cartel":"","Observaciones":"","Conexiones":"(50_A2:16)-(50_B2:25)-(50_C2:16)-(51_2:26)-(55_2:13)-"}},
{"type":"Feature","geometry":{"type":"Point","coordinates":[-71.382023,-41.126938,0]},"properties":{"name":"Av. de Los Pioneros Km.6.394","description":{"@type":"html","value":"descripción: Código: 3629<br>Coordenadas: -41.1269382 -71.3820229<br>Garita: 1<br>Cartel: <br>Observaciones: <br>Conexiones: (50_A2:21)-(50_B2:30)-(50_C2:21)-(51_2:31)-<br>Código: 3629<br>Coordenadas: -41.1269382 -71.3820229<br>Garita: 1.0<br>Cartel: <br>Observaciones: <br>Conexiones: (50_A2:21)-(50_B2:30)-(50_C2:21)-(51_2:31)-"},"styleUrl":"#icon-1739-E65100","icon-scale":1,"icon":"images/icon-1.png","descripción":"Código: 3629\nCoordenadas: -41.1269382 -71.3820229\nGarita: 1\nCartel: \nObservaciones: \nConexiones: (50_A2:21)-(50_B2:30)-(50_C2:21)-(51_2:31)-","Código":"3629","Coordenadas":"-41.1269382 -71.3820229","Garita":"1.0","Cartel":"","Observaciones":"","Conexiones":"(50_A2:21)-(50_B2:30)-(50_C2:21)-(51_2:31)-"}},
{"type":"Feature","geometry":{"type":"Point","coordinates":[-71.370537,-41.130163,0]},"properties":{"name":"Av. de Los Pioneros - Comisaría 27 -b","description":{"@type":"html","value":"descripción: Código: 3632<br>Coordenadas: -41.1301631 -71.3705369<br>Garita: 1<br>Cartel: <br>Observaciones: <br>Conexiones: (50_A2:25)-(50_B2:34)-(50_C2:25)-(51_2:35)-(55_2:21)-<br>Código: 3632<br>Coordenadas: -41.1301631 -71.3705369<br>Garita: 1.0<br>Cartel: <br>Observaciones: <br>Conexiones: (50_A2:25)-(50_B2:34)-(50_C2:25)-(51_2:35)-(55_2:21)-"},"styleUrl":"#icon-1739-E65100","icon-scale":1,"icon":"images/icon-1.png","descripción":"Código: 3632\nCoordenadas: -41.1301631 -71.3705369\nGarita: 1\nCartel: \nObservaciones: \nConexiones: (50_A2:25)-(50_B2:34)-(50_C2:25)-(51_2:35)-(55_2:21)-","Código":"3632","Coordenadas":"-41.1301631 -71.3705369","Garita":"1.0","Cartel":"","Observaciones":"","Conexiones":"(50_A2:25)-(50_B2:34)-(50_C2:25)-(51_2:35)-(55_2:21)-"}},
{"type":"Feature","geometry":{"type":"Point","coordinates":[-71.369313,-41.130263,0]},"properties":{"name":"Av. de Los Pioneros - Teleférico -b","description":{"@type":"html","value":"descripción: Código: 3633<br>Coordenadas: -41.1302634 -71.3693133<br>Garita: 1<br>Cartel: <br>Observaciones: <br>Conexiones: (50_A2:26)-(50_B2:35)-(50_C2:26)-(51_2:36)-(55_2:22)-<br>Código: 3633<br>Coordenadas: -41.1302634 -71.3693133<br>Garita: 1.0<br>Cartel: <br>Observaciones: <br>Conexiones: (50_A2:26)-(50_B2:35)-(50_C2:26)-(51_2:36)-(55_2:22)-"},"styleUrl":"#icon-1739-E65100","icon-scale":1,"icon":"images/icon-1.png","descripción":"Código: 3633\nCoordenadas: -41.1302634 -71.3693133\nGarita: 1\nCartel: \nObservaciones: \nConexiones: (50_A2:26)-(50_B2:35)-(50_C2:26)-(51_2:36)-(55_2:22)-","Código":"3633","Coordenadas":"-41.1302634 -71.3693133","Garita":"1.0","Cartel":"","Observaciones":"","Conexiones":"(50_A2:26)-(50_B2:35)-(50_C2:26)-(51_2:36)-(55_2:22)-"}},
{"type":"Feature","geometry":{"type":"Point","coordinates":[-71.367393,-41.130475,0]},"properties":{"name":"Av. de Los Pioneros y Cerro Otto -b","description":{"@type":"html","value":"descripción: Código: 3634<br>Coordenadas: -41.1304748 -71.3673926<br>Garita: 1<br>Cartel: <br>Observaciones: <br>Conexiones: (50_A2:27)-(50_B2:36)-(50_C2:27)-(51_2:37)-(55_2:23)-<br>Código: 3634<br>Coordenadas: -41.1304748 -71.3673926<br>Garita: 1.0<br>Cartel: <br>Observaciones: <br>Conexiones: (50_A2:27)-(50_B2:36)-(50_C2:27)-(51_2:37)-(55_2:23)-"},"styleUrl":"#icon-1739-E65100","icon-scale":1,"icon":"images/icon-1.png","descripción":"Código: 3634\nCoordenadas: -41.1304748 -71.3673926\nGarita: 1\nCartel: \nObservaciones: \nConexiones: (50_A2:27)-(50_B2:36)-(50_C2:27)-(51_2:37)-(55_2:23)-","Código":"3634","Coordenadas":"-41.1304748 -71.3673926","Garita":"1.0","Cartel":"","Observaciones":"","Conexiones":"(50_A2:27)-(50_B2:36)-(50_C2:27)-(51_2:37)-(55_2:23)-"}},
{"type":"Feature","geometry":{"type":"Point","coordinates":[-71.364766,-41.130935,0]},"properties":{"name":"Av. de Los Pioneros y Escritores Argentinos -b","description":{"@type":"html","value":"descripción: Código: 3635<br>Coordenadas: -41.1309347 -71.3647664<br>Garita: 1<br>Cartel: <br>Observaciones: <br>Conexiones: (50_A2:28)-(50_B2:37)-(50_C2:28)-(51_2:38)-(55_2:24)-<br>Código: 3635<br>Coordenadas: -41.1309347 -71.3647664<br>Garita: 1.0<br>Cartel: <br>Observaciones: <br>Conexiones: (50_A2:28)-(50_B2:37)-(50_C2:28)-(51_2:38)-(55_2:24)-"},"styleUrl":"#icon-1739-E65100","icon-scale":1,"icon":"images/icon-1.png","descripción":"Código: 3635\nCoordenadas: -41.1309347 -71.3647664\nGarita: 1\nCartel: \nObservaciones: \nConexiones: (50_A2:28)-(50_B2:37)-(50_C2:28)-(51_2:38)-(55_2:24)-","Código":"3635","Coordenadas":"-41.1309347 -71.3647664","Garita":"1.0","Cartel":"","Observaciones":"","Conexiones":"(50_A2:28)-(50_B2:37)-(50_C2:28)-(51_2:38)-(55_2:24)-"}},
{"type":"Feature","geometry":{"type":"Point","coordinates":[-71.361087,-41.131497,0]},"properties":{"name":"Av. de Los Pioneros y Tupungato -b","description":{"@type":"html","value":"descripción: Código: 3636<br>Coordenadas: -41.1314974 -71.3610869<br>Garita: 1<br>Cartel: <br>Observaciones: <br>Conexiones: (50_A2:29)-(50_B2:38)-(50_C2:29)-(51_2:39)-(55_2:25)-<br>Código: 3636<br>Coordenadas: -41.1314974 -71.3610869<br>Garita: 1.0<br>Cartel: <br>Observaciones: <br>Conexiones: (50_A2:29)-(50_B2:38)-(50_C2:29)-(51_2:39)-(55_2:25)-"},"styleUrl":"#icon-1739-E65100","icon-scale":1,"icon":"images/icon-1.png","descripción":"Código: 3636\nCoordenadas: -41.1314974 -71.3610869\nGarita: 1\nCartel: \nObservaciones: \nConexiones: (50_A2:29)-(50_B2:38)-(50_C2:29)-(51_2:39)-(55_2:25)-","Código":"3636","Coordenadas":"-41.1314974 -71.3610869","Garita":"1.0","Cartel":"","Observaciones":"","Conexiones":"(50_A2:29)-(50_B2:38)-(50_C2:29)-(51_2:39)-(55_2:25)-"}},
{"type":"Feature","geometry":{"type":"Point","coordinates":[-71.357933,-41.131985,0]},"properties":{"name":"Av. de Los Pioneros y Av. Boock -b","description":{"@type":"html","value":"descripción: Código: 3637<br>Coordenadas: -41.1319852 -71.3579328<br>Garita: <br>Cartel: <br>Observaciones: <br>Conexiones: (50_A2:30)-(50_B2:39)-(50_C2:30)-(51_2:40)-(55_2:26)-<br>Código: 3637<br>Coordenadas: -41.1319852 -71.3579328<br>Garita: <br>Cartel: <br>Observaciones: <br>Conexiones: (50_A2:30)-(50_B2:39)-(50_C2:30)-(51_2:40)-(55_2:26)-"},"styleUrl":"#icon-1739-E65100","icon-scale":1,"icon":"images/icon-1.png","descripción":"Código: 3637\nCoordenadas: -41.1319852 -71.3579328\nGarita: \nCartel: \nObservaciones: \nConexiones: (50_A2:30)-(50_B2:39)-(50_C2:30)-(51_2:40)-(55_2:26)-","Código":"3637","Coordenadas":"-41.1319852 -71.3579328","Garita":"","Cartel":"","Observaciones":"","Conexiones":"(50_A2:30)-(50_B2:39)-(50_C2:30)-(51_2:40)-(55_2:26)-"}},
{"type":"Feature","geometry":{"type":"Point","coordinates":[-71.356125,-41.132246,0]},"properties":{"name":"Av. de Los Pioneros Km.3.890","description":{"@type":"html","value":"descripción: Código: 3638<br>Coordenadas: -41.1322463 -71.3561254<br>Garita: 1<br>Cartel: <br>Observaciones: <br>Conexiones: (50_A2:31)-(50_B2:40)-(50_C2:31)-(51_2:41)-(55_2:27)-<br>Código: 3638<br>Coordenadas: -41.1322463 -71.3561254<br>Garita: 1.0<br>Cartel: <br>Observaciones: <br>Conexiones: (50_A2:31)-(50_B2:40)-(50_C2:31)-(51_2:41)-(55_2:27)-"},"styleUrl":"#icon-1739-E65100","icon-scale":1,"icon":"images/icon-1.png","descripción":"Código: 3638\nCoordenadas: -41.1322463 -71.3561254\nGarita: 1\nCartel: \nObservaciones: \nConexiones: (50_A2:31)-(50_B2:40)-(50_C2:31)-(51_2:41)-(55_2:27)-","Código":"3638","Coordenadas":"-41.1322463 -71.3561254","Garita":"1.0","Cartel":"","Observaciones":"","Conexiones":"(50_A2:31)-(50_B2:40)-(50_C2:31)-(51_2:41)-(55_2:27)-"}},
{"type":"Feature","geometry":{"type":"Point","coordinates":[-71.352909,-41.132871,0]},"properties":{"name":"Av. de Los Pioneros Km.3.607 -b","description":{"@type":"html","value":"descripción: Código: 3639<br>Coordenadas: -41.1328708 -71.3529093<br>Garita: 1<br>Cartel: <br>Observaciones: <br>Conexiones: (50_A2:32)-(50_B2:41)-(50_C2:32)-(51_2:42)-(55_2:28)-<br>Código: 3639<br>Coordenadas: -41.1328708 -71.3529093<br>Garita: 1.0<br>Cartel: <br>Observaciones: <br>Conexiones: (50_A2:32)-(50_B2:41)-(50_C2:32)-(51_2:42)-(55_2:28)-"},"styleUrl":"#icon-1739-E65100","icon-scale":1,"icon":"images/icon-1.png","descripción":"Código: 3639\nCoordenadas: -41.1328708 -71.3529093\nGarita: 1\nCartel: \nObservaciones: \nConexiones: (50_A2:32)-(50_B2:41)-(50_C2:32)-(51_2:42)-(55_2:28)-","Código":"3639","Coordenadas":"-41.1328708 -71.3529093","Garita":"1.0","Cartel":"","Observaciones":"","Conexiones":"(50_A2:32)-(50_B2:41)-(50_C2:32)-(51_2:42)-(55_2:28)-"}},
{"type":"Feature","geometry":{"type":"Point","coordinates":[-71.349558,-41.133823,0]},"properties":{"name":"Av. de Los Pioneros y Los Alerces -b","description":{"@type":"html","value":"descripción: Código: 3640<br>Coordenadas: -41.1338226 -71.3495577<br>Garita: <br>Cartel: <br>Observaciones: <br>Conexiones: (50_A2:33)-(50_B2:42)-(50_C2:33)-(51_2:43)-(55_2:29)-<br>Código: 3640<br>Coordenadas: -41.1338226 -71.3495577<br>Garita: <br>Cartel: <br>Observaciones: <br>Conexiones: (50_A2:33)-(50_B2:42)-(50_C2:33)-(51_2:43)-(55_2:29)-"},"styleUrl":"#icon-1739-E65100","icon-scale":1,"icon":"images/icon-1.png","descripción":"Código: 3640\nCoordenadas: -41.1338226 -71.3495577\nGarita: \nCartel: \nObservaciones: \nConexiones: (50_A2:33)-(50_B2:42)-(50_C2:33)-(51_2:43)-(55_2:29)-","Código":"3640","Coordenadas":"-41.1338226 -71.3495577","Garita":"","Cartel":"","Observaciones":"","Conexiones":"(50_A2:33)-(50_B2:42)-(50_C2:33)-(51_2:43)-(55_2:29)-"}},
{"type":"Feature","geometry":{"type":"Point","coordinates":[-71.321182,-41.137506,0]},"properties":{"name":"Av. de Los Pioneros y Las Piedras","description":{"@type":"html","value":"descripción: Código: 3645<br>Coordenadas: -41.1375065 -71.3211825<br>Garita: <br>Cartel: 1<br>Observaciones: <br>Conexiones: (50_A2:38)-(50_B2:47)-(50_C2:38)-(51_2:48)-(55_2:34)-<br>Código: 3645<br>Coordenadas: -41.1375065 -71.3211825<br>Garita: <br>Cartel: 1.0<br>Observaciones: <br>Conexiones: (50_A2:38)-(50_B2:47)-(50_C2:38)-(51_2:48)-(55_2:34)-"},"styleUrl":"#icon-1739-E65100","icon-scale":1,"icon":"images/icon-1.png","descripción":"Código: 3645\nCoordenadas: -41.1375065 -71.3211825\nGarita: \nCartel: 1\nObservaciones: \nConexiones: (50_A2:38)-(50_B2:47)-(50_C2:38)-(51_2:48)-(55_2:34)-","Código":"3645","Coordenadas":"-41.1375065 -71.3211825","Garita":"","Cartel":"1.0","Observaciones":"","Conexiones":"(50_A2:38)-(50_B2:47)-(50_C2:38)-(51_2:48)-(55_2:34)-"}},
{"type":"Feature","geometry":{"type":"Point","coordinates":[-71.310734,-41.137838,0]},"properties":{"name":"24 de Septiembre y Morales","description":{"@type":"html","value":"descripción: Código: 3648<br>Coordenadas: -41.1378375 -71.3107338<br>Garita: <br>Cartel: 1<br>Observaciones: <br>Conexiones: (50_A2:42)-(50_B2:51)-(50_C2:42)-(51_2:52)-(55_2:38)-<br>Código: 3648<br>Coordenadas: -41.1378375 -71.3107338<br>Garita: <br>Cartel: 1.0<br>Observaciones: <br>Conexiones: (50_A2:42)-(50_B2:51)-(50_C2:42)-(51_2:52)-(55_2:38)-"},"styleUrl":"#icon-1739-E65100","icon-scale":1,"icon":"images/icon-1.png","descripción":"Código: 3648\nCoordenadas: -41.1378375 -71.3107338\nGarita: \nCartel: 1\nObservaciones: \nConexiones: (50_A2:42)-(50_B2:51)-(50_C2:42)-(51_2:52)-(55_2:38)-","Código":"3648","Coordenadas":"-41.1378375 -71.3107338","Garita":"","Cartel":"1.0","Observaciones":"","Conexiones":"(50_A2:42)-(50_B2:51)-(50_C2:42)-(51_2:52)-(55_2:38)-"}},
{"type":"Feature","geometry":{"type":"Point","coordinates":[-71.307958,-41.13812,0]},"properties":{"name":"Tiscornia y Villegas","description":{"@type":"html","value":"descripción: Código: 3649<br>Coordenadas: -41.13812 -71.3079575<br>Garita: <br>Cartel: 1<br>Observaciones: <br>Conexiones: (50_A2:43)-(50_B2:52)-(50_C2:43)-(51_2:53)-(55_2:39)-<br>Código: 3649<br>Coordenadas: -41.13812 -71.3079575<br>Garita: <br>Cartel: 1.0<br>Observaciones: <br>Conexiones: (50_A2:43)-(50_B2:52)-(50_C2:43)-(51_2:53)-(55_2:39)-"},"styleUrl":"#icon-1739-E65100","icon-scale":1,"icon":"images/icon-1.png","descripción":"Código: 3649\nCoordenadas: -41.13812 -71.3079575\nGarita: \nCartel: 1\nObservaciones: \nConexiones: (50_A2:43)-(50_B2:52)-(50_C2:43)-(51_2:53)-(55_2:39)-","Código":"3649","Coordenadas":"-41.13812 -71.3079575","Garita":"","Cartel":"1.0","Observaciones":"","Conexiones":"(50_A2:43)-(50_B2:52)-(50_C2:43)-(51_2:53)-(55_2:39)-"}},
{"type":"Feature","geometry":{"type":"Point","coordinates":[-71.29944,-41.139001,0]},"properties":{"name":"Tiscornia y Otto Goedecke","description":{"@type":"html","value":"descripción: Código: 3652<br>Coordenadas: -41.1390012 -71.29944<br>Garita: <br>Cartel: 1<br>Observaciones: <br>Conexiones: (50_A2:46)-(50_B2:55)-(50_C2:46)-(51_2:56)-<br>Código: 3652<br>Coordenadas: -41.1390012 -71.29944<br>Garita: <br>Cartel: 1.0<br>Observaciones: <br>Conexiones: (50_A2:46)-(50_B2:55)-(50_C2:46)-(51_2:56)-"},"styleUrl":"#icon-1739-E65100","icon-scale":1,"icon":"images/icon-1.png","descripción":"Código: 3652\nCoordenadas: -41.1390012 -71.29944\nGarita: \nCartel: 1\nObservaciones: \nConexiones: (50_A2:46)-(50_B2:55)-(50_C2:46)-(51_2:56)-","Código":"3652","Coordenadas":"-41.1390012 -71.29944","Garita":"","Cartel":"1.0","Observaciones":"","Conexiones":"(50_A2:46)-(50_B2:55)-(50_C2:46)-(51_2:56)-"}},
{"type":"Feature","geometry":{"type":"Point","coordinates":[-71.301648,-41.15343,0]},"properties":{"name":"Av. Juan Herman y Otto Goedecke","description":{"@type":"html","value":"descripción: Código: 3660<br>Coordenadas: -41.1534299 -71.3016482<br>Garita: 1<br>Cartel: <br>Observaciones: <br>Conexiones: (40_1:15)-(41_1:15)-(50_A2:55)-(50_B2:64)-(50_C2:55)-(51_2:65)-(61_A1:32)-(61_B1:15)-(61_C1:15)-<br>Código: 3660<br>Coordenadas: -41.1534299 -71.3016482<br>Garita: 1.0<br>Cartel: <br>Observaciones: <br>Conexiones: (40_1:15)-(41_1:15)-(50_A2:55)-(50_B2:64)-(50_C2:55)-(51_2:65)-(61_A1:32)-(61_B1:15)-(61_C1:15)-"},"styleUrl":"#icon-1739-E65100","icon-scale":1,"icon":"images/icon-1.png","descripción":"Código: 3660\nCoordenadas: -41.1534299 -71.3016482\nGarita: 1\nCartel: \nObservaciones: \nConexiones: (40_1:15)-(41_1:15)-(50_A2:55)-(50_B2:64)-(50_C2:55)-(51_2:65)-(61_A1:32)-(61_B1:15)-(61_C1:15)-","Código":"3660","Coordenadas":"-41.1534299 -71.3016482","Garita":"1.0","Cartel":"","Observaciones":"","Conexiones":"(40_1:15)-(41_1:15)-(50_A2:55)-(50_B2:64)-(50_C2:55)-(51_2:65)-(61_A1:32)-(61_B1:15)-(61_C1:15)-"}},
{"type":"Feature","geometry":{"type":"Point","coordinates":[-71.303878,-41.154343,0]},"properties":{"name":"Av. Juan Herman y Sobral","description":{"@type":"html","value":"descripción: Código: 3661<br>Coordenadas: -41.1543427 -71.3038775<br>Garita: 1<br>Cartel: <br>Observaciones: <br>Conexiones: (40_1:16)-(41_1:16)-(50_A2:56)-(50_B2:65)-(50_C2:56)-(51_2:66)-(61_A1:33)-(61_B1:16)-(61_C1:16)-<br>Código: 3661<br>Coordenadas: -41.1543427 -71.3038775<br>Garita: 1.0<br>Cartel: <br>Observaciones: <br>Conexiones: (40_1:16)-(41_1:16)-(50_A2:56)-(50_B2:65)-(50_C2:56)-(51_2:66)-(61_A1:33)-(61_B1:16)-(61_C1:16)-"},"styleUrl":"#icon-1739-E65100","icon-scale":1,"icon":"images/icon-1.png","descripción":"Código: 3661\nCoordenadas: -41.1543427 -71.3038775\nGarita: 1\nCartel: \nObservaciones: \nConexiones: (40_1:16)-(41_1:16)-(50_A2:56)-(50_B2:65)-(50_C2:56)-(51_2:66)-(61_A1:33)-(61_B1:16)-(61_C1:16)-","Código":"3661","Coordenadas":"-41.1543427 -71.3038775","Garita":"1.0","Cartel":"","Observaciones":"","Conexiones":"(40_1:16)-(41_1:16)-(50_A2:56)-(50_B2:65)-(50_C2:56)-(51_2:66)-(61_A1:33)-(61_B1:16)-(61_C1:16)-"}},
{"type":"Feature","geometry":{"type":"Point","coordinates":[-71.330652,-41.167425,0]},"properties":{"name":"Peulla y Cacique Chocori -b","description":{"@type":"html","value":"descripción: Código: 3702<br>Coordenadas: -41.1674252 -71.3306518<br>Garita: 1<br>Cartel: <br>Observaciones: <br>Conexiones: (61_A2:1)-(61_B2:1)-<br>Código: 3702<br>Coordenadas: -41.1674252 -71.3306518<br>Garita: 1.0<br>Cartel: <br>Observaciones: <br>Conexiones: (61_A2:1)-(61_B2:1)-"},"styleUrl":"#icon-1739-E65100","icon-scale":1,"icon":"images/icon-1.png","descripción":"Código: 3702\nCoordenadas: -41.1674252 -71.3306518\nGarita: 1\nCartel: \nObservaciones: \nConexiones: (61_A2:1)-(61_B2:1)-","Código":"3702","Coordenadas":"-41.1674252 -71.3306518","Garita":"1.0","Cartel":"","Observaciones":"","Conexiones":"(61_A2:1)-(61_B2:1)-"}},
{"type":"Feature","geometry":{"type":"Point","coordinates":[-71.329991,-41.166389,0]},"properties":{"name":"Shaquil y Cacique Chocori","description":{"@type":"html","value":"descripción: Código: 3703<br>Coordenadas: -41.1663887 -71.3299911<br>Garita: <br>Cartel: <br>Observaciones: <br>Conexiones: (61_A2:2)-(61_B2:2)-<br>Código: 3703<br>Coordenadas: -41.1663887 -71.3299911<br>Garita: <br>Cartel: <br>Observaciones: <br>Conexiones: (61_A2:2)-(61_B2:2)-"},"styleUrl":"#icon-1739-E65100","icon-scale":1,"icon":"images/icon-1.png","descripción":"Código: 3703\nCoordenadas: -41.1663887 -71.3299911\nGarita: \nCartel: \nObservaciones: \nConexiones: (61_A2:2)-(61_B2:2)-","Código":"3703","Coordenadas":"-41.1663887 -71.3299911","Garita":"","Cartel":"","Observaciones":"","Conexiones":"(61_A2:2)-(61_B2:2)-"}},
{"type":"Feature","geometry":{"type":"Point","coordinates":[-71.331248,-41.165304,0]},"properties":{"name":"Shaquil y Cacique Prafil -b","description":{"@type":"html","value":"descripción: Código: 3704<br>Coordenadas: -41.1653043 -71.3312479<br>Garita: <br>Cartel: <br>Observaciones: <br>Conexiones: (61_A2:3)-(61_B2:3)-<br>Código: 3704<br>Coordenadas: -41.1653043 -71.3312479<br>Garita: <br>Cartel: <br>Observaciones: <br>Conexiones: (61_A2:3)-(61_B2:3)-"},"styleUrl":"#icon-1739-E65100","icon-scale":1,"icon":"images/icon-1.png","descripción":"Código: 3704\nCoordenadas: -41.1653043 -71.3312479\nGarita: \nCartel: \nObservaciones: \nConexiones: (61_A2:3)-(61_B2:3)-","Código":"3704","Coordenadas":"-41.1653043 -71.3312479","Garita":"","Cartel":"","Observaciones":"","Conexiones":"(61_A2:3)-(61_B2:3)-"}},
{"type":"Feature","geometry":{"type":"Point","coordinates":[-71.330067,-41.164172,0]},"properties":{"name":"Cacique Prafil y Paico -b","description":{"@type":"html","value":"descripción: Código: 3705<br>Coordenadas: -41.1641715 -71.3300672<br>Garita: 1<br>Cartel: <br>Observaciones: <br>Conexiones: (61_A2:4)-(61_B2:4)-<br>Código: 3705<br>Coordenadas: -41.1641715 -71.3300672<br>Garita: 1.0<br>Cartel: <br>Observaciones: <br>Conexiones: (61_A2:4)-(61_B2:4)-"},"styleUrl":"#icon-1739-E65100","icon-scale":1,"icon":"images/icon-1.png","descripción":"Código: 3705\nCoordenadas: -41.1641715 -71.3300672\nGarita: 1\nCartel: \nObservaciones: \nConexiones: (61_A2:4)-(61_B2:4)-","Código":"3705","Coordenadas":"-41.1641715 -71.3300672","Garita":"1.0","Cartel":"","Observaciones":"","Conexiones":"(61_A2:4)-(61_B2:4)-"}},
{"type":"Feature","geometry":{"type":"Point","coordinates":[-71.328616,-41.163208,0]},"properties":{"name":"Cacique Prafil y Ñancu Lahuen -b","description":{"@type":"html","value":"descripción: Código: 3706<br>Coordenadas: -41.1632081 -71.3286159<br>Garita: <br>Cartel: <br>Observaciones: <br>Conexiones: (61_A2:5)-(61_B2:5)-<br>Código: 3706<br>Coordenadas: -41.1632081 -71.3286159<br>Garita: <br>Cartel: <br>Observaciones: <br>Conexiones: (61_A2:5)-(61_B2:5)-"},"styleUrl":"#icon-1739-E65100","icon-scale":1,"icon":"images/icon-1.png","descripción":"Código: 3706\nCoordenadas: -41.1632081 -71.3286159\nGarita: \nCartel: \nObservaciones: \nConexiones: (61_A2:5)-(61_B2:5)-","Código":"3706","Coordenadas":"-41.1632081 -71.3286159","Garita":"","Cartel":"","Observaciones":"","Conexiones":"(61_A2:5)-(61_B2:5)-"}},
{"type":"Feature","geometry":{"type":"Point","coordinates":[-71.330266,-41.161325,0]},"properties":{"name":"Ñancu Lahuen y Cacique Nahuel -b","description":{"@type":"html","value":"descripción: Código: 3707<br>Coordenadas: -41.1613247 -71.330266<br>Garita: <br>Cartel: <br>Observaciones: <br>Conexiones: (61_A2:6)-(61_B2:6)-<br>Código: 3707<br>Coordenadas: -41.1613247 -71.330266<br>Garita: <br>Cartel: <br>Observaciones: <br>Conexiones: (61_A2:6)-(61_B2:6)-"},"styleUrl":"#icon-1739-E65100","icon-scale":1,"icon":"images/icon-1.png","descripción":"Código: 3707\nCoordenadas: -41.1613247 -71.330266\nGarita: \nCartel: \nObservaciones: \nConexiones: (61_A2:6)-(61_B2:6)-","Código":"3707","Coordenadas":"-41.1613247 -71.330266","Garita":"","Cartel":"","Observaciones":"","Conexiones":"(61_A2:6)-(61_B2:6)-"}},
{"type":"Feature","geometry":{"type":"Point","coordinates":[-71.331515,-41.160249,0]},"properties":{"name":"Ñancu Lahuen y Cacique Casimiro -b","description":{"@type":"html","value":"descripción: Código: 3708<br>Coordenadas: -41.1602492 -71.3315152<br>Garita: <br>Cartel: <br>Observaciones: <br>Conexiones: (61_A2:7)-(61_B2:7)-<br>Código: 3708<br>Coordenadas: -41.1602492 -71.3315152<br>Garita: <br>Cartel: <br>Observaciones: <br>Conexiones: (61_A2:7)-(61_B2:7)-"},"styleUrl":"#icon-1739-E65100","icon-scale":1,"icon":"images/icon-1.png","descripción":"Código: 3708\nCoordenadas: -41.1602492 -71.3315152\nGarita: \nCartel: \nObservaciones: \nConexiones: (61_A2:7)-(61_B2:7)-","Código":"3708","Coordenadas":"-41.1602492 -71.3315152","Garita":"","Cartel":"","Observaciones":"","Conexiones":"(61_A2:7)-(61_B2:7)-"}},
{"type":"Feature","geometry":{"type":"Point","coordinates":[-71.332673,-41.160627,0]},"properties":{"name":"Cacique Casimiro y Llanten -b","description":{"@type":"html","value":"descripción: Código: 3709<br>Coordenadas: -41.1606267 -71.3326734<br>Garita: <br>Cartel: 1<br>Observaciones: <br>Conexiones: (61_A2:8)-(61_B2:8)-<br>Código: 3709<br>Coordenadas: -41.1606267 -71.3326734<br>Garita: <br>Cartel: 1.0<br>Observaciones: <br>Conexiones: (61_A2:8)-(61_B2:8)-"},"styleUrl":"#icon-1739-E65100","icon-scale":1,"icon":"images/icon-1.png","descripción":"Código: 3709\nCoordenadas: -41.1606267 -71.3326734\nGarita: \nCartel: 1\nObservaciones: \nConexiones: (61_A2:8)-(61_B2:8)-","Código":"3709","Coordenadas":"-41.1606267 -71.3326734","Garita":"","Cartel":"1.0","Observaciones":"","Conexiones":"(61_A2:8)-(61_B2:8)-"}},
{"type":"Feature","geometry":{"type":"Point","coordinates":[-71.333682,-41.161304,0]},"properties":{"name":"Cacique Casimiro y Pico -b","description":{"@type":"html","value":"descripción: Código: 3710<br>Coordenadas: -41.1613042 -71.3336818<br>Garita: <br>Cartel: <br>Observaciones: <br>Conexiones: (61_A2:9)-(61_B2:9)-<br>Código: 3710<br>Coordenadas: -41.1613042 -71.3336818<br>Garita: <br>Cartel: <br>Observaciones: <br>Conexiones: (61_A2:9)-(61_B2:9)-"},"styleUrl":"#icon-1739-E65100","icon-scale":1,"icon":"images/icon-1.png","descripción":"Código: 3710\nCoordenadas: -41.1613042 -71.3336818\nGarita: \nCartel: \nObservaciones: \nConexiones: (61_A2:9)-(61_B2:9)-","Código":"3710","Coordenadas":"-41.1613042 -71.3336818","Garita":"","Cartel":"","Observaciones":"","Conexiones":"(61_A2:9)-(61_B2:9)-"}},
{"type":"Feature","geometry":{"type":"Point","coordinates":[-71.334865,-41.16207,0]},"properties":{"name":"Cacique Casimiro y Pil Pil Voqui","description":{"@type":"html","value":"descripción: Código: 3711<br>Coordenadas: -41.1620697 -71.3348648<br>Garita: <br>Cartel: <br>Observaciones: <br>Conexiones: (61_A2:10)-(61_B2:10)-<br>Código: 3711<br>Coordenadas: -41.1620697 -71.3348648<br>Garita: <br>Cartel: <br>Observaciones: <br>Conexiones: (61_A2:10)-(61_B2:10)-"},"styleUrl":"#icon-1739-E65100","icon-scale":1,"icon":"images/icon-1.png","descripción":"Código: 3711\nCoordenadas: -41.1620697 -71.3348648\nGarita: \nCartel: \nObservaciones: \nConexiones: (61_A2:10)-(61_B2:10)-","Código":"3711","Coordenadas":"-41.1620697 -71.3348648","Garita":"","Cartel":"","Observaciones":"","Conexiones":"(61_A2:10)-(61_B2:10)-"}},
{"type":"Feature","geometry":{"type":"Point","coordinates":[-71.336333,-41.16106,0]},"properties":{"name":"Pil Pil Voqui y San Cayetano -b","description":{"@type":"html","value":"descripción: Código: 3712<br>Coordenadas: -41.16106 -71.3363332<br>Garita: 1<br>Cartel: <br>Observaciones: <br>Conexiones: (61_A2:11)-(61_B2:11)-<br>Código: 3712<br>Coordenadas: -41.16106 -71.3363332<br>Garita: 1.0<br>Cartel: <br>Observaciones: <br>Conexiones: (61_A2:11)-(61_B2:11)-"},"styleUrl":"#icon-1739-E65100","icon-scale":1,"icon":"images/icon-1.png","descripción":"Código: 3712\nCoordenadas: -41.16106 -71.3363332\nGarita: 1\nCartel: \nObservaciones: \nConexiones: (61_A2:11)-(61_B2:11)-","Código":"3712","Coordenadas":"-41.16106 -71.3363332","Garita":"1.0","Cartel":"","Observaciones":"","Conexiones":"(61_A2:11)-(61_B2:11)-"}},
{"type":"Feature","geometry":{"type":"Point","coordinates":[-71.335207,-41.159978,0]},"properties":{"name":"San Cayetano y Paico -b","description":{"@type":"html","value":"descripción: Código: 3713<br>Coordenadas: -41.1599776 -71.3352072<br>Garita: <br>Cartel: <br>Observaciones: <br>Conexiones: (61_A2:12)-(61_B2:12)-<br>Código: 3713<br>Coordenadas: -41.1599776 -71.3352072<br>Garita: <br>Cartel: <br>Observaciones: <br>Conexiones: (61_A2:12)-(61_B2:12)-"},"styleUrl":"#icon-1739-E65100","icon-scale":1,"icon":"images/icon-1.png","descripción":"Código: 3713\nCoordenadas: -41.1599776 -71.3352072\nGarita: \nCartel: \nObservaciones: \nConexiones: (61_A2:12)-(61_B2:12)-","Código":"3713","Coordenadas":"-41.1599776 -71.3352072","Garita":"","Cartel":"","Observaciones":"","Conexiones":"(61_A2:12)-(61_B2:12)-"}},
{"type":"Feature","geometry":{"type":"Point","coordinates":[-71.33331,-41.158696,0]},"properties":{"name":"San Cayetano y Ñancu Lahuen -b","description":{"@type":"html","value":"descripción: Código: 3714<br>Coordenadas: -41.1586963 -71.3333102<br>Garita: <br>Cartel: <br>Observaciones: <br>Conexiones: (61_A2:13)-(61_B2:13)-<br>Código: 3714<br>Coordenadas: -41.1586963 -71.3333102<br>Garita: <br>Cartel: <br>Observaciones: <br>Conexiones: (61_A2:13)-(61_B2:13)-"},"styleUrl":"#icon-1739-E65100","icon-scale":1,"icon":"images/icon-1.png","descripción":"Código: 3714\nCoordenadas: -41.1586963 -71.3333102\nGarita: \nCartel: \nObservaciones: \nConexiones: (61_A2:13)-(61_B2:13)-","Código":"3714","Coordenadas":"-41.1586963 -71.3333102","Garita":"","Cartel":"","Observaciones":"","Conexiones":"(61_A2:13)-(61_B2:13)-"}},
{"type":"Feature","geometry":{"type":"Point","coordinates":[-71.331502,-41.157426,0]},"properties":{"name":"San Cayetano y Molle -b","description":{"@type":"html","value":"descripción: Código: 3715<br>Coordenadas: -41.1574256 -71.3315024<br>Garita: <br>Cartel: <br>Observaciones: <br>Conexiones: (61_A2:14)-(61_B2:14)-<br>Código: 3715<br>Coordenadas: -41.1574256 -71.3315024<br>Garita: <br>Cartel: <br>Observaciones: <br>Conexiones: (61_A2:14)-(61_B2:14)-"},"styleUrl":"#icon-1739-E65100","icon-scale":1,"icon":"images/icon-1.png","descripción":"Código: 3715\nCoordenadas: -41.1574256 -71.3315024\nGarita: \nCartel: \nObservaciones: \nConexiones: (61_A2:14)-(61_B2:14)-","Código":"3715","Coordenadas":"-41.1574256 -71.3315024","Garita":"","Cartel":"","Observaciones":"","Conexiones":"(61_A2:14)-(61_B2:14)-"}},
{"type":"Feature","geometry":{"type":"Point","coordinates":[-71.330404,-41.156704,0]},"properties":{"name":"San Cayetano y Charcao","description":{"@type":"html","value":"descripción: Código: 3716<br>Coordenadas: -41.156704 -71.3304038<br>Garita: <br>Cartel: <br>Observaciones: <br>Conexiones: (61_A2:15)-(61_B2:15)-<br>Código: 3716<br>Coordenadas: -41.156704 -71.3304038<br>Garita: <br>Cartel: <br>Observaciones: <br>Conexiones: (61_A2:15)-(61_B2:15)-"},"styleUrl":"#icon-1739-E65100","icon-scale":1,"icon":"images/icon-1.png","descripción":"Código: 3716\nCoordenadas: -41.156704 -71.3304038\nGarita: \nCartel: \nObservaciones: \nConexiones: (61_A2:15)-(61_B2:15)-","Código":"3716","Coordenadas":"-41.156704 -71.3304038","Garita":"","Cartel":"","Observaciones":"","Conexiones":"(61_A2:15)-(61_B2:15)-"}},
{"type":"Feature","geometry":{"type":"Point","coordinates":[-71.328489,-41.158182,0]},"properties":{"name":"Charcao y Cacique Casimiro -b","description":{"@type":"html","value":"descripción: Código: 3717<br>Coordenadas: -41.1581824 -71.3284889<br>Garita: <br>Cartel: <br>Observaciones: <br>Conexiones: (61_B2:16)-<br>Código: 3717<br>Coordenadas: -41.1581824 -71.3284889<br>Garita: <br>Cartel: <br>Observaciones: <br>Conexiones: (61_B2:16)-"},"styleUrl":"#icon-1739-E65100","icon-scale":1,"icon":"images/icon-1.png","descripción":"Código: 3717\nCoordenadas: -41.1581824 -71.3284889\nGarita: \nCartel: \nObservaciones: \nConexiones: (61_B2:16)-","Código":"3717","Coordenadas":"-41.1581824 -71.3284889","Garita":"","Cartel":"","Observaciones":"","Conexiones":"(61_B2:16)-"}},
{"type":"Feature","geometry":{"type":"Point","coordinates":[-71.326744,-41.159628,0]},"properties":{"name":"Charcao y Cacique Nahuel -b","description":{"@type":"html","value":"descripción: Código: 3718<br>Coordenadas: -41.1596281 -71.3267438<br>Garita: 1<br>Cartel: <br>Observaciones: <br>Conexiones: (61_B2:17)-<br>Código: 3718<br>Coordenadas: -41.1596281 -71.3267438<br>Garita: 1.0<br>Cartel: <br>Observaciones: <br>Conexiones: (61_B2:17)-"},"styleUrl":"#icon-1739-E65100","icon-scale":1,"icon":"images/icon-1.png","descripción":"Código: 3718\nCoordenadas: -41.1596281 -71.3267438\nGarita: 1\nCartel: \nObservaciones: \nConexiones: (61_B2:17)-","Código":"3718","Coordenadas":"-41.1596281 -71.3267438","Garita":"1.0","Cartel":"","Observaciones":"","Conexiones":"(61_B2:17)-"}},
{"type":"Feature","geometry":{"type":"Point","coordinates":[-71.325154,-41.160923,0]},"properties":{"name":"Charcao y Cacique Prafil -b","description":{"@type":"html","value":"descripción: Código: 3719<br>Coordenadas: -41.1609228 -71.3251543<br>Garita: 1<br>Cartel: <br>Observaciones: <br>Conexiones: (61_B2:18)-<br>Código: 3719<br>Coordenadas: -41.1609228 -71.3251543<br>Garita: 1.0<br>Cartel: <br>Observaciones: <br>Conexiones: (61_B2:18)-"},"styleUrl":"#icon-1739-E65100","icon-scale":1,"icon":"images/icon-1.png","descripción":"Código: 3719\nCoordenadas: -41.1609228 -71.3251543\nGarita: 1\nCartel: \nObservaciones: \nConexiones: (61_B2:18)-","Código":"3719","Coordenadas":"-41.1609228 -71.3251543","Garita":"1.0","Cartel":"","Observaciones":"","Conexiones":"(61_B2:18)-"}},
{"type":"Feature","geometry":{"type":"Point","coordinates":[-71.323263,-41.162493,0]},"properties":{"name":"Charcao y Cacique Chocori -b","description":{"@type":"html","value":"descripción: Código: 3720<br>Coordenadas: -41.1624928 -71.3232627<br>Garita: <br>Cartel: <br>Observaciones: <br>Conexiones: (61_B2:19)-<br>Código: 3720<br>Coordenadas: -41.1624928 -71.3232627<br>Garita: <br>Cartel: <br>Observaciones: <br>Conexiones: (61_B2:19)-"},"styleUrl":"#icon-1739-E65100","icon-scale":1,"icon":"images/icon-1.png","descripción":"Código: 3720\nCoordenadas: -41.1624928 -71.3232627\nGarita: \nCartel: \nObservaciones: \nConexiones: (61_B2:19)-","Código":"3720","Coordenadas":"-41.1624928 -71.3232627","Garita":"","Cartel":"","Observaciones":"","Conexiones":"(61_B2:19)-"}},
{"type":"Feature","geometry":{"type":"Point","coordinates":[-71.321903,-41.16365,0]},"properties":{"name":"Charcao y Cacique Purran -b","description":{"@type":"html","value":"descripción: Código: 3721<br>Coordenadas: -41.1636505 -71.3219029<br>Garita: 1<br>Cartel: <br>Observaciones: <br>Conexiones: (61_B2:20)-<br>Código: 3721<br>Coordenadas: -41.1636505 -71.3219029<br>Garita: 1.0<br>Cartel: <br>Observaciones: <br>Conexiones: (61_B2:20)-"},"styleUrl":"#icon-1739-E65100","icon-scale":1,"icon":"images/icon-1.png","descripción":"Código: 3721\nCoordenadas: -41.1636505 -71.3219029\nGarita: 1\nCartel: \nObservaciones: \nConexiones: (61_B2:20)-","Código":"3721","Coordenadas":"-41.1636505 -71.3219029","Garita":"1.0","Cartel":"","Observaciones":"","Conexiones":"(61_B2:20)-"}},
{"type":"Feature","geometry":{"type":"Point","coordinates":[-71.320992,-41.164427,0]},"properties":{"name":"Charcao y Av. Juan Herman -b","description":{"@type":"html","value":"descripción: Código: 3722<br>Coordenadas: -41.1644274 -71.3209921<br>Garita: <br>Cartel: <br>Observaciones: <br>Conexiones: (61_B2:21)-<br>Código: 3722<br>Coordenadas: -41.1644274 -71.3209921<br>Garita: <br>Cartel: <br>Observaciones: <br>Conexiones: (61_B2:21)-"},"styleUrl":"#icon-1739-E65100","icon-scale":1,"icon":"images/icon-1.png","descripción":"Código: 3722\nCoordenadas: -41.1644274 -71.3209921\nGarita: \nCartel: \nObservaciones: \nConexiones: (61_B2:21)-","Código":"3722","Coordenadas":"-41.1644274 -71.3209921","Garita":"","Cartel":"","Observaciones":"","Conexiones":"(61_B2:21)-"}},
{"type":"Feature","geometry":{"type":"Point","coordinates":[-71.318753,-41.162471,0]},"properties":{"name":"Av. Juan Herman y Soldado Olavarría","description":{"@type":"html","value":"descripción: Código: 3723<br>Coordenadas: -41.1624708 -71.318753<br>Garita: 1<br>Cartel: <br>Observaciones: <br>Conexiones: (40_2:19)-(41_2:29)-(61_A2:22)-(61_B2:22)-(61_C2:5)-(71/81_A2:13)-(71/81_B2:13)-(71/81_C2:16)-(81_A2:13)-(84_2:17)-<br>Código: 3723<br>Coordenadas: -41.1624708 -71.318753<br>Garita: 1.0<br>Cartel: <br>Observaciones: <br>Conexiones: (40_2:19)-(41_2:29)-(61_A2:22)-(61_B2:22)-(61_C2:5)-(71/81_A2:13)-(71/81_B2:13)-(71/81_C2:16)-(81_A2:13)-(84_2:17)-"},"styleUrl":"#icon-1739-E65100","icon-scale":1,"icon":"images/icon-1.png","descripción":"Código: 3723\nCoordenadas: -41.1624708 -71.318753\nGarita: 1\nCartel: \nObservaciones: \nConexiones: (40_2:19)-(41_2:29)-(61_A2:22)-(61_B2:22)-(61_C2:5)-(71/81_A2:13)-(71/81_B2:13)-(71/81_C2:16)-(81_A2:13)-(84_2:17)-","Código":"3723","Coordenadas":"-41.1624708 -71.318753","Garita":"1.0","Cartel":"","Observaciones":"","Conexiones":"(40_2:19)-(41_2:29)-(61_A2:22)-(61_B2:22)-(61_C2:5)-(71/81_A2:13)-(71/81_B2:13)-(71/81_C2:16)-(81_A2:13)-(84_2:17)-"}},
{"type":"Feature","geometry":{"type":"Point","coordinates":[-71.314944,-41.159148,0]},"properties":{"name":"Av. Juan Herman y Carlos Wiederhold -b","description":{"@type":"html","value":"descripción: Código: 3724<br>Coordenadas: -41.1591483 -71.314944<br>Garita: 1<br>Cartel: <br>Observaciones: <br>Conexiones: (40_2:20)-(41_2:30)-(61_A2:23)-(61_B2:23)-(61_C2:6)-(84_2:18)-<br>Código: 3724<br>Coordenadas: -41.1591483 -71.314944<br>Garita: 1.0<br>Cartel: <br>Observaciones: <br>Conexiones: (40_2:20)-(41_2:30)-(61_A2:23)-(61_B2:23)-(61_C2:6)-(84_2:18)-"},"styleUrl":"#icon-1739-E65100","icon-scale":1,"icon":"images/icon-1.png","descripción":"Código: 3724\nCoordenadas: -41.1591483 -71.314944\nGarita: 1\nCartel: \nObservaciones: \nConexiones: (40_2:20)-(41_2:30)-(61_A2:23)-(61_B2:23)-(61_C2:6)-(84_2:18)-","Código":"3724","Coordenadas":"-41.1591483 -71.314944","Garita":"1.0","Cartel":"","Observaciones":"","Conexiones":"(40_2:20)-(41_2:30)-(61_A2:23)-(61_B2:23)-(61_C2:6)-(84_2:18)-"}},
{"type":"Feature","geometry":{"type":"Point","coordinates":[-71.29855,-41.151691,0]},"properties":{"name":"Elordi y 2 de Agosto","description":{"@type":"html","value":"descripción: Código: 3730<br>Coordenadas: -41.151691 -71.2985503<br>Garita: 1<br>Cartel: <br>Observaciones: <br>Conexiones: (40_2:28)-(41_2:36)-(50_A1:7)-(50_B1:7)-(50_C1:7)-(51_1:8)-(61_A2:29)-(61_B2:31)-(61_C2:12)-<br>Código: 3730<br>Coordenadas: -41.151691 -71.2985503<br>Garita: 1.0<br>Cartel: <br>Observaciones: <br>Conexiones: (40_2:28)-(41_2:36)-(50_A1:7)-(50_B1:7)-(50_C1:7)-(51_1:8)-(61_A2:29)-(61_B2:31)-(61_C2:12)-"},"styleUrl":"#icon-1739-E65100","icon-scale":1,"icon":"images/icon-1.png","descripción":"Código: 3730\nCoordenadas: -41.151691 -71.2985503\nGarita: 1\nCartel: \nObservaciones: \nConexiones: (40_2:28)-(41_2:36)-(50_A1:7)-(50_B1:7)-(50_C1:7)-(51_1:8)-(61_A2:29)-(61_B2:31)-(61_C2:12)-","Código":"3730","Coordenadas":"-41.151691 -71.2985503","Garita":"1.0","Cartel":"","Observaciones":"","Conexiones":"(40_2:28)-(41_2:36)-(50_A1:7)-(50_B1:7)-(50_C1:7)-(51_1:8)-(61_A2:29)-(61_B2:31)-(61_C2:12)-"}},
{"type":"Feature","geometry":{"type":"Point","coordinates":[-71.298044,-41.148834,0]},"properties":{"name":"Elordi y Almte. Brown","description":{"@type":"html","value":"descripción: Código: 3731<br>Coordenadas: -41.1488341 -71.2980439<br>Garita: 1<br>Cartel: <br>Observaciones: <br>Conexiones: (40_2:29)-(41_2:37)-(50_A1:8)-(50_B1:8)-(50_C1:8)-(51_1:9)-(61_A2:30)-(61_B2:32)-(61_C2:13)-<br>Código: 3731<br>Coordenadas: -41.1488341 -71.2980439<br>Garita: 1.0<br>Cartel: <br>Observaciones: <br>Conexiones: (40_2:29)-(41_2:37)-(50_A1:8)-(50_B1:8)-(50_C1:8)-(51_1:9)-(61_A2:30)-(61_B2:32)-(61_C2:13)-"},"styleUrl":"#icon-1739-E65100","icon-scale":1,"icon":"images/icon-1.png","descripción":"Código: 3731\nCoordenadas: -41.1488341 -71.2980439\nGarita: 1\nCartel: \nObservaciones: \nConexiones: (40_2:29)-(41_2:37)-(50_A1:8)-(50_B1:8)-(50_C1:8)-(51_1:9)-(61_A2:30)-(61_B2:32)-(61_C2:13)-","Código":"3731","Coordenadas":"-41.1488341 -71.2980439","Garita":"1.0","Cartel":"","Observaciones":"","Conexiones":"(40_2:29)-(41_2:37)-(50_A1:8)-(50_B1:8)-(50_C1:8)-(51_1:9)-(61_A2:30)-(61_B2:32)-(61_C2:13)-"}},
{"type":"Feature","geometry":{"type":"Point","coordinates":[-71.297435,-41.145656,0]},"properties":{"name":"Elordi y Neuquén","description":{"@type":"html","value":"descripción: Código: 3732<br>Coordenadas: -41.1456564 -71.2974352<br>Garita: 1<br>Cartel: <br>Observaciones: <br>Conexiones: (40_2:30)-(41_2:38)-(50_A1:9)-(50_B1:9)-(50_C1:9)-(51_1:10)-(61_A2:31)-(61_B2:33)-(61_C2:14)-<br>Código: 3732<br>Coordenadas: -41.1456564 -71.2974352<br>Garita: 1.0<br>Cartel: <br>Observaciones: <br>Conexiones: (40_2:30)-(41_2:38)-(50_A1:9)-(50_B1:9)-(50_C1:9)-(51_1:10)-(61_A2:31)-(61_B2:33)-(61_C2:14)-"},"styleUrl":"#icon-1739-E65100","icon-scale":1,"icon":"images/icon-1.png","descripción":"Código: 3732\nCoordenadas: -41.1456564 -71.2974352\nGarita: 1\nCartel: \nObservaciones: \nConexiones: (40_2:30)-(41_2:38)-(50_A1:9)-(50_B1:9)-(50_C1:9)-(51_1:10)-(61_A2:31)-(61_B2:33)-(61_C2:14)-","Código":"3732","Coordenadas":"-41.1456564 -71.2974352","Garita":"1.0","Cartel":"","Observaciones":"","Conexiones":"(40_2:30)-(41_2:38)-(50_A1:9)-(50_B1:9)-(50_C1:9)-(51_1:10)-(61_A2:31)-(61_B2:33)-(61_C2:14)-"}},
{"type":"Feature","geometry":{"type":"Point","coordinates":[-71.297085,-41.143833,0]},"properties":{"name":"Elordi y 25 de Mayo","description":{"@type":"html","value":"descripción: Código: 3733<br>Coordenadas: -41.1438328 -71.2970854<br>Garita: <br>Cartel: 1<br>Observaciones: <br>Conexiones: (40_2:31)-(41_2:39)-(50_A1:10)-(50_B1:10)-(50_C1:10)-(51_1:11)-(61_A2:32)-(61_B2:34)-(61_C2:15)-<br>Código: 3733<br>Coordenadas: -41.1438328 -71.2970854<br>Garita: <br>Cartel: 1.0<br>Observaciones: <br>Conexiones: (40_2:31)-(41_2:39)-(50_A1:10)-(50_B1:10)-(50_C1:10)-(51_1:11)-(61_A2:32)-(61_B2:34)-(61_C2:15)-"},"styleUrl":"#icon-1739-E65100","icon-scale":1,"icon":"images/icon-1.png","descripción":"Código: 3733\nCoordenadas: -41.1438328 -71.2970854\nGarita: \nCartel: 1\nObservaciones: \nConexiones: (40_2:31)-(41_2:39)-(50_A1:10)-(50_B1:10)-(50_C1:10)-(51_1:11)-(61_A2:32)-(61_B2:34)-(61_C2:15)-","Código":"3733","Coordenadas":"-41.1438328 -71.2970854","Garita":"","Cartel":"1.0","Observaciones":"","Conexiones":"(40_2:31)-(41_2:39)-(50_A1:10)-(50_B1:10)-(50_C1:10)-(51_1:11)-(61_A2:32)-(61_B2:34)-(61_C2:15)-"}},
{"type":"Feature","geometry":{"type":"Point","coordinates":[-71.296686,-41.141595,0]},"properties":{"name":"Elordi y Anasagasti","description":{"@type":"html","value":"descripción: Código: 3734<br>Coordenadas: -41.141595 -71.2966859<br>Garita: 1<br>Cartel: <br>Observaciones: <br>Conexiones: (40_2:32)-(41_2:40)-(50_A1:11)-(50_B1:11)-(50_C1:11)-(51_1:12)-(61_A2:33)-(61_B2:35)-(61_C2:16)-<br>Código: 3734<br>Coordenadas: -41.141595 -71.2966859<br>Garita: 1.0<br>Cartel: <br>Observaciones: <br>Conexiones: (40_2:32)-(41_2:40)-(50_A1:11)-(50_B1:11)-(50_C1:11)-(51_1:12)-(61_A2:33)-(61_B2:35)-(61_C2:16)-"},"styleUrl":"#icon-1739-E65100","icon-scale":1,"icon":"images/icon-1.png","descripción":"Código: 3734\nCoordenadas: -41.141595 -71.2966859\nGarita: 1\nCartel: \nObservaciones: \nConexiones: (40_2:32)-(41_2:40)-(50_A1:11)-(50_B1:11)-(50_C1:11)-(51_1:12)-(61_A2:33)-(61_B2:35)-(61_C2:16)-","Código":"3734","Coordenadas":"-41.141595 -71.2966859","Garita":"1.0","Cartel":"","Observaciones":"","Conexiones":"(40_2:32)-(41_2:40)-(50_A1:11)-(50_B1:11)-(50_C1:11)-(51_1:12)-(61_A2:33)-(61_B2:35)-(61_C2:16)-"}},
{"type":"Feature","geometry":{"type":"Point","coordinates":[-71.308306,-41.133902,0]},"properties":{"name":"Quaglia y Mitre","description":{"@type":"html","value":"descripción: Código: 3739<br>Coordenadas: -41.1339019 -71.3083063<br>Garita: 1<br>Cartel: <br>Observaciones: <br>Conexiones: (60_1:30)-(61_A2:38)-(70_1:28)-(72_1:2)-<br>Código: 3739<br>Coordenadas: -41.1339019 -71.3083063<br>Garita: 1.0<br>Cartel: <br>Observaciones: <br>Conexiones: (60_1:30)-(61_A2:38)-(70_1:28)-(72_1:2)-"},"styleUrl":"#icon-1739-E65100","icon-scale":1,"icon":"images/icon-1.png","descripción":"Código: 3739\nCoordenadas: -41.1339019 -71.3083063\nGarita: 1\nCartel: \nObservaciones: \nConexiones: (60_1:30)-(61_A2:38)-(70_1:28)-(72_1:2)-","Código":"3739","Coordenadas":"-41.1339019 -71.3083063","Garita":"1.0","Cartel":"","Observaciones":"","Conexiones":"(60_1:30)-(61_A2:38)-(70_1:28)-(72_1:2)-"}},
{"type":"Feature","geometry":{"type":"Point","coordinates":[-71.283827,-41.135741,0]},"properties":{"name":"Los Ñires - Escarpa -a","description":{"@type":"html","value":"descripción: Código: 3746<br>Coordenadas: -41.1357407 -71.2838268<br>Garita: <br>Cartel: 1<br>Observaciones: <br>Conexiones: (61_A2:47)-<br>Código: 3746<br>Coordenadas: -41.1357407 -71.2838268<br>Garita: <br>Cartel: 1.0<br>Observaciones: <br>Conexiones: (61_A2:47)-"},"styleUrl":"#icon-1739-E65100","icon-scale":1,"icon":"images/icon-1.png","descripción":"Código: 3746\nCoordenadas: -41.1357407 -71.2838268\nGarita: \nCartel: 1\nObservaciones: \nConexiones: (61_A2:47)-","Código":"3746","Coordenadas":"-41.1357407 -71.2838268","Garita":"","Cartel":"1.0","Observaciones":"","Conexiones":"(61_A2:47)-"}},
{"type":"Feature","geometry":{"type":"Point","coordinates":[-71.284122,-41.13751,0]},"properties":{"name":"Los Ñires y Francisco Perito Moreno -b","description":{"@type":"html","value":"descripción: Código: 3747<br>Coordenadas: -41.1375098 -71.2841224<br>Garita: <br>Cartel: <br>Observaciones: <br>Conexiones: (61_A2:48)-<br>Código: 3747<br>Coordenadas: -41.1375098 -71.2841224<br>Garita: <br>Cartel: <br>Observaciones: <br>Conexiones: (61_A2:48)-"},"styleUrl":"#icon-1739-E65100","icon-scale":1,"icon":"images/icon-1.png","descripción":"Código: 3747\nCoordenadas: -41.1375098 -71.2841224\nGarita: \nCartel: \nObservaciones: \nConexiones: (61_A2:48)-","Código":"3747","Coordenadas":"-41.1375098 -71.2841224","Garita":"","Cartel":"","Observaciones":"","Conexiones":"(61_A2:48)-"}},
{"type":"Feature","geometry":{"type":"Point","coordinates":[-71.28328,-41.138726,0]},"properties":{"name":"Los Ñires y Bailey Willis -a","description":{"@type":"html","value":"descripción: Código: 3748<br>Coordenadas: -41.138726 -71.28328<br>Garita: <br>Cartel: <br>Observaciones: <br>Conexiones: (61_A2:49)-<br>Código: 3748<br>Coordenadas: -41.138726 -71.28328<br>Garita: <br>Cartel: <br>Observaciones: <br>Conexiones: (61_A2:49)-"},"styleUrl":"#icon-1739-E65100","icon-scale":1,"icon":"images/icon-1.png","descripción":"Código: 3748\nCoordenadas: -41.138726 -71.28328\nGarita: \nCartel: \nObservaciones: \nConexiones: (61_A2:49)-","Código":"3748","Coordenadas":"-41.138726 -71.28328","Garita":"","Cartel":"","Observaciones":"","Conexiones":"(61_A2:49)-"}},
{"type":"Feature","geometry":{"type":"Point","coordinates":[-71.283148,-41.139916,0]},"properties":{"name":"Los Ñires y Tiscornia -a","description":{"@type":"html","value":"descripción: Código: 3749<br>Coordenadas: -41.1399162 -71.2831479<br>Garita: <br>Cartel: <br>Observaciones: <br>Conexiones: (61_A2:50)-<br>Código: 3749<br>Coordenadas: -41.1399162 -71.2831479<br>Garita: <br>Cartel: <br>Observaciones: <br>Conexiones: (61_A2:50)-"},"styleUrl":"#icon-1739-E65100","icon-scale":1,"icon":"images/icon-1.png","descripción":"Código: 3749\nCoordenadas: -41.1399162 -71.2831479\nGarita: \nCartel: \nObservaciones: \nConexiones: (61_A2:50)-","Código":"3749","Coordenadas":"-41.1399162 -71.2831479","Garita":"","Cartel":"","Observaciones":"","Conexiones":"(61_A2:50)-"}},
{"type":"Feature","geometry":{"type":"Point","coordinates":[-71.283189,-41.140974,0]},"properties":{"name":"Los Ñires y Albarracín -a","description":{"@type":"html","value":"descripción: Código: 3750<br>Coordenadas: -41.1409736 -71.2831889<br>Garita: 1<br>Cartel: <br>Observaciones: <br>Conexiones: (61_A2:51)-<br>Código: 3750<br>Coordenadas: -41.1409736 -71.2831889<br>Garita: 1.0<br>Cartel: <br>Observaciones: <br>Conexiones: (61_A2:51)-"},"styleUrl":"#icon-1739-E65100","icon-scale":1,"icon":"images/icon-1.png","descripción":"Código: 3750\nCoordenadas: -41.1409736 -71.2831889\nGarita: 1\nCartel: \nObservaciones: \nConexiones: (61_A2:51)-","Código":"3750","Coordenadas":"-41.1409736 -71.2831889","Garita":"1.0","Cartel":"","Observaciones":"","Conexiones":"(61_A2:51)-"}},
{"type":"Feature","geometry":{"type":"Point","coordinates":[-71.283311,-41.142564,0]},"properties":{"name":"Anasagasti y Calle 30 -b","description":{"@type":"html","value":"descripción: Código: 3751<br>Coordenadas: -41.1425643 -71.2833114<br>Garita: 1<br>Cartel: <br>Observaciones: <br>Conexiones: (61_A2:52)-<br>Código: 3751<br>Coordenadas: -41.1425643 -71.2833114<br>Garita: 1.0<br>Cartel: <br>Observaciones: <br>Conexiones: (61_A2:52)-"},"styleUrl":"#icon-1739-E65100","icon-scale":1,"icon":"images/icon-1.png","descripción":"Código: 3751\nCoordenadas: -41.1425643 -71.2833114\nGarita: 1\nCartel: \nObservaciones: \nConexiones: (61_A2:52)-","Código":"3751","Coordenadas":"-41.1425643 -71.2833114","Garita":"1.0","Cartel":"","Observaciones":"","Conexiones":"(61_A2:52)-"}},
{"type":"Feature","geometry":{"type":"Point","coordinates":[-71.283418,-41.143464,0]},"properties":{"name":"Calle 30 y Los Ñires -a","description":{"@type":"html","value":"descripción: Código: 3752<br>Coordenadas: -41.143464 -71.2834181<br>Garita: <br>Cartel: <br>Observaciones: <br>Conexiones: (61_A2:53)-<br>Código: 3752<br>Coordenadas: -41.143464 -71.2834181<br>Garita: <br>Cartel: <br>Observaciones: <br>Conexiones: (61_A2:53)-"},"styleUrl":"#icon-1739-E65100","icon-scale":1,"icon":"images/icon-1.png","descripción":"Código: 3752\nCoordenadas: -41.143464 -71.2834181\nGarita: \nCartel: \nObservaciones: \nConexiones: (61_A2:53)-","Código":"3752","Coordenadas":"-41.143464 -71.2834181","Garita":"","Cartel":"","Observaciones":"","Conexiones":"(61_A2:53)-"}},
{"type":"Feature","geometry":{"type":"Point","coordinates":[-71.282626,-41.143852,0]},"properties":{"name":"Los Ñires - Departamentos","description":{"@type":"html","value":"descripción: Código: 3753<br>Coordenadas: -41.1438517 -71.2826256<br>Garita: <br>Cartel: <br>Observaciones: <br>Conexiones: (61_A2:54)-<br>Código: 3753<br>Coordenadas: -41.1438517 -71.2826256<br>Garita: <br>Cartel: <br>Observaciones: <br>Conexiones: (61_A2:54)-"},"styleUrl":"#icon-1739-E65100","icon-scale":1,"icon":"images/icon-1.png","descripción":"Código: 3753\nCoordenadas: -41.1438517 -71.2826256\nGarita: \nCartel: \nObservaciones: \nConexiones: (61_A2:54)-","Código":"3753","Coordenadas":"-41.1438517 -71.2826256","Garita":"","Cartel":"","Observaciones":"","Conexiones":"(61_A2:54)-"}},
{"type":"Feature","geometry":{"type":"Point","coordinates":[-71.282378,-41.14455,0]},"properties":{"name":"Los Ñires - Canchita -a","description":{"@type":"html","value":"descripción: Código: 3754<br>Coordenadas: -41.1445496 -71.2823784<br>Garita: <br>Cartel: <br>Observaciones: <br>Conexiones: (61_A2:55)-<br>Código: 3754<br>Coordenadas: -41.1445496 -71.2823784<br>Garita: <br>Cartel: <br>Observaciones: <br>Conexiones: (61_A2:55)-"},"styleUrl":"#icon-1739-E65100","icon-scale":1,"icon":"images/icon-1.png","descripción":"Código: 3754\nCoordenadas: -41.1445496 -71.2823784\nGarita: \nCartel: \nObservaciones: \nConexiones: (61_A2:55)-","Código":"3754","Coordenadas":"-41.1445496 -71.2823784","Garita":"","Cartel":"","Observaciones":"","Conexiones":"(61_A2:55)-"}},
{"type":"Feature","geometry":{"type":"Point","coordinates":[-71.281929,-41.146476,0]},"properties":{"name":"Los Ñires y Pasarela Río Ñireco -a","description":{"@type":"html","value":"descripción: Código: 3755<br>Coordenadas: -41.1464758 -71.2819286<br>Garita: <br>Cartel: <br>Observaciones: <br>Conexiones: (61_A2:56)-<br>Código: 3755<br>Coordenadas: -41.1464758 -71.2819286<br>Garita: <br>Cartel: <br>Observaciones: <br>Conexiones: (61_A2:56)-"},"styleUrl":"#icon-1739-E65100","icon-scale":1,"icon":"images/icon-1.png","descripción":"Código: 3755\nCoordenadas: -41.1464758 -71.2819286\nGarita: \nCartel: \nObservaciones: \nConexiones: (61_A2:56)-","Código":"3755","Coordenadas":"-41.1464758 -71.2819286","Garita":"","Cartel":"","Observaciones":"","Conexiones":"(61_A2:56)-"}},
{"type":"Feature","geometry":{"type":"Point","coordinates":[-71.281533,-41.147721,0]},"properties":{"name":"Los Ñires y Neuquén -a","description":{"@type":"html","value":"descripción: Código: 3756<br>Coordenadas: -41.1477207 -71.2815328<br>Garita: <br>Cartel: <br>Observaciones: <br>Conexiones: (61_A2:57)-<br>Código: 3756<br>Coordenadas: -41.1477207 -71.2815328<br>Garita: <br>Cartel: <br>Observaciones: <br>Conexiones: (61_A2:57)-"},"styleUrl":"#icon-1739-E65100","icon-scale":1,"icon":"images/icon-1.png","descripción":"Código: 3756\nCoordenadas: -41.1477207 -71.2815328\nGarita: \nCartel: \nObservaciones: \nConexiones: (61_A2:57)-","Código":"3756","Coordenadas":"-41.1477207 -71.2815328","Garita":"","Cartel":"","Observaciones":"","Conexiones":"(61_A2:57)-"}},
{"type":"Feature","geometry":{"type":"Point","coordinates":[-71.281381,-41.147711,0]},"properties":{"name":"Los Ñires y Neuquén -b","description":{"@type":"html","value":"descripción: Código: 3801<br>Coordenadas: -41.1477106 -71.281381<br>Garita: 1<br>Cartel: <br>Observaciones: <br>Conexiones: (61_A1:1)-<br>Código: 3801<br>Coordenadas: -41.1477106 -71.281381<br>Garita: 1.0<br>Cartel: <br>Observaciones: <br>Conexiones: (61_A1:1)-"},"styleUrl":"#icon-1739-E65100","icon-scale":1,"icon":"images/icon-1.png","descripción":"Código: 3801\nCoordenadas: -41.1477106 -71.281381\nGarita: 1\nCartel: \nObservaciones: \nConexiones: (61_A1:1)-","Código":"3801","Coordenadas":"-41.1477106 -71.281381","Garita":"1.0","Cartel":"","Observaciones":"","Conexiones":"(61_A1:1)-"}},
{"type":"Feature","geometry":{"type":"Point","coordinates":[-71.28177,-41.146344,0]},"properties":{"name":"Los Ñires y Pasarela Río Ñireco -b","description":{"@type":"html","value":"descripción: Código: 3802<br>Coordenadas: -41.1463442 -71.2817697<br>Garita: 1<br>Cartel: <br>Observaciones: <br>Conexiones: (61_A1:2)-<br>Código: 3802<br>Coordenadas: -41.1463442 -71.2817697<br>Garita: 1.0<br>Cartel: <br>Observaciones: <br>Conexiones: (61_A1:2)-"},"styleUrl":"#icon-1739-E65100","icon-scale":1,"icon":"images/icon-1.png","descripción":"Código: 3802\nCoordenadas: -41.1463442 -71.2817697\nGarita: 1\nCartel: \nObservaciones: \nConexiones: (61_A1:2)-","Código":"3802","Coordenadas":"-41.1463442 -71.2817697","Garita":"1.0","Cartel":"","Observaciones":"","Conexiones":"(61_A1:2)-"}},
{"type":"Feature","geometry":{"type":"Point","coordinates":[-71.282222,-41.144821,0]},"properties":{"name":"Los Ñires - Canchita -b","description":{"@type":"html","value":"descripción: Código: 3803<br>Coordenadas: -41.1448214 -71.2822219<br>Garita: 1<br>Cartel: <br>Observaciones: <br>Conexiones: (61_A1:3)-<br>Código: 3803<br>Coordenadas: -41.1448214 -71.2822219<br>Garita: 1.0<br>Cartel: <br>Observaciones: <br>Conexiones: (61_A1:3)-"},"styleUrl":"#icon-1739-E65100","icon-scale":1,"icon":"images/icon-1.png","descripción":"Código: 3803\nCoordenadas: -41.1448214 -71.2822219\nGarita: 1\nCartel: \nObservaciones: \nConexiones: (61_A1:3)-","Código":"3803","Coordenadas":"-41.1448214 -71.2822219","Garita":"1.0","Cartel":"","Observaciones":"","Conexiones":"(61_A1:3)-"}},
{"type":"Feature","geometry":{"type":"Point","coordinates":[-71.283286,-41.143658,0]},"properties":{"name":"Calle 30 y Los Ñires -b","description":{"@type":"html","value":"descripción: Código: 3804<br>Coordenadas: -41.143658 -71.2832864<br>Garita: 1<br>Cartel: <br>Observaciones: <br>Conexiones: (61_A1:4)-<br>Código: 3804<br>Coordenadas: -41.143658 -71.2832864<br>Garita: 1.0<br>Cartel: <br>Observaciones: <br>Conexiones: (61_A1:4)-"},"styleUrl":"#icon-1739-E65100","icon-scale":1,"icon":"images/icon-1.png","descripción":"Código: 3804\nCoordenadas: -41.143658 -71.2832864\nGarita: 1\nCartel: \nObservaciones: \nConexiones: (61_A1:4)-","Código":"3804","Coordenadas":"-41.143658 -71.2832864","Garita":"1.0","Cartel":"","Observaciones":"","Conexiones":"(61_A1:4)-"}},
{"type":"Feature","geometry":{"type":"Point","coordinates":[-71.282994,-41.142677,0]},"properties":{"name":"Anasagasti y Calle 30 -a","description":{"@type":"html","value":"descripción: Código: 3805<br>Coordenadas: -41.142677 -71.2829939<br>Garita: 1<br>Cartel: <br>Observaciones: <br>Conexiones: (61_A1:5)-<br>Código: 3805<br>Coordenadas: -41.142677 -71.2829939<br>Garita: 1.0<br>Cartel: <br>Observaciones: <br>Conexiones: (61_A1:5)-"},"styleUrl":"#icon-1739-E65100","icon-scale":1,"icon":"images/icon-1.png","descripción":"Código: 3805\nCoordenadas: -41.142677 -71.2829939\nGarita: 1\nCartel: \nObservaciones: \nConexiones: (61_A1:5)-","Código":"3805","Coordenadas":"-41.142677 -71.2829939","Garita":"1.0","Cartel":"","Observaciones":"","Conexiones":"(61_A1:5)-"}},
{"type":"Feature","geometry":{"type":"Point","coordinates":[-71.282955,-41.140977,0]},"properties":{"name":"Los Ñires y Albarracín -b","description":{"@type":"html","value":"descripción: Código: 3806<br>Coordenadas: -41.1409768 -71.2829549<br>Garita: <br>Cartel: <br>Observaciones: <br>Conexiones: (61_A1:6)-<br>Código: 3806<br>Coordenadas: -41.1409768 -71.2829549<br>Garita: <br>Cartel: <br>Observaciones: <br>Conexiones: (61_A1:6)-"},"styleUrl":"#icon-1739-E65100","icon-scale":1,"icon":"images/icon-1.png","descripción":"Código: 3806\nCoordenadas: -41.1409768 -71.2829549\nGarita: \nCartel: \nObservaciones: \nConexiones: (61_A1:6)-","Código":"3806","Coordenadas":"-41.1409768 -71.2829549","Garita":"","Cartel":"","Observaciones":"","Conexiones":"(61_A1:6)-"}},
{"type":"Feature","geometry":{"type":"Point","coordinates":[-71.282972,-41.139986,0]},"properties":{"name":"Los Ñires y Tiscornia -b","description":{"@type":"html","value":"descripción: Código: 3807<br>Coordenadas: -41.1399856 -71.2829717<br>Garita: <br>Cartel: <br>Observaciones: <br>Conexiones: (61_A1:7)-<br>Código: 3807<br>Coordenadas: -41.1399856 -71.2829717<br>Garita: <br>Cartel: <br>Observaciones: <br>Conexiones: (61_A1:7)-"},"styleUrl":"#icon-1739-E65100","icon-scale":1,"icon":"images/icon-1.png","descripción":"Código: 3807\nCoordenadas: -41.1399856 -71.2829717\nGarita: \nCartel: \nObservaciones: \nConexiones: (61_A1:7)-","Código":"3807","Coordenadas":"-41.1399856 -71.2829717","Garita":"","Cartel":"","Observaciones":"","Conexiones":"(61_A1:7)-"}},
{"type":"Feature","geometry":{"type":"Point","coordinates":[-71.283274,-41.138553,0]},"properties":{"name":"Los Ñires y Bailey Willis -b","description":{"@type":"html","value":"descripción: Código: 3808<br>Coordenadas: -41.1385527 -71.2832739<br>Garita: 1<br>Cartel: <br>Observaciones: <br>Conexiones: (61_A1:8)-<br>Código: 3808<br>Coordenadas: -41.1385527 -71.2832739<br>Garita: 1.0<br>Cartel: <br>Observaciones: <br>Conexiones: (61_A1:8)-"},"styleUrl":"#icon-1739-E65100","icon-scale":1,"icon":"images/icon-1.png","descripción":"Código: 3808\nCoordenadas: -41.1385527 -71.2832739\nGarita: 1\nCartel: \nObservaciones: \nConexiones: (61_A1:8)-","Código":"3808","Coordenadas":"-41.1385527 -71.2832739","Garita":"1.0","Cartel":"","Observaciones":"","Conexiones":"(61_A1:8)-"}},
{"type":"Feature","geometry":{"type":"Point","coordinates":[-71.283856,-41.13732,0]},"properties":{"name":"Los Ñires y Francisco Perito Moreno -a","description":{"@type":"html","value":"descripción: Código: 3809<br>Coordenadas: -41.1373202 -71.2838565<br>Garita: <br>Cartel: <br>Observaciones: <br>Conexiones: (61_A1:9)-<br>Código: 3809<br>Coordenadas: -41.1373202 -71.2838565<br>Garita: <br>Cartel: <br>Observaciones: <br>Conexiones: (61_A1:9)-"},"styleUrl":"#icon-1739-E65100","icon-scale":1,"icon":"images/icon-1.png","descripción":"Código: 3809\nCoordenadas: -41.1373202 -71.2838565\nGarita: \nCartel: \nObservaciones: \nConexiones: (61_A1:9)-","Código":"3809","Coordenadas":"-41.1373202 -71.2838565","Garita":"","Cartel":"","Observaciones":"","Conexiones":"(61_A1:9)-"}},
{"type":"Feature","geometry":{"type":"Point","coordinates":[-71.283702,-41.13562,0]},"properties":{"name":"Los Ñires - Escarpa -b","description":{"@type":"html","value":"descripción: Código: 3810<br>Coordenadas: -41.1356202 -71.2837019<br>Garita: <br>Cartel: <br>Observaciones: <br>Conexiones: (61_A1:10)-<br>Código: 3810<br>Coordenadas: -41.1356202 -71.2837019<br>Garita: <br>Cartel: <br>Observaciones: <br>Conexiones: (61_A1:10)-"},"styleUrl":"#icon-1739-E65100","icon-scale":1,"icon":"images/icon-1.png","descripción":"Código: 3810\nCoordenadas: -41.1356202 -71.2837019\nGarita: \nCartel: \nObservaciones: \nConexiones: (61_A1:10)-","Código":"3810","Coordenadas":"-41.1356202 -71.2837019","Garita":"","Cartel":"","Observaciones":"","Conexiones":"(61_A1:10)-"}},
{"type":"Feature","geometry":{"type":"Point","coordinates":[-71.280602,-41.132071,0]},"properties":{"name":"Av. 12 de Octubre y Garibaldi","description":{"@type":"html","value":"descripción: Código: 3813<br>Coordenadas: -41.1320706 -71.2806023<br>Garita: 1<br>Cartel: <br>Observaciones: <br>Conexiones: (10_A2:72)-(10_B2:73)-(10_C2:82)-(13/22_A2:75)-(20_2:74)-(21_2:56)-(55_2:49)-(60_1:40)-(61_A1:12)-(71/81_A2:41)-(71/81_B2:41)-(71/81_C2:42)-(72_1:11)-(82_1:27)-<br>Código: 3813<br>Coordenadas: -41.1320706 -71.2806023<br>Garita: 1.0<br>Cartel: <br>Observaciones: <br>Conexiones: (10_A2:72)-(10_B2:73)-(10_C2:82)-(13/22_A2:75)-(20_2:74)-(21_2:56)-(55_2:49)-(60_1:40)-(61_A1:12)-(71/81_A2:41)-(71/81_B2:41)-(71/81_C2:42)-(72_1:11)-(82_1:27)-"},"styleUrl":"#icon-1739-E65100","icon-scale":1,"icon":"images/icon-1.png","descripción":"Código: 3813\nCoordenadas: -41.1320706 -71.2806023\nGarita: 1\nCartel: \nObservaciones: \nConexiones: (10_A2:72)-(10_B2:73)-(10_C2:82)-(13/22_A2:75)-(20_2:74)-(21_2:56)-(55_2:49)-(60_1:40)-(61_A1:12)-(71/81_A2:41)-(71/81_B2:41)-(71/81_C2:42)-(72_1:11)-(82_1:27)-","Código":"3813","Coordenadas":"-41.1320706 -71.2806023","Garita":"1.0","Cartel":"","Observaciones":"","Conexiones":"(10_A2:72)-(10_B2:73)-(10_C2:82)-(13/22_A2:75)-(20_2:74)-(21_2:56)-(55_2:49)-(60_1:40)-(61_A1:12)-(71/81_A2:41)-(71/81_B2:41)-(71/81_C2:42)-(72_1:11)-(82_1:27)-"}},
{"type":"Feature","geometry":{"type":"Point","coordinates":[-71.282532,-41.132028,0]},"properties":{"name":"Av. 12 de Octubre y Fanny de Newbery","description":{"@type":"html","value":"descripción: Código: 3814<br>Coordenadas: -41.1320278 -71.2825324<br>Garita: 1<br>Cartel: <br>Observaciones: <br>Conexiones: (10_A1:2)-(10_B1:2)-(10_C1:2)-(13/22_A1:2)-(20_1:2)-(21_1:2)-(55_1:2)-(60_2:25)-(61_A1:13)-(70_2:12)-(71/81_A1:2)-(71/81_B1:19)-(71/81_C1:19)-(72_2:16)-(82_2:20)-<br>Código: 3814<br>Coordenadas: -41.1320278 -71.2825324<br>Garita: 1.0<br>Cartel: <br>Observaciones: <br>Conexiones: (10_A1:2)-(10_B1:2)-(10_C1:2)-(13/22_A1:2)-(20_1:2)-(21_1:2)-(55_1:2)-(60_2:25)-(61_A1:13)-(70_2:12)-(71/81_A1:2)-(71/81_B1:19)-(71/81_C1:19)-(72_2:16)-(82_2:20)-"},"styleUrl":"#icon-1739-E65100","icon-scale":1,"icon":"images/icon-1.png","descripción":"Código: 3814\nCoordenadas: -41.1320278 -71.2825324\nGarita: 1\nCartel: \nObservaciones: \nConexiones: (10_A1:2)-(10_B1:2)-(10_C1:2)-(13/22_A1:2)-(20_1:2)-(21_1:2)-(55_1:2)-(60_2:25)-(61_A1:13)-(70_2:12)-(71/81_A1:2)-(71/81_B1:19)-(71/81_C1:19)-(72_2:16)-(82_2:20)-","Código":"3814","Coordenadas":"-41.1320278 -71.2825324","Garita":"1.0","Cartel":"","Observaciones":"","Conexiones":"(10_A1:2)-(10_B1:2)-(10_C1:2)-(13/22_A1:2)-(20_1:2)-(21_1:2)-(55_1:2)-(60_2:25)-(61_A1:13)-(70_2:12)-(71/81_A1:2)-(71/81_B1:19)-(71/81_C1:19)-(72_2:16)-(82_2:20)-"}},
{"type":"Feature","geometry":{"type":"Point","coordinates":[-71.285551,-41.132904,0]},"properties":{"name":"Av. 12 de Octubre y Puente del Río Ñireco","description":{"@type":"html","value":"descripción: Código: 3815<br>Coordenadas: -41.1329038 -71.2855511<br>Garita: <br>Cartel: <br>Observaciones: <br>Conexiones: (10_A1:3)-(10_B1:3)-(10_C1:3)-(20_1:3)-(21_1:3)-(55_1:3)-(60_2:26)-(61_A1:14)-(70_2:13)-(71/81_A1:3)-(71/81_B1:20)-(71/81_C1:20)-(72_2:17)-(82_2:21)-<br>Código: 3815<br>Coordenadas: -41.1329038 -71.2855511<br>Garita: <br>Cartel: <br>Observaciones: <br>Conexiones: (10_A1:3)-(10_B1:3)-(10_C1:3)-(20_1:3)-(21_1:3)-(55_1:3)-(60_2:26)-(61_A1:14)-(70_2:13)-(71/81_A1:3)-(71/81_B1:20)-(71/81_C1:20)-(72_2:17)-(82_2:21)-"},"styleUrl":"#icon-1739-E65100","icon-scale":1,"icon":"images/icon-1.png","descripción":"Código: 3815\nCoordenadas: -41.1329038 -71.2855511\nGarita: \nCartel: \nObservaciones: \nConexiones: (10_A1:3)-(10_B1:3)-(10_C1:3)-(20_1:3)-(21_1:3)-(55_1:3)-(60_2:26)-(61_A1:14)-(70_2:13)-(71/81_A1:3)-(71/81_B1:20)-(71/81_C1:20)-(72_2:17)-(82_2:21)-","Código":"3815","Coordenadas":"-41.1329038 -71.2855511","Garita":"","Cartel":"","Observaciones":"","Conexiones":"(10_A1:3)-(10_B1:3)-(10_C1:3)-(20_1:3)-(21_1:3)-(55_1:3)-(60_2:26)-(61_A1:14)-(70_2:13)-(71/81_A1:3)-(71/81_B1:20)-(71/81_C1:20)-(72_2:17)-(82_2:21)-"}},
{"type":"Feature","geometry":{"type":"Point","coordinates":[-71.298145,-41.136952,0]},"properties":{"name":"Elflein y Onelli - Shopping","description":{"@type":"html","value":"descripción: Código: 3826<br>Coordenadas: -41.1369522 -71.2981449<br>Garita: <br>Cartel: <br>Observaciones: <br>Conexiones: (13/22_A2:69)-(20_2:70)-(21_2:52)-(31_1:9)-(40_1:6)-(41_1:6)-(55_2:43)-(61_A1:23)-(61_B1:6)-(61_C1:6)-<br>Código: 3826<br>Coordenadas: -41.1369522 -71.2981449<br>Garita: <br>Cartel: <br>Observaciones: <br>Conexiones: (13/22_A2:69)-(20_2:70)-(21_2:52)-(31_1:9)-(40_1:6)-(41_1:6)-(55_2:43)-(61_A1:23)-(61_B1:6)-(61_C1:6)-"},"styleUrl":"#icon-1739-E65100","icon-scale":1,"icon":"images/icon-1.png","descripción":"Código: 3826\nCoordenadas: -41.1369522 -71.2981449\nGarita: \nCartel: \nObservaciones: \nConexiones: (13/22_A2:69)-(20_2:70)-(21_2:52)-(31_1:9)-(40_1:6)-(41_1:6)-(55_2:43)-(61_A1:23)-(61_B1:6)-(61_C1:6)-","Código":"3826","Coordenadas":"-41.1369522 -71.2981449","Garita":"","Cartel":"","Observaciones":"","Conexiones":"(13/22_A2:69)-(20_2:70)-(21_2:52)-(31_1:9)-(40_1:6)-(41_1:6)-(55_2:43)-(61_A1:23)-(61_B1:6)-(61_C1:6)-"}},
{"type":"Feature","geometry":{"type":"Point","coordinates":[-71.299889,-41.15016,0]},"properties":{"name":"Onelli y Parravicini","description":{"@type":"html","value":"descripción: Código: 3832<br>Coordenadas: -41.1501605 -71.2998888<br>Garita: <br>Cartel: <br>Observaciones: <br>Conexiones: (71/81_A1:19)-(80_1:14)-<br>Código: 3832<br>Coordenadas: -41.1501605 -71.2998888<br>Garita: <br>Cartel: <br>Observaciones: <br>Conexiones: (71/81_A1:19)-(80_1:14)-"},"styleUrl":"#icon-1739-E65100","icon-scale":1,"icon":"images/icon-1.png","descripción":"Código: 3832\nCoordenadas: -41.1501605 -71.2998888\nGarita: \nCartel: \nObservaciones: \nConexiones: (71/81_A1:19)-(80_1:14)-","Código":"3832","Coordenadas":"-41.1501605 -71.2998888","Garita":"","Cartel":"","Observaciones":"","Conexiones":"(71/81_A1:19)-(80_1:14)-"}},
{"type":"Feature","geometry":{"type":"Point","coordinates":[-71.300271,-41.152023,0]},"properties":{"name":"Onelli y Padre Felipe Laguna","description":{"@type":"html","value":"descripción: Código: 3833<br>Coordenadas: -41.1520228 -71.3002707<br>Garita: <br>Cartel: 1<br>Observaciones: <br>Conexiones: (40_1:14)-(41_1:14)-(50_A2:54)-(50_B2:63)-(50_C2:54)-(51_2:64)-(61_A1:31)-(61_B1:14)-(61_C1:14)-(71/81_A1:21)-(71/81_B1:37)-(71/81_C1:37)-(80_1:16)-(81_A1:14)-(81_B1:14)-<br>Código: 3833<br>Coordenadas: -41.1520228 -71.3002707<br>Garita: <br>Cartel: 1.0<br>Observaciones: <br>Conexiones: (40_1:14)-(41_1:14)-(50_A2:54)-(50_B2:63)-(50_C2:54)-(51_2:64)-(61_A1:31)-(61_B1:14)-(61_C1:14)-(71/81_A1:21)-(71/81_B1:37)-(71/81_C1:37)-(80_1:16)-(81_A1:14)-(81_B1:14)-"},"styleUrl":"#icon-1739-E65100","icon-scale":1,"icon":"images/icon-1.png","descripción":"Código: 3833\nCoordenadas: -41.1520228 -71.3002707\nGarita: \nCartel: 1\nObservaciones: \nConexiones: (40_1:14)-(41_1:14)-(50_A2:54)-(50_B2:63)-(50_C2:54)-(51_2:64)-(61_A1:31)-(61_B1:14)-(61_C1:14)-(71/81_A1:21)-(71/81_B1:37)-(71/81_C1:37)-(80_1:16)-(81_A1:14)-(81_B1:14)-","Código":"3833","Coordenadas":"-41.1520228 -71.3002707","Garita":"","Cartel":"1.0","Observaciones":"","Conexiones":"(40_1:14)-(41_1:14)-(50_A2:54)-(50_B2:63)-(50_C2:54)-(51_2:64)-(61_A1:31)-(61_B1:14)-(61_C1:14)-(71/81_A1:21)-(71/81_B1:37)-(71/81_C1:37)-(80_1:16)-(81_A1:14)-(81_B1:14)-"}},
{"type":"Feature","geometry":{"type":"Point","coordinates":[-71.309044,-41.15646,0]},"properties":{"name":"Av. Juan Herman y Rolando -a","description":{"@type":"html","value":"descripción: Código: 3837<br>Coordenadas: -41.1564602 -71.3090435<br>Garita: <br>Cartel: <br>Observaciones: <br>Conexiones: (40_1:18)-(41_1:18)-(50_A2:58)-(50_B2:67)-(50_C2:58)-(51_2:68)-(61_A1:35)-(61_B1:18)-(61_C1:18)-(84_1:20)-<br>Código: 3837<br>Coordenadas: -41.1564602 -71.3090435<br>Garita: <br>Cartel: <br>Observaciones: <br>Conexiones: (40_1:18)-(41_1:18)-(50_A2:58)-(50_B2:67)-(50_C2:58)-(51_2:68)-(61_A1:35)-(61_B1:18)-(61_C1:18)-(84_1:20)-"},"styleUrl":"#icon-1739-E65100","icon-scale":1,"icon":"images/icon-1.png","descripción":"Código: 3837\nCoordenadas: -41.1564602 -71.3090435\nGarita: \nCartel: \nObservaciones: \nConexiones: (40_1:18)-(41_1:18)-(50_A2:58)-(50_B2:67)-(50_C2:58)-(51_2:68)-(61_A1:35)-(61_B1:18)-(61_C1:18)-(84_1:20)-","Código":"3837","Coordenadas":"-41.1564602 -71.3090435","Garita":"","Cartel":"","Observaciones":"","Conexiones":"(40_1:18)-(41_1:18)-(50_A2:58)-(50_B2:67)-(50_C2:58)-(51_2:68)-(61_A1:35)-(61_B1:18)-(61_C1:18)-(84_1:20)-"}},
{"type":"Feature","geometry":{"type":"Point","coordinates":[-71.314385,-41.158661,0]},"properties":{"name":"Av. Juan Herman y Carlos Wiederhold -a","description":{"@type":"html","value":"descripción: Código: 3838<br>Coordenadas: -41.1586612 -71.3143851<br>Garita: 1<br>Cartel: <br>Observaciones: <br>Conexiones: (40_1:20)-(41_1:20)-(61_A1:37)-(61_B1:20)-(61_C1:20)-(80_1:32)-(81_B1:30)-(84_1:22)-<br>Código: 3838<br>Coordenadas: -41.1586612 -71.3143851<br>Garita: 1.0<br>Cartel: <br>Observaciones: <br>Conexiones: (40_1:20)-(41_1:20)-(61_A1:37)-(61_B1:20)-(61_C1:20)-(80_1:32)-(81_B1:30)-(84_1:22)-"},"styleUrl":"#icon-1739-E65100","icon-scale":1,"icon":"images/icon-1.png","descripción":"Código: 3838\nCoordenadas: -41.1586612 -71.3143851\nGarita: 1\nCartel: \nObservaciones: \nConexiones: (40_1:20)-(41_1:20)-(61_A1:37)-(61_B1:20)-(61_C1:20)-(80_1:32)-(81_B1:30)-(84_1:22)-","Código":"3838","Coordenadas":"-41.1586612 -71.3143851","Garita":"1.0","Cartel":"","Observaciones":"","Conexiones":"(40_1:20)-(41_1:20)-(61_A1:37)-(61_B1:20)-(61_C1:20)-(80_1:32)-(81_B1:30)-(84_1:22)-"}},
{"type":"Feature","geometry":{"type":"Point","coordinates":[-71.320915,-41.164326,0]},"properties":{"name":"Charcao y Av. Juan Herman -a","description":{"@type":"html","value":"descripción: Código: 3841<br>Coordenadas: -41.164326 -71.3209147<br>Garita: <br>Cartel: <br>Observaciones: <br>Conexiones: (61_A1:40)-(61_A2:21)-(61_B1:23)-(61_C1:23)-<br>Código: 3841<br>Coordenadas: -41.164326 -71.3209147<br>Garita: <br>Cartel: <br>Observaciones: <br>Conexiones: (61_A1:40)-(61_A2:21)-(61_B1:23)-(61_C1:23)-"},"styleUrl":"#icon-1739-E65100","icon-scale":1,"icon":"images/icon-1.png","descripción":"Código: 3841\nCoordenadas: -41.164326 -71.3209147\nGarita: \nCartel: \nObservaciones: \nConexiones: (61_A1:40)-(61_A2:21)-(61_B1:23)-(61_C1:23)-","Código":"3841","Coordenadas":"-41.164326 -71.3209147","Garita":"","Cartel":"","Observaciones":"","Conexiones":"(61_A1:40)-(61_A2:21)-(61_B1:23)-(61_C1:23)-"}},
{"type":"Feature","geometry":{"type":"Point","coordinates":[-71.321984,-41.163419,0]},"properties":{"name":"Charcao y Cacique Purran -a","description":{"@type":"html","value":"descripción: Código: 3842<br>Coordenadas: -41.1634188 -71.3219845<br>Garita: <br>Cartel: <br>Observaciones: <br>Conexiones: (61_A1:41)-(61_A2:20)-(61_B1:24)-(61_C1:24)-<br>Código: 3842<br>Coordenadas: -41.1634188 -71.3219845<br>Garita: <br>Cartel: <br>Observaciones: <br>Conexiones: (61_A1:41)-(61_A2:20)-(61_B1:24)-(61_C1:24)-"},"styleUrl":"#icon-1739-E65100","icon-scale":1,"icon":"images/icon-1.png","descripción":"Código: 3842\nCoordenadas: -41.1634188 -71.3219845\nGarita: \nCartel: \nObservaciones: \nConexiones: (61_A1:41)-(61_A2:20)-(61_B1:24)-(61_C1:24)-","Código":"3842","Coordenadas":"-41.1634188 -71.3219845","Garita":"","Cartel":"","Observaciones":"","Conexiones":"(61_A1:41)-(61_A2:20)-(61_B1:24)-(61_C1:24)-"}},
{"type":"Feature","geometry":{"type":"Point","coordinates":[-71.323144,-41.162444,0]},"properties":{"name":"Charcao y Cacique Chocori -a","description":{"@type":"html","value":"descripción: Código: 3843<br>Coordenadas: -41.1624443 -71.323144<br>Garita: <br>Cartel: <br>Observaciones: <br>Conexiones: (61_A1:42)-(61_A2:19)-(61_B1:25)-(61_C1:25)-<br>Código: 3843<br>Coordenadas: -41.1624443 -71.323144<br>Garita: <br>Cartel: <br>Observaciones: <br>Conexiones: (61_A1:42)-(61_A2:19)-(61_B1:25)-(61_C1:25)-"},"styleUrl":"#icon-1739-E65100","icon-scale":1,"icon":"images/icon-1.png","descripción":"Código: 3843\nCoordenadas: -41.1624443 -71.323144\nGarita: \nCartel: \nObservaciones: \nConexiones: (61_A1:42)-(61_A2:19)-(61_B1:25)-(61_C1:25)-","Código":"3843","Coordenadas":"-41.1624443 -71.323144","Garita":"","Cartel":"","Observaciones":"","Conexiones":"(61_A1:42)-(61_A2:19)-(61_B1:25)-(61_C1:25)-"}},
{"type":"Feature","geometry":{"type":"Point","coordinates":[-71.324932,-41.16094,0]},"properties":{"name":"Charcao y Cacique Prafil -a","description":{"@type":"html","value":"descripción: Código: 3844<br>Coordenadas: -41.1609397 -71.3249322<br>Garita: <br>Cartel: <br>Observaciones: <br>Conexiones: (61_A1:43)-(61_A2:18)-(61_B1:26)-(61_C1:26)-<br>Código: 3844<br>Coordenadas: -41.1609397 -71.3249322<br>Garita: <br>Cartel: <br>Observaciones: <br>Conexiones: (61_A1:43)-(61_A2:18)-(61_B1:26)-(61_C1:26)-"},"styleUrl":"#icon-1739-E65100","icon-scale":1,"icon":"images/icon-1.png","descripción":"Código: 3844\nCoordenadas: -41.1609397 -71.3249322\nGarita: \nCartel: \nObservaciones: \nConexiones: (61_A1:43)-(61_A2:18)-(61_B1:26)-(61_C1:26)-","Código":"3844","Coordenadas":"-41.1609397 -71.3249322","Garita":"","Cartel":"","Observaciones":"","Conexiones":"(61_A1:43)-(61_A2:18)-(61_B1:26)-(61_C1:26)-"}},
{"type":"Feature","geometry":{"type":"Point","coordinates":[-71.326603,-41.15955,0]},"properties":{"name":"Charcao y Cacique Nahuel -a","description":{"@type":"html","value":"descripción: Código: 3845<br>Coordenadas: -41.1595505 -71.3266034<br>Garita: <br>Cartel: <br>Observaciones: <br>Conexiones: (61_A1:44)-(61_A2:17)-(61_B1:27)-(61_C1:27)-<br>Código: 3845<br>Coordenadas: -41.1595505 -71.3266034<br>Garita: <br>Cartel: <br>Observaciones: <br>Conexiones: (61_A1:44)-(61_A2:17)-(61_B1:27)-(61_C1:27)-"},"styleUrl":"#icon-1739-E65100","icon-scale":1,"icon":"images/icon-1.png","descripción":"Código: 3845\nCoordenadas: -41.1595505 -71.3266034\nGarita: \nCartel: \nObservaciones: \nConexiones: (61_A1:44)-(61_A2:17)-(61_B1:27)-(61_C1:27)-","Código":"3845","Coordenadas":"-41.1595505 -71.3266034","Garita":"","Cartel":"","Observaciones":"","Conexiones":"(61_A1:44)-(61_A2:17)-(61_B1:27)-(61_C1:27)-"}},
{"type":"Feature","geometry":{"type":"Point","coordinates":[-71.328232,-41.158179,0]},"properties":{"name":"Charcao y Cacique Casimiro -a","description":{"@type":"html","value":"descripción: Código: 3846<br>Coordenadas: -41.1581792 -71.328232<br>Garita: <br>Cartel: <br>Observaciones: <br>Conexiones: (61_A1:45)-(61_A2:16)-(61_B1:28)-(61_C1:28)-<br>Código: 3846<br>Coordenadas: -41.1581792 -71.328232<br>Garita: <br>Cartel: <br>Observaciones: <br>Conexiones: (61_A1:45)-(61_A2:16)-(61_B1:28)-(61_C1:28)-"},"styleUrl":"#icon-1739-E65100","icon-scale":1,"icon":"images/icon-1.png","descripción":"Código: 3846\nCoordenadas: -41.1581792 -71.328232\nGarita: \nCartel: \nObservaciones: \nConexiones: (61_A1:45)-(61_A2:16)-(61_B1:28)-(61_C1:28)-","Código":"3846","Coordenadas":"-41.1581792 -71.328232","Garita":"","Cartel":"","Observaciones":"","Conexiones":"(61_A1:45)-(61_A2:16)-(61_B1:28)-(61_C1:28)-"}},
{"type":"Feature","geometry":{"type":"Point","coordinates":[-71.331042,-41.156982,0]},"properties":{"name":"San Cayetano y Molle -a","description":{"@type":"html","value":"descripción: Código: 3847<br>Coordenadas: -41.1569825 -71.3310422<br>Garita: 1<br>Cartel: <br>Observaciones: <br>Conexiones: (61_A1:46)-(61_B1:29)-(61_C1:29)-<br>Código: 3847<br>Coordenadas: -41.1569825 -71.3310422<br>Garita: 1.0<br>Cartel: <br>Observaciones: <br>Conexiones: (61_A1:46)-(61_B1:29)-(61_C1:29)-"},"styleUrl":"#icon-1739-E65100","icon-scale":1,"icon":"images/icon-1.png","descripción":"Código: 3847\nCoordenadas: -41.1569825 -71.3310422\nGarita: 1\nCartel: \nObservaciones: \nConexiones: (61_A1:46)-(61_B1:29)-(61_C1:29)-","Código":"3847","Coordenadas":"-41.1569825 -71.3310422","Garita":"1.0","Cartel":"","Observaciones":"","Conexiones":"(61_A1:46)-(61_B1:29)-(61_C1:29)-"}},
{"type":"Feature","geometry":{"type":"Point","coordinates":[-71.333381,-41.158581,0]},"properties":{"name":"San Cayetano y Ñancu Lahuen -a","description":{"@type":"html","value":"descripción: Código: 3848<br>Coordenadas: -41.1585806 -71.333381<br>Garita: 1<br>Cartel: <br>Observaciones: <br>Conexiones: (61_A1:47)-(61_B1:30)-(61_C1:30)-<br>Código: 3848<br>Coordenadas: -41.1585806 -71.333381<br>Garita: 1.0<br>Cartel: <br>Observaciones: <br>Conexiones: (61_A1:47)-(61_B1:30)-(61_C1:30)-"},"styleUrl":"#icon-1739-E65100","icon-scale":1,"icon":"images/icon-1.png","descripción":"Código: 3848\nCoordenadas: -41.1585806 -71.333381\nGarita: 1\nCartel: \nObservaciones: \nConexiones: (61_A1:47)-(61_B1:30)-(61_C1:30)-","Código":"3848","Coordenadas":"-41.1585806 -71.333381","Garita":"1.0","Cartel":"","Observaciones":"","Conexiones":"(61_A1:47)-(61_B1:30)-(61_C1:30)-"}},
{"type":"Feature","geometry":{"type":"Point","coordinates":[-71.33535,-41.159909,0]},"properties":{"name":"San Cayetano y Paico -a","description":{"@type":"html","value":"descripción: Código: 3849<br>Coordenadas: -41.1599086 -71.3353504<br>Garita: <br>Cartel: <br>Observaciones: <br>Conexiones: (61_A1:48)-(61_B1:31)-(61_C1:31)-<br>Código: 3849<br>Coordenadas: -41.1599086 -71.3353504<br>Garita: <br>Cartel: <br>Observaciones: <br>Conexiones: (61_A1:48)-(61_B1:31)-(61_C1:31)-"},"styleUrl":"#icon-1739-E65100","icon-scale":1,"icon":"images/icon-1.png","descripción":"Código: 3849\nCoordenadas: -41.1599086 -71.3353504\nGarita: \nCartel: \nObservaciones: \nConexiones: (61_A1:48)-(61_B1:31)-(61_C1:31)-","Código":"3849","Coordenadas":"-41.1599086 -71.3353504","Garita":"","Cartel":"","Observaciones":"","Conexiones":"(61_A1:48)-(61_B1:31)-(61_C1:31)-"}},
{"type":"Feature","geometry":{"type":"Point","coordinates":[-71.336363,-41.161198,0]},"properties":{"name":"Pil Pil Voqui y San Cayetano -a","description":{"@type":"html","value":"descripción: Código: 3850<br>Coordenadas: -41.1611982 -71.3363628<br>Garita: <br>Cartel: <br>Observaciones: <br>Conexiones: (61_A1:49)-(61_B1:32)-(61_C1:32)-<br>Código: 3850<br>Coordenadas: -41.1611982 -71.3363628<br>Garita: <br>Cartel: <br>Observaciones: <br>Conexiones: (61_A1:49)-(61_B1:32)-(61_C1:32)-"},"styleUrl":"#icon-1739-E65100","icon-scale":1,"icon":"images/icon-1.png","descripción":"Código: 3850\nCoordenadas: -41.1611982 -71.3363628\nGarita: \nCartel: \nObservaciones: \nConexiones: (61_A1:49)-(61_B1:32)-(61_C1:32)-","Código":"3850","Coordenadas":"-41.1611982 -71.3363628","Garita":"","Cartel":"","Observaciones":"","Conexiones":"(61_A1:49)-(61_B1:32)-(61_C1:32)-"}},
{"type":"Feature","geometry":{"type":"Point","coordinates":[-71.333594,-41.1614,0]},"properties":{"name":"Cacique Casimiro y Pico -a","description":{"@type":"html","value":"descripción: Código: 3851<br>Coordenadas: -41.1614003 -71.3335938<br>Garita: <br>Cartel: <br>Observaciones: <br>Conexiones: (61_A1:50)-(61_B1:33)-(61_C1:33)-<br>Código: 3851<br>Coordenadas: -41.1614003 -71.3335938<br>Garita: <br>Cartel: <br>Observaciones: <br>Conexiones: (61_A1:50)-(61_B1:33)-(61_C1:33)-"},"styleUrl":"#icon-1739-E65100","icon-scale":1,"icon":"images/icon-1.png","descripción":"Código: 3851\nCoordenadas: -41.1614003 -71.3335938\nGarita: \nCartel: \nObservaciones: \nConexiones: (61_A1:50)-(61_B1:33)-(61_C1:33)-","Código":"3851","Coordenadas":"-41.1614003 -71.3335938","Garita":"","Cartel":"","Observaciones":"","Conexiones":"(61_A1:50)-(61_B1:33)-(61_C1:33)-"}},
{"type":"Feature","geometry":{"type":"Point","coordinates":[-71.332637,-41.160745,0]},"properties":{"name":"Cacique Casimiro y Llanten -a","description":{"@type":"html","value":"descripción: Código: 3852<br>Coordenadas: -41.160745 -71.3326373<br>Garita: <br>Cartel: <br>Observaciones: <br>Conexiones: (61_A1:51)-(61_B1:34)-(61_C1:34)-<br>Código: 3852<br>Coordenadas: -41.160745 -71.3326373<br>Garita: <br>Cartel: <br>Observaciones: <br>Conexiones: (61_A1:51)-(61_B1:34)-(61_C1:34)-"},"styleUrl":"#icon-1739-E65100","icon-scale":1,"icon":"images/icon-1.png","descripción":"Código: 3852\nCoordenadas: -41.160745 -71.3326373\nGarita: \nCartel: \nObservaciones: \nConexiones: (61_A1:51)-(61_B1:34)-(61_C1:34)-","Código":"3852","Coordenadas":"-41.160745 -71.3326373","Garita":"","Cartel":"","Observaciones":"","Conexiones":"(61_A1:51)-(61_B1:34)-(61_C1:34)-"}},
{"type":"Feature","geometry":{"type":"Point","coordinates":[-71.331504,-41.16041,0]},"properties":{"name":"Ñancu Lahuen y Cacique Casimiro -a","description":{"@type":"html","value":"descripción: Código: 3853<br>Coordenadas: -41.1604102 -71.3315043<br>Garita: <br>Cartel: <br>Observaciones: <br>Conexiones: (61_A1:52)-(61_B1:35)-(61_C1:35)-<br>Código: 3853<br>Coordenadas: -41.1604102 -71.3315043<br>Garita: <br>Cartel: <br>Observaciones: <br>Conexiones: (61_A1:52)-(61_B1:35)-(61_C1:35)-"},"styleUrl":"#icon-1739-E65100","icon-scale":1,"icon":"images/icon-1.png","descripción":"Código: 3853\nCoordenadas: -41.1604102 -71.3315043\nGarita: \nCartel: \nObservaciones: \nConexiones: (61_A1:52)-(61_B1:35)-(61_C1:35)-","Código":"3853","Coordenadas":"-41.1604102 -71.3315043","Garita":"","Cartel":"","Observaciones":"","Conexiones":"(61_A1:52)-(61_B1:35)-(61_C1:35)-"}},
{"type":"Feature","geometry":{"type":"Point","coordinates":[-71.328658,-41.163084,0]},"properties":{"name":"Cacique Prafil y Ñancu Lahuen -a","description":{"@type":"html","value":"descripción: Código: 3855<br>Coordenadas: -41.1630838 -71.3286584<br>Garita: <br>Cartel: <br>Observaciones: <br>Conexiones: (61_A1:54)-(61_B1:37)-(61_C1:37)-<br>Código: 3855<br>Coordenadas: -41.1630838 -71.3286584<br>Garita: <br>Cartel: <br>Observaciones: <br>Conexiones: (61_A1:54)-(61_B1:37)-(61_C1:37)-"},"styleUrl":"#icon-1739-E65100","icon-scale":1,"icon":"images/icon-1.png","descripción":"Código: 3855\nCoordenadas: -41.1630838 -71.3286584\nGarita: \nCartel: \nObservaciones: \nConexiones: (61_A1:54)-(61_B1:37)-(61_C1:37)-","Código":"3855","Coordenadas":"-41.1630838 -71.3286584","Garita":"","Cartel":"","Observaciones":"","Conexiones":"(61_A1:54)-(61_B1:37)-(61_C1:37)-"}},
{"type":"Feature","geometry":{"type":"Point","coordinates":[-71.330197,-41.164094,0]},"properties":{"name":"Cacique Prafil y Paico -a","description":{"@type":"html","value":"descripción: Código: 3856<br>Coordenadas: -41.1640943 -71.3301966<br>Garita: <br>Cartel: <br>Observaciones: <br>Conexiones: (61_A1:55)-(61_B1:38)-(61_C1:38)-<br>Código: 3856<br>Coordenadas: -41.1640943 -71.3301966<br>Garita: <br>Cartel: <br>Observaciones: <br>Conexiones: (61_A1:55)-(61_B1:38)-(61_C1:38)-"},"styleUrl":"#icon-1739-E65100","icon-scale":1,"icon":"images/icon-1.png","descripción":"Código: 3856\nCoordenadas: -41.1640943 -71.3301966\nGarita: \nCartel: \nObservaciones: \nConexiones: (61_A1:55)-(61_B1:38)-(61_C1:38)-","Código":"3856","Coordenadas":"-41.1640943 -71.3301966","Garita":"","Cartel":"","Observaciones":"","Conexiones":"(61_A1:55)-(61_B1:38)-(61_C1:38)-"}},
{"type":"Feature","geometry":{"type":"Point","coordinates":[-71.331349,-41.165407,0]},"properties":{"name":"Shaquil y Cacique Prafil -a","description":{"@type":"html","value":"descripción: Código: 3857<br>Coordenadas: -41.1654073 -71.3313492<br>Garita: <br>Cartel: <br>Observaciones: <br>Conexiones: (61_A1:56)-(61_B1:39)-(61_C1:39)-<br>Código: 3857<br>Coordenadas: -41.1654073 -71.3313492<br>Garita: <br>Cartel: <br>Observaciones: <br>Conexiones: (61_A1:56)-(61_B1:39)-(61_C1:39)-"},"styleUrl":"#icon-1739-E65100","icon-scale":1,"icon":"images/icon-1.png","descripción":"Código: 3857\nCoordenadas: -41.1654073 -71.3313492\nGarita: \nCartel: \nObservaciones: \nConexiones: (61_A1:56)-(61_B1:39)-(61_C1:39)-","Código":"3857","Coordenadas":"-41.1654073 -71.3313492","Garita":"","Cartel":"","Observaciones":"","Conexiones":"(61_A1:56)-(61_B1:39)-(61_C1:39)-"}},
{"type":"Feature","geometry":{"type":"Point","coordinates":[-71.330239,-41.16675,0]},"properties":{"name":"Cacique Chocori y Shaquil","description":{"@type":"html","value":"descripción: Código: 3858<br>Coordenadas: -41.1667504 -71.3302391<br>Garita: <br>Cartel: <br>Observaciones: <br>Conexiones: (61_A1:57)-(61_B1:40)-(61_C1:40)-<br>Código: 3858<br>Coordenadas: -41.1667504 -71.3302391<br>Garita: <br>Cartel: <br>Observaciones: <br>Conexiones: (61_A1:57)-(61_B1:40)-(61_C1:40)-"},"styleUrl":"#icon-1739-E65100","icon-scale":1,"icon":"images/icon-1.png","descripción":"Código: 3858\nCoordenadas: -41.1667504 -71.3302391\nGarita: \nCartel: \nObservaciones: \nConexiones: (61_A1:57)-(61_B1:40)-(61_C1:40)-","Código":"3858","Coordenadas":"-41.1667504 -71.3302391","Garita":"","Cartel":"","Observaciones":"","Conexiones":"(61_A1:57)-(61_B1:40)-(61_C1:40)-"}},
{"type":"Feature","geometry":{"type":"Point","coordinates":[-71.330912,-41.167407,0]},"properties":{"name":"Peulla y Cacique Chocori -a","description":{"@type":"html","value":"descripción: Código: 3860<br>Coordenadas: -41.1674066 -71.330912<br>Garita: <br>Cartel: <br>Observaciones: <br>Conexiones: (61_A1:58)-(61_B1:41)-(61_C1:41)-<br>Código: 3860<br>Coordenadas: -41.1674066 -71.330912<br>Garita: <br>Cartel: <br>Observaciones: <br>Conexiones: (61_A1:58)-(61_B1:41)-(61_C1:41)-"},"styleUrl":"#icon-1739-E65100","icon-scale":1,"icon":"images/icon-1.png","descripción":"Código: 3860\nCoordenadas: -41.1674066 -71.330912\nGarita: \nCartel: \nObservaciones: \nConexiones: (61_A1:58)-(61_B1:41)-(61_C1:41)-","Código":"3860","Coordenadas":"-41.1674066 -71.330912","Garita":"","Cartel":"","Observaciones":"","Conexiones":"(61_A1:58)-(61_B1:41)-(61_C1:41)-"}},
{"type":"Feature","geometry":{"type":"Point","coordinates":[-71.304352,-41.157636,0]},"properties":{"name":"Cementerio Municipal -b","description":{"@type":"html","value":"descripción: Código: 3906<br>Coordenadas: -41.157636 -71.3043523<br>Garita: <br>Cartel: <br>Observaciones: <br>Conexiones: (31_1:28)-<br>Código: 3906<br>Coordenadas: -41.157636 -71.3043523<br>Garita: <br>Cartel: <br>Observaciones: <br>Conexiones: (31_1:28)-"},"styleUrl":"#icon-1739-E65100","icon-scale":1,"icon":"images/icon-1.png","descripción":"Código: 3906\nCoordenadas: -41.157636 -71.3043523\nGarita: \nCartel: \nObservaciones: \nConexiones: (31_1:28)-","Código":"3906","Coordenadas":"-41.157636 -71.3043523","Garita":"","Cartel":"","Observaciones":"","Conexiones":"(31_1:28)-"}},
{"type":"Feature","geometry":{"type":"Point","coordinates":[-71.307347,-41.158776,0]},"properties":{"name":"3 de Mayo y Beschtedt","description":{"@type":"html","value":"descripción: Código: 3907<br>Coordenadas: -41.1587763 -71.3073466<br>Garita: <br>Cartel: <br>Observaciones: <br>Conexiones: (60_1:1)-<br>Código: 3907<br>Coordenadas: -41.1587763 -71.3073466<br>Garita: <br>Cartel: <br>Observaciones: <br>Conexiones: (60_1:1)-"},"styleUrl":"#icon-1739-E65100","icon-scale":1,"icon":"images/icon-1.png","descripción":"Código: 3907\nCoordenadas: -41.1587763 -71.3073466\nGarita: \nCartel: \nObservaciones: \nConexiones: (60_1:1)-","Código":"3907","Coordenadas":"-41.1587763 -71.3073466","Garita":"","Cartel":"","Observaciones":"","Conexiones":"(60_1:1)-"}},
{"type":"Feature","geometry":{"type":"Point","coordinates":[-71.305571,-41.155224,0]},"properties":{"name":"Av. Juan Herman y Beschtedt -b","description":{"@type":"html","value":"descripción: Código: 3908<br>Coordenadas: -41.1552244 -71.3055711<br>Garita: 1<br>Cartel: <br>Observaciones: <br>Conexiones: (40_2:24)-(41_2:33)-(50_A1:4)-(50_B1:4)-(50_C1:4)-(51_1:4)-(60_1:8)-(61_A2:26)-(61_B2:27)-(61_C2:9)-<br>Código: 3908<br>Coordenadas: -41.1552244 -71.3055711<br>Garita: 1.0<br>Cartel: <br>Observaciones: <br>Conexiones: (40_2:24)-(41_2:33)-(50_A1:4)-(50_B1:4)-(50_C1:4)-(51_1:4)-(60_1:8)-(61_A2:26)-(61_B2:27)-(61_C2:9)-"},"styleUrl":"#icon-1739-E65100","icon-scale":1,"icon":"images/icon-1.png","descripción":"Código: 3908\nCoordenadas: -41.1552244 -71.3055711\nGarita: 1\nCartel: \nObservaciones: \nConexiones: (40_2:24)-(41_2:33)-(50_A1:4)-(50_B1:4)-(50_C1:4)-(51_1:4)-(60_1:8)-(61_A2:26)-(61_B2:27)-(61_C2:9)-","Código":"3908","Coordenadas":"-41.1552244 -71.3055711","Garita":"1.0","Cartel":"","Observaciones":"","Conexiones":"(40_2:24)-(41_2:33)-(50_A1:4)-(50_B1:4)-(50_C1:4)-(51_1:4)-(60_1:8)-(61_A2:26)-(61_B2:27)-(61_C2:9)-"}},
{"type":"Feature","geometry":{"type":"Point","coordinates":[-71.301126,-41.154716,0]},"properties":{"name":"Sobral y Onelli","description":{"@type":"html","value":"descripción: Código: 3910<br>Coordenadas: -41.1547162 -71.3011256<br>Garita: 1<br>Cartel: <br>Observaciones: <br>Conexiones: (40_2:26)-(41_2:35)-(50_A1:6)-(50_B1:6)-(50_C1:6)-(51_1:6)-(60_1:10)-(61_A2:28)-(61_B2:29)-(61_C2:11)-<br>Código: 3910<br>Coordenadas: -41.1547162 -71.3011256<br>Garita: 1.0<br>Cartel: <br>Observaciones: <br>Conexiones: (40_2:26)-(41_2:35)-(50_A1:6)-(50_B1:6)-(50_C1:6)-(51_1:6)-(60_1:10)-(61_A2:28)-(61_B2:29)-(61_C2:11)-"},"styleUrl":"#icon-1739-E65100","icon-scale":1,"icon":"images/icon-1.png","descripción":"Código: 3910\nCoordenadas: -41.1547162 -71.3011256\nGarita: 1\nCartel: \nObservaciones: \nConexiones: (40_2:26)-(41_2:35)-(50_A1:6)-(50_B1:6)-(50_C1:6)-(51_1:6)-(60_1:10)-(61_A2:28)-(61_B2:29)-(61_C2:11)-","Código":"3910","Coordenadas":"-41.1547162 -71.3011256","Garita":"1.0","Cartel":"","Observaciones":"","Conexiones":"(40_2:26)-(41_2:35)-(50_A1:6)-(50_B1:6)-(50_C1:6)-(51_1:6)-(60_1:10)-(61_A2:28)-(61_B2:29)-(61_C2:11)-"}},
{"type":"Feature","geometry":{"type":"Point","coordinates":[-71.288871,-41.150921,0]},"properties":{"name":"9 de Julio y Padre Mascardi -a","description":{"@type":"html","value":"descripción: Código: 39100<br>Coordenadas: -41.1509211 -71.2888707<br>Garita: <br>Cartel: <br>Observaciones: <br>Conexiones: (60_2:45)-<br>Código: 39100<br>Coordenadas: -41.1509211 -71.2888707<br>Garita: <br>Cartel: <br>Observaciones: <br>Conexiones: (60_2:45)-"},"styleUrl":"#icon-1739-E65100","icon-scale":1,"icon":"images/icon-1.png","descripción":"Código: 39100\nCoordenadas: -41.1509211 -71.2888707\nGarita: \nCartel: \nObservaciones: \nConexiones: (60_2:45)-","Código":"39100","Coordenadas":"-41.1509211 -71.2888707","Garita":"","Cartel":"","Observaciones":"","Conexiones":"(60_2:45)-"}},
{"type":"Feature","geometry":{"type":"Point","coordinates":[-71.288857,-41.152429,0]},"properties":{"name":"9 de Julio y 2 de Agosto -a","description":{"@type":"html","value":"descripción: Código: 39101<br>Coordenadas: -41.1524292 -71.2888568<br>Garita: <br>Cartel: <br>Observaciones: <br>Conexiones: (60_2:46)-<br>Código: 39101<br>Coordenadas: -41.1524292 -71.2888568<br>Garita: <br>Cartel: <br>Observaciones: <br>Conexiones: (60_2:46)-"},"styleUrl":"#icon-1739-E65100","icon-scale":1,"icon":"images/icon-1.png","descripción":"Código: 39101\nCoordenadas: -41.1524292 -71.2888568\nGarita: \nCartel: \nObservaciones: \nConexiones: (60_2:46)-","Código":"39101","Coordenadas":"-41.1524292 -71.2888568","Garita":"","Cartel":"","Observaciones":"","Conexiones":"(60_2:46)-"}},
{"type":"Feature","geometry":{"type":"Point","coordinates":[-71.288981,-41.154132,0]},"properties":{"name":"La Paz y 9 de Julio -a","description":{"@type":"html","value":"descripción: Código: 39102<br>Coordenadas: -41.154132 -71.2889811<br>Garita: <br>Cartel: <br>Observaciones: <br>Conexiones: (60_2:47)-<br>Código: 39102<br>Coordenadas: -41.154132 -71.2889811<br>Garita: <br>Cartel: <br>Observaciones: <br>Conexiones: (60_2:47)-"},"styleUrl":"#icon-1739-E65100","icon-scale":1,"icon":"images/icon-1.png","descripción":"Código: 39102\nCoordenadas: -41.154132 -71.2889811\nGarita: \nCartel: \nObservaciones: \nConexiones: (60_2:47)-","Código":"39102","Coordenadas":"-41.154132 -71.2889811","Garita":"","Cartel":"","Observaciones":"","Conexiones":"(60_2:47)-"}},
{"type":"Feature","geometry":{"type":"Point","coordinates":[-71.293316,-41.155069,0]},"properties":{"name":"Primero de Mayo y Roque Sáenz Peña -a","description":{"@type":"html","value":"descripción: Código: 39104<br>Coordenadas: -41.1550693 -71.293316<br>Garita: <br>Cartel: <br>Observaciones: <br>Conexiones: (60_2:48)-<br>Código: 39104<br>Coordenadas: -41.1550693 -71.293316<br>Garita: <br>Cartel: <br>Observaciones: <br>Conexiones: (60_2:48)-"},"styleUrl":"#icon-1739-E65100","icon-scale":1,"icon":"images/icon-1.png","descripción":"Código: 39104\nCoordenadas: -41.1550693 -71.293316\nGarita: \nCartel: \nObservaciones: \nConexiones: (60_2:48)-","Código":"39104","Coordenadas":"-41.1550693 -71.293316","Garita":"","Cartel":"","Observaciones":"","Conexiones":"(60_2:48)-"}},
{"type":"Feature","geometry":{"type":"Point","coordinates":[-71.294526,-41.155052,0]},"properties":{"name":"Sobral y Malvinas","description":{"@type":"html","value":"descripción: Código: 39105<br>Coordenadas: -41.1550525 -71.2945263<br>Garita: <br>Cartel: <br>Observaciones: <br>Conexiones: (60_2:49)-<br>Código: 39105<br>Coordenadas: -41.1550525 -71.2945263<br>Garita: <br>Cartel: <br>Observaciones: <br>Conexiones: (60_2:49)-"},"styleUrl":"#icon-1739-E65100","icon-scale":1,"icon":"images/icon-1.png","descripción":"Código: 39105\nCoordenadas: -41.1550525 -71.2945263\nGarita: \nCartel: \nObservaciones: \nConexiones: (60_2:49)-","Código":"39105","Coordenadas":"-41.1550525 -71.2945263","Garita":"","Cartel":"","Observaciones":"","Conexiones":"(60_2:49)-"}},
{"type":"Feature","geometry":{"type":"Point","coordinates":[-71.295976,-41.155142,0]},"properties":{"name":"Sobral y Sarmiento -a","description":{"@type":"html","value":"descripción: Código: 39106<br>Coordenadas: -41.1551425 -71.2959756<br>Garita: <br>Cartel: <br>Observaciones: <br>Conexiones: (60_2:50)-<br>Código: 39106<br>Coordenadas: -41.1551425 -71.2959756<br>Garita: <br>Cartel: <br>Observaciones: <br>Conexiones: (60_2:50)-"},"styleUrl":"#icon-1739-E65100","icon-scale":1,"icon":"images/icon-1.png","descripción":"Código: 39106\nCoordenadas: -41.1551425 -71.2959756\nGarita: \nCartel: \nObservaciones: \nConexiones: (60_2:50)-","Código":"39106","Coordenadas":"-41.1551425 -71.2959756","Garita":"","Cartel":"","Observaciones":"","Conexiones":"(60_2:50)-"}},
{"type":"Feature","geometry":{"type":"Point","coordinates":[-71.298062,-41.155803,0]},"properties":{"name":"Ruíz Moreno y Guillermo Oses","description":{"@type":"html","value":"descripción: Código: 39107<br>Coordenadas: -41.1558027 -71.2980622<br>Garita: <br>Cartel: <br>Observaciones: <br>Conexiones: (60_2:51)-<br>Código: 39107<br>Coordenadas: -41.1558027 -71.2980622<br>Garita: <br>Cartel: <br>Observaciones: <br>Conexiones: (60_2:51)-"},"styleUrl":"#icon-1739-E65100","icon-scale":1,"icon":"images/icon-1.png","descripción":"Código: 39107\nCoordenadas: -41.1558027 -71.2980622\nGarita: \nCartel: \nObservaciones: \nConexiones: (60_2:51)-","Código":"39107","Coordenadas":"-41.1558027 -71.2980622","Garita":"","Cartel":"","Observaciones":"","Conexiones":"(60_2:51)-"}},
{"type":"Feature","geometry":{"type":"Point","coordinates":[-71.301069,-41.157577,0]},"properties":{"name":"Esc. N°310 Arrayanes","description":{"@type":"html","value":"descripción: Código: 39109<br>Coordenadas: -41.1575768 -71.3010693<br>Garita: <br>Cartel: 1<br>Observaciones: <br>Conexiones: (31_1:29)-<br>Código: 39109<br>Coordenadas: -41.1575768 -71.3010693<br>Garita: <br>Cartel: 1.0<br>Observaciones: <br>Conexiones: (31_1:29)-"},"styleUrl":"#icon-1739-E65100","icon-scale":1,"icon":"images/icon-1.png","descripción":"Código: 39109\nCoordenadas: -41.1575768 -71.3010693\nGarita: \nCartel: 1\nObservaciones: \nConexiones: (31_1:29)-","Código":"39109","Coordenadas":"-41.1575768 -71.3010693","Garita":"","Cartel":"1.0","Observaciones":"","Conexiones":"(31_1:29)-"}},
{"type":"Feature","geometry":{"type":"Point","coordinates":[-71.303837,-41.159287,0]},"properties":{"name":"Lengas y Taique","description":{"@type":"html","value":"descripción: Código: 39111<br>Coordenadas: -41.1592871 -71.3038366<br>Garita: <br>Cartel: <br>Observaciones: <br>Conexiones: (60_2:53)-<br>Código: 39111<br>Coordenadas: -41.1592871 -71.3038366<br>Garita: <br>Cartel: <br>Observaciones: <br>Conexiones: (60_2:53)-"},"styleUrl":"#icon-1739-E65100","icon-scale":1,"icon":"images/icon-1.png","descripción":"Código: 39111\nCoordenadas: -41.1592871 -71.3038366\nGarita: \nCartel: \nObservaciones: \nConexiones: (60_2:53)-","Código":"39111","Coordenadas":"-41.1592871 -71.3038366","Garita":"","Cartel":"","Observaciones":"","Conexiones":"(60_2:53)-"}},
{"type":"Feature","geometry":{"type":"Point","coordinates":[-71.30537,-41.159124,0]},"properties":{"name":"Lengas y Frey -a","description":{"@type":"html","value":"descripción: Código: 39112<br>Coordenadas: -41.159124 -71.30537<br>Garita: <br>Cartel: <br>Observaciones: <br>Conexiones: (60_2:54)-<br>Código: 39112<br>Coordenadas: -41.159124 -71.30537<br>Garita: <br>Cartel: <br>Observaciones: <br>Conexiones: (60_2:54)-"},"styleUrl":"#icon-1739-E65100","icon-scale":1,"icon":"images/icon-1.png","descripción":"Código: 39112\nCoordenadas: -41.159124 -71.30537\nGarita: \nCartel: \nObservaciones: \nConexiones: (60_2:54)-","Código":"39112","Coordenadas":"-41.159124 -71.30537","Garita":"","Cartel":"","Observaciones":"","Conexiones":"(60_2:54)-"}},
{"type":"Feature","geometry":{"type":"Point","coordinates":[-71.306776,-41.158973,0]},"properties":{"name":"Lengas y Beschtedt","description":{"@type":"html","value":"descripción: Código: 39113<br>Coordenadas: -41.158973 -71.306776<br>Garita: <br>Cartel: <br>Observaciones: <br>Conexiones: (60_2:55)-<br>Código: 39113<br>Coordenadas: -41.158973 -71.306776<br>Garita: <br>Cartel: <br>Observaciones: <br>Conexiones: (60_2:55)-"},"styleUrl":"#icon-1739-E65100","icon-scale":1,"icon":"images/icon-1.png","descripción":"Código: 39113\nCoordenadas: -41.158973 -71.306776\nGarita: \nCartel: \nObservaciones: \nConexiones: (60_2:55)-","Código":"39113","Coordenadas":"-41.158973 -71.306776","Garita":"","Cartel":"","Observaciones":"","Conexiones":"(60_2:55)-"}},
{"type":"Feature","geometry":{"type":"Point","coordinates":[-71.296344,-41.15524,0]},"properties":{"name":"Sobral y Sarmiento -b","description":{"@type":"html","value":"descripción: Código: 3912<br>Coordenadas: -41.1552403 -71.2963437<br>Garita: 1<br>Cartel: <br>Observaciones: <br>Conexiones: (60_1:12)-<br>Código: 3912<br>Coordenadas: -41.1552403 -71.2963437<br>Garita: 1.0<br>Cartel: <br>Observaciones: <br>Conexiones: (60_1:12)-"},"styleUrl":"#icon-1739-E65100","icon-scale":1,"icon":"images/icon-1.png","descripción":"Código: 3912\nCoordenadas: -41.1552403 -71.2963437\nGarita: 1\nCartel: \nObservaciones: \nConexiones: (60_1:12)-","Código":"3912","Coordenadas":"-41.1552403 -71.2963437","Garita":"1.0","Cartel":"","Observaciones":"","Conexiones":"(60_1:12)-"}},
{"type":"Feature","geometry":{"type":"Point","coordinates":[-71.295222,-41.155338,0]},"properties":{"name":"Sobral y Rivadavia","description":{"@type":"html","value":"descripción: Código: 3913<br>Coordenadas: -41.1553381 -71.2952219<br>Garita: <br>Cartel: 1<br>Observaciones: <br>Conexiones: (60_1:13)-<br>Código: 3913<br>Coordenadas: -41.1553381 -71.2952219<br>Garita: <br>Cartel: 1.0<br>Observaciones: <br>Conexiones: (60_1:13)-"},"styleUrl":"#icon-1739-E65100","icon-scale":1,"icon":"images/icon-1.png","descripción":"Código: 3913\nCoordenadas: -41.1553381 -71.2952219\nGarita: \nCartel: 1\nObservaciones: \nConexiones: (60_1:13)-","Código":"3913","Coordenadas":"-41.1553381 -71.2952219","Garita":"","Cartel":"1.0","Observaciones":"","Conexiones":"(60_1:13)-"}},
{"type":"Feature","geometry":{"type":"Point","coordinates":[-71.293482,-41.155242,0]},"properties":{"name":"Primero de Mayo y Roque Sáenz Peña -b","description":{"@type":"html","value":"descripción: Código: 3914<br>Coordenadas: -41.1552417 -71.2934823<br>Garita: 1<br>Cartel: <br>Observaciones: <br>Conexiones: (60_1:14)-<br>Código: 3914<br>Coordenadas: -41.1552417 -71.2934823<br>Garita: 1.0<br>Cartel: <br>Observaciones: <br>Conexiones: (60_1:14)-"},"styleUrl":"#icon-1739-E65100","icon-scale":1,"icon":"images/icon-1.png","descripción":"Código: 3914\nCoordenadas: -41.1552417 -71.2934823\nGarita: 1\nCartel: \nObservaciones: \nConexiones: (60_1:14)-","Código":"3914","Coordenadas":"-41.1552417 -71.2934823","Garita":"1.0","Cartel":"","Observaciones":"","Conexiones":"(60_1:14)-"}},
{"type":"Feature","geometry":{"type":"Point","coordinates":[-71.29036,-41.154324,0]},"properties":{"name":"Fourous y La Paz","description":{"@type":"html","value":"descripción: Código: 3915<br>Coordenadas: -41.1543241 -71.2903595<br>Garita: <br>Cartel: <br>Observaciones: <br>Conexiones: (60_1:15)-<br>Código: 3915<br>Coordenadas: -41.1543241 -71.2903595<br>Garita: <br>Cartel: <br>Observaciones: <br>Conexiones: (60_1:15)-"},"styleUrl":"#icon-1739-E65100","icon-scale":1,"icon":"images/icon-1.png","descripción":"Código: 3915\nCoordenadas: -41.1543241 -71.2903595\nGarita: \nCartel: \nObservaciones: \nConexiones: (60_1:15)-","Código":"3915","Coordenadas":"-41.1543241 -71.2903595","Garita":"","Cartel":"","Observaciones":"","Conexiones":"(60_1:15)-"}},
{"type":"Feature","geometry":{"type":"Point","coordinates":[-71.289098,-41.154252,0]},"properties":{"name":"La Paz y 9 de Julio -b","description":{"@type":"html","value":"descripción: Código: 3916<br>Coordenadas: -41.1542521 -71.2890975<br>Garita: <br>Cartel: <br>Observaciones: <br>Conexiones: (60_1:16)-<br>Código: 3916<br>Coordenadas: -41.1542521 -71.2890975<br>Garita: <br>Cartel: <br>Observaciones: <br>Conexiones: (60_1:16)-"},"styleUrl":"#icon-1739-E65100","icon-scale":1,"icon":"images/icon-1.png","descripción":"Código: 3916\nCoordenadas: -41.1542521 -71.2890975\nGarita: \nCartel: \nObservaciones: \nConexiones: (60_1:16)-","Código":"3916","Coordenadas":"-41.1542521 -71.2890975","Garita":"","Cartel":"","Observaciones":"","Conexiones":"(60_1:16)-"}},
{"type":"Feature","geometry":{"type":"Point","coordinates":[-71.288651,-41.152615,0]},"properties":{"name":"9 de Julio y 2 de Agosto -b","description":{"@type":"html","value":"descripción: Código: 3917<br>Coordenadas: -41.1526147 -71.288651<br>Garita: 1<br>Cartel: <br>Observaciones: <br>Conexiones: (60_1:17)-<br>Código: 3917<br>Coordenadas: -41.1526147 -71.288651<br>Garita: 1.0<br>Cartel: <br>Observaciones: <br>Conexiones: (60_1:17)-"},"styleUrl":"#icon-1739-E65100","icon-scale":1,"icon":"images/icon-1.png","descripción":"Código: 3917\nCoordenadas: -41.1526147 -71.288651\nGarita: 1\nCartel: \nObservaciones: \nConexiones: (60_1:17)-","Código":"3917","Coordenadas":"-41.1526147 -71.288651","Garita":"1.0","Cartel":"","Observaciones":"","Conexiones":"(60_1:17)-"}},
{"type":"Feature","geometry":{"type":"Point","coordinates":[-71.28865,-41.15111,0]},"properties":{"name":"9 de Julio y Padre Mascardi -b","description":{"@type":"html","value":"descripción: Código: 3918<br>Coordenadas: -41.1511101 -71.2886501<br>Garita: <br>Cartel: <br>Observaciones: <br>Conexiones: (60_1:18)-<br>Código: 3918<br>Coordenadas: -41.1511101 -71.2886501<br>Garita: <br>Cartel: <br>Observaciones: <br>Conexiones: (60_1:18)-"},"styleUrl":"#icon-1739-E65100","icon-scale":1,"icon":"images/icon-1.png","descripción":"Código: 3918\nCoordenadas: -41.1511101 -71.2886501\nGarita: \nCartel: \nObservaciones: \nConexiones: (60_1:18)-","Código":"3918","Coordenadas":"-41.1511101 -71.2886501","Garita":"","Cartel":"","Observaciones":"","Conexiones":"(60_1:18)-"}},
{"type":"Feature","geometry":{"type":"Point","coordinates":[-71.288611,-41.150147,0]},"properties":{"name":"Capilla Sagrada Familia","description":{"@type":"html","value":"descripción: Código: 3919<br>Coordenadas: -41.150147 -71.288611<br>Garita: <br>Cartel: 1<br>Observaciones: <br>Conexiones: (60_1:19)-<br>Código: 3919<br>Coordenadas: -41.150147 -71.288611<br>Garita: <br>Cartel: 1.0<br>Observaciones: <br>Conexiones: (60_1:19)-"},"styleUrl":"#icon-1739-E65100","icon-scale":1,"icon":"images/icon-1.png","descripción":"Código: 3919\nCoordenadas: -41.150147 -71.288611\nGarita: \nCartel: 1\nObservaciones: \nConexiones: (60_1:19)-","Código":"3919","Coordenadas":"-41.150147 -71.288611","Garita":"","Cartel":"1.0","Observaciones":"","Conexiones":"(60_1:19)-"}},
{"type":"Feature","geometry":{"type":"Point","coordinates":[-71.288628,-41.149121,0]},"properties":{"name":"9 de Julio y Alte. Brown -b","description":{"@type":"html","value":"descripción: Código: 3920<br>Coordenadas: -41.1491211 -71.2886283<br>Garita: 1<br>Cartel: <br>Observaciones: <br>Conexiones: (60_1:20)-<br>Código: 3920<br>Coordenadas: -41.1491211 -71.2886283<br>Garita: 1.0<br>Cartel: <br>Observaciones: <br>Conexiones: (60_1:20)-"},"styleUrl":"#icon-1739-E65100","icon-scale":1,"icon":"images/icon-1.png","descripción":"Código: 3920\nCoordenadas: -41.1491211 -71.2886283\nGarita: 1\nCartel: \nObservaciones: \nConexiones: (60_1:20)-","Código":"3920","Coordenadas":"-41.1491211 -71.2886283","Garita":"1.0","Cartel":"","Observaciones":"","Conexiones":"(60_1:20)-"}},
{"type":"Feature","geometry":{"type":"Point","coordinates":[-71.288622,-41.147058,0]},"properties":{"name":"9 de Julio y Neuquén -b","description":{"@type":"html","value":"descripción: Código: 3921<br>Coordenadas: -41.1470582 -71.2886223<br>Garita: 1<br>Cartel: <br>Observaciones: <br>Conexiones: (60_1:21)-<br>Código: 3921<br>Coordenadas: -41.1470582 -71.2886223<br>Garita: 1.0<br>Cartel: <br>Observaciones: <br>Conexiones: (60_1:21)-"},"styleUrl":"#icon-1739-E65100","icon-scale":1,"icon":"images/icon-1.png","descripción":"Código: 3921\nCoordenadas: -41.1470582 -71.2886223\nGarita: 1\nCartel: \nObservaciones: \nConexiones: (60_1:21)-","Código":"3921","Coordenadas":"-41.1470582 -71.2886223","Garita":"1.0","Cartel":"","Observaciones":"","Conexiones":"(60_1:21)-"}},
{"type":"Feature","geometry":{"type":"Point","coordinates":[-71.288605,-41.144655,0]},"properties":{"name":"9 de Julio y 25 de Mayo -b","description":{"@type":"html","value":"descripción: Código: 3922<br>Coordenadas: -41.1446548 -71.2886048<br>Garita: <br>Cartel: <br>Observaciones: <br>Conexiones: (60_1:22)-<br>Código: 3922<br>Coordenadas: -41.1446548 -71.2886048<br>Garita: <br>Cartel: <br>Observaciones: <br>Conexiones: (60_1:22)-"},"styleUrl":"#icon-1739-E65100","icon-scale":1,"icon":"images/icon-1.png","descripción":"Código: 3922\nCoordenadas: -41.1446548 -71.2886048\nGarita: \nCartel: \nObservaciones: \nConexiones: (60_1:22)-","Código":"3922","Coordenadas":"-41.1446548 -71.2886048","Garita":"","Cartel":"","Observaciones":"","Conexiones":"(60_1:22)-"}},
{"type":"Feature","geometry":{"type":"Point","coordinates":[-71.288606,-41.142512,0]},"properties":{"name":"9 de Julio y Anasagasti -b","description":{"@type":"html","value":"descripción: Código: 3923<br>Coordenadas: -41.1425116 -71.2886061<br>Garita: 1<br>Cartel: <br>Observaciones: <br>Conexiones: (60_1:23)-<br>Código: 3923<br>Coordenadas: -41.1425116 -71.2886061<br>Garita: 1.0<br>Cartel: <br>Observaciones: <br>Conexiones: (60_1:23)-"},"styleUrl":"#icon-1739-E65100","icon-scale":1,"icon":"images/icon-1.png","descripción":"Código: 3923\nCoordenadas: -41.1425116 -71.2886061\nGarita: 1\nCartel: \nObservaciones: \nConexiones: (60_1:23)-","Código":"3923","Coordenadas":"-41.1425116 -71.2886061","Garita":"1.0","Cartel":"","Observaciones":"","Conexiones":"(60_1:23)-"}},
{"type":"Feature","geometry":{"type":"Point","coordinates":[-71.288642,-41.140293,0]},"properties":{"name":"9 de Julio y Tiscornia -b","description":{"@type":"html","value":"descripción: Código: 3924<br>Coordenadas: -41.1402933 -71.2886421<br>Garita: <br>Cartel: <br>Observaciones: <br>Conexiones: (60_1:24)-<br>Código: 3924<br>Coordenadas: -41.1402933 -71.2886421<br>Garita: <br>Cartel: <br>Observaciones: <br>Conexiones: (60_1:24)-"},"styleUrl":"#icon-1739-E65100","icon-scale":1,"icon":"images/icon-1.png","descripción":"Código: 3924\nCoordenadas: -41.1402933 -71.2886421\nGarita: \nCartel: \nObservaciones: \nConexiones: (60_1:24)-","Código":"3924","Coordenadas":"-41.1402933 -71.2886421","Garita":"","Cartel":"","Observaciones":"","Conexiones":"(60_1:24)-"}},
{"type":"Feature","geometry":{"type":"Point","coordinates":[-71.291412,-41.138652,0]},"properties":{"name":"Dirección de Obras y Catastro -a","description":{"@type":"html","value":"descripción: Código: 3925<br>Coordenadas: -41.138652 -71.2914125<br>Garita: <br>Cartel: 1<br>Observaciones: <br>Conexiones: (60_1:25)-<br>Código: 3925<br>Coordenadas: -41.138652 -71.2914125<br>Garita: <br>Cartel: 1.0<br>Observaciones: <br>Conexiones: (60_1:25)-"},"styleUrl":"#icon-1739-E65100","icon-scale":1,"icon":"images/icon-1.png","descripción":"Código: 3925\nCoordenadas: -41.138652 -71.2914125\nGarita: \nCartel: 1\nObservaciones: \nConexiones: (60_1:25)-","Código":"3925","Coordenadas":"-41.138652 -71.2914125","Garita":"","Cartel":"1.0","Observaciones":"","Conexiones":"(60_1:25)-"}},
{"type":"Feature","geometry":{"type":"Point","coordinates":[-71.301123,-41.132452,0]},"properties":{"name":"Av. 12 de Octubre - Catedral de S. C. de Bariloche","description":{"@type":"html","value":"descripción: Código: 3931<br>Coordenadas: -41.1324525 -71.3011233<br>Garita: <br>Cartel: <br>Observaciones: <br>Conexiones: (60_1:32)-(61_A2:40)-(70_1:30)-(72_1:4)-<br>Código: 3931<br>Coordenadas: -41.1324525 -71.3011233<br>Garita: <br>Cartel: <br>Observaciones: <br>Conexiones: (60_1:32)-(61_A2:40)-(70_1:30)-(72_1:4)-"},"styleUrl":"#icon-1739-E65100","icon-scale":1,"icon":"images/icon-1.png","descripción":"Código: 3931\nCoordenadas: -41.1324525 -71.3011233\nGarita: \nCartel: \nObservaciones: \nConexiones: (60_1:32)-(61_A2:40)-(70_1:30)-(72_1:4)-","Código":"3931","Coordenadas":"-41.1324525 -71.3011233","Garita":"","Cartel":"","Observaciones":"","Conexiones":"(60_1:32)-(61_A2:40)-(70_1:30)-(72_1:4)-"}},
{"type":"Feature","geometry":{"type":"Point","coordinates":[-71.297835,-41.132637,0]},"properties":{"name":"Av. 12 de Octubre y Otto Goedecke","description":{"@type":"html","value":"descripción: Código: 3932<br>Coordenadas: -41.1326366 -71.2978349<br>Garita: 1<br>Cartel: <br>Observaciones: <br>Conexiones: (60_1:33)-(61_A2:41)-(70_1:31)-(72_1:5)-<br>Código: 3932<br>Coordenadas: -41.1326366 -71.2978349<br>Garita: 1.0<br>Cartel: <br>Observaciones: <br>Conexiones: (60_1:33)-(61_A2:41)-(70_1:31)-(72_1:5)-"},"styleUrl":"#icon-1739-E65100","icon-scale":1,"icon":"images/icon-1.png","descripción":"Código: 3932\nCoordenadas: -41.1326366 -71.2978349\nGarita: 1\nCartel: \nObservaciones: \nConexiones: (60_1:33)-(61_A2:41)-(70_1:31)-(72_1:5)-","Código":"3932","Coordenadas":"-41.1326366 -71.2978349","Garita":"1.0","Cartel":"","Observaciones":"","Conexiones":"(60_1:33)-(61_A2:41)-(70_1:31)-(72_1:5)-"}},
{"type":"Feature","geometry":{"type":"Point","coordinates":[-71.295444,-41.132922,0]},"properties":{"name":"Av. 12 de Octubre y Elordi","description":{"@type":"html","value":"descripción: Código: 3933<br>Coordenadas: -41.1329222 -71.2954437<br>Garita: <br>Cartel: 1<br>Observaciones: <br>Conexiones: (60_1:34)-(61_A2:42)-(70_1:32)-(72_1:6)-<br>Código: 3933<br>Coordenadas: -41.1329222 -71.2954437<br>Garita: <br>Cartel: 1.0<br>Observaciones: <br>Conexiones: (60_1:34)-(61_A2:42)-(70_1:32)-(72_1:6)-"},"styleUrl":"#icon-1739-E65100","icon-scale":1,"icon":"images/icon-1.png","descripción":"Código: 3933\nCoordenadas: -41.1329222 -71.2954437\nGarita: \nCartel: 1\nObservaciones: \nConexiones: (60_1:34)-(61_A2:42)-(70_1:32)-(72_1:6)-","Código":"3933","Coordenadas":"-41.1329222 -71.2954437","Garita":"","Cartel":"1.0","Observaciones":"","Conexiones":"(60_1:34)-(61_A2:42)-(70_1:32)-(72_1:6)-"}},
{"type":"Feature","geometry":{"type":"Point","coordinates":[-71.289891,-41.133497,0]},"properties":{"name":"Av. 12 de Octubre y Roque Sáenz Peña","description":{"@type":"html","value":"descripción: Código: 3936<br>Coordenadas: -41.1334967 -71.2898912<br>Garita: <br>Cartel: <br>Observaciones: <br>Conexiones: (60_1:37)-(61_A2:45)-(70_1:35)-(72_1:9)-<br>Código: 3936<br>Coordenadas: -41.1334967 -71.2898912<br>Garita: <br>Cartel: <br>Observaciones: <br>Conexiones: (60_1:37)-(61_A2:45)-(70_1:35)-(72_1:9)-"},"styleUrl":"#icon-1739-E65100","icon-scale":1,"icon":"images/icon-1.png","descripción":"Código: 3936\nCoordenadas: -41.1334967 -71.2898912\nGarita: \nCartel: \nObservaciones: \nConexiones: (60_1:37)-(61_A2:45)-(70_1:35)-(72_1:9)-","Código":"3936","Coordenadas":"-41.1334967 -71.2898912","Garita":"","Cartel":"","Observaciones":"","Conexiones":"(60_1:37)-(61_A2:45)-(70_1:35)-(72_1:9)-"}},
{"type":"Feature","geometry":{"type":"Point","coordinates":[-71.281854,-41.134091,0]},"properties":{"name":"Garibaldi y Esandi","description":{"@type":"html","value":"descripción: Código: 3940<br>Coordenadas: -41.134091 -71.2818544<br>Garita: <br>Cartel: <br>Observaciones: <br>Conexiones: (60_1:41)-<br>Código: 3940<br>Coordenadas: -41.134091 -71.2818544<br>Garita: <br>Cartel: <br>Observaciones: <br>Conexiones: (60_1:41)-"},"styleUrl":"#icon-1739-E65100","icon-scale":1,"icon":"images/icon-1.png","descripción":"Código: 3940\nCoordenadas: -41.134091 -71.2818544\nGarita: \nCartel: \nObservaciones: \nConexiones: (60_1:41)-","Código":"3940","Coordenadas":"-41.134091 -71.2818544","Garita":"","Cartel":"","Observaciones":"","Conexiones":"(60_1:41)-"}},
{"type":"Feature","geometry":{"type":"Point","coordinates":[-71.28248,-41.136582,0]},"properties":{"name":"Namuncurá y Francisco Perito Moreno","description":{"@type":"html","value":"descripción: Código: 3942<br>Coordenadas: -41.1365821 -71.2824796<br>Garita: <br>Cartel: 1<br>Observaciones: <br>Conexiones: (60_1:42)-<br>Código: 3942<br>Coordenadas: -41.1365821 -71.2824796<br>Garita: <br>Cartel: 1.0<br>Observaciones: <br>Conexiones: (60_1:42)-"},"styleUrl":"#icon-1739-E65100","icon-scale":1,"icon":"images/icon-1.png","descripción":"Código: 3942\nCoordenadas: -41.1365821 -71.2824796\nGarita: \nCartel: 1\nObservaciones: \nConexiones: (60_1:42)-","Código":"3942","Coordenadas":"-41.1365821 -71.2824796","Garita":"","Cartel":"1.0","Observaciones":"","Conexiones":"(60_1:42)-"}},
{"type":"Feature","geometry":{"type":"Point","coordinates":[-71.28259,-41.140154,0]},"properties":{"name":"Namuncurá y Tiscornia","description":{"@type":"html","value":"descripción: Código: 3944<br>Coordenadas: -41.1401541 -71.2825897<br>Garita: <br>Cartel: <br>Observaciones: <br>Conexiones: (60_1:43)-<br>Código: 3944<br>Coordenadas: -41.1401541 -71.2825897<br>Garita: <br>Cartel: <br>Observaciones: <br>Conexiones: (60_1:43)-"},"styleUrl":"#icon-1739-E65100","icon-scale":1,"icon":"images/icon-1.png","descripción":"Código: 3944\nCoordenadas: -41.1401541 -71.2825897\nGarita: \nCartel: \nObservaciones: \nConexiones: (60_1:43)-","Código":"3944","Coordenadas":"-41.1401541 -71.2825897","Garita":"","Cartel":"","Observaciones":"","Conexiones":"(60_1:43)-"}},
{"type":"Feature","geometry":{"type":"Point","coordinates":[-71.281192,-41.141634,0]},"properties":{"name":"Mosconi y Colonia","description":{"@type":"html","value":"descripción: Código: 3945<br>Coordenadas: -41.1416345 -71.2811917<br>Garita: <br>Cartel: 1<br>Observaciones: <br>Conexiones: (60_1:44)-<br>Código: 3945<br>Coordenadas: -41.1416345 -71.2811917<br>Garita: <br>Cartel: 1.0<br>Observaciones: <br>Conexiones: (60_1:44)-"},"styleUrl":"#icon-1739-E65100","icon-scale":1,"icon":"images/icon-1.png","descripción":"Código: 3945\nCoordenadas: -41.1416345 -71.2811917\nGarita: \nCartel: 1\nObservaciones: \nConexiones: (60_1:44)-","Código":"3945","Coordenadas":"-41.1416345 -71.2811917","Garita":"","Cartel":"1.0","Observaciones":"","Conexiones":"(60_1:44)-"}},
{"type":"Feature","geometry":{"type":"Point","coordinates":[-71.278561,-41.143049,0]},"properties":{"name":"San José de Costa Rica y Montevideo","description":{"@type":"html","value":"descripción: Código: 3946<br>Coordenadas: -41.143049 -71.278561<br>Garita: <br>Cartel: 1<br>Observaciones: <br>Conexiones: (60_1:45)-<br>Código: 3946<br>Coordenadas: -41.143049 -71.278561<br>Garita: <br>Cartel: 1.0<br>Observaciones: <br>Conexiones: (60_1:45)-"},"styleUrl":"#icon-1739-E65100","icon-scale":1,"icon":"images/icon-1.png","descripción":"Código: 3946\nCoordenadas: -41.143049 -71.278561\nGarita: \nCartel: 1\nObservaciones: \nConexiones: (60_1:45)-","Código":"3946","Coordenadas":"-41.143049 -71.278561","Garita":"","Cartel":"1.0","Observaciones":"","Conexiones":"(60_1:45)-"}},
{"type":"Feature","geometry":{"type":"Point","coordinates":[-71.276587,-41.143881,0]},"properties":{"name":"San José de Costa Rica - Caracas","description":{"@type":"html","value":"descripción: Código: 3947<br>Coordenadas: -41.143881 -71.2765869<br>Garita: <br>Cartel: 1<br>Observaciones: <br>Conexiones: (60_1:46)-<br>Código: 3947<br>Coordenadas: -41.143881 -71.2765869<br>Garita: <br>Cartel: 1.0<br>Observaciones: <br>Conexiones: (60_1:46)-"},"styleUrl":"#icon-1739-E65100","icon-scale":1,"icon":"images/icon-1.png","descripción":"Código: 3947\nCoordenadas: -41.143881 -71.2765869\nGarita: \nCartel: 1\nObservaciones: \nConexiones: (60_1:46)-","Código":"3947","Coordenadas":"-41.143881 -71.2765869","Garita":"","Cartel":"1.0","Observaciones":"","Conexiones":"(60_1:46)-"}},
{"type":"Feature","geometry":{"type":"Point","coordinates":[-71.278021,-41.145888,0]},"properties":{"name":"Monteverde y México -a","description":{"@type":"html","value":"descripción: Código: 3948<br>Coordenadas: -41.1458879 -71.2780213<br>Garita: <br>Cartel: 1<br>Observaciones: <br>Conexiones: (60_1:47)-<br>Código: 3948<br>Coordenadas: -41.1458879 -71.2780213<br>Garita: <br>Cartel: 1.0<br>Observaciones: <br>Conexiones: (60_1:47)-"},"styleUrl":"#icon-1739-E65100","icon-scale":1,"icon":"images/icon-1.png","descripción":"Código: 3948\nCoordenadas: -41.1458879 -71.2780213\nGarita: \nCartel: 1\nObservaciones: \nConexiones: (60_1:47)-","Código":"3948","Coordenadas":"-41.1458879 -71.2780213","Garita":"","Cartel":"1.0","Observaciones":"","Conexiones":"(60_1:47)-"}},
{"type":"Feature","geometry":{"type":"Point","coordinates":[-71.277474,-41.14812,0]},"properties":{"name":"Monteverde y San Pablo","description":{"@type":"html","value":"descripción: Código: 3949<br>Coordenadas: -41.1481195 -71.2774742<br>Garita: <br>Cartel: <br>Observaciones: <br>Conexiones: (60_1:48)-<br>Código: 3949<br>Coordenadas: -41.1481195 -71.2774742<br>Garita: <br>Cartel: <br>Observaciones: <br>Conexiones: (60_1:48)-"},"styleUrl":"#icon-1739-E65100","icon-scale":1,"icon":"images/icon-1.png","descripción":"Código: 3949\nCoordenadas: -41.1481195 -71.2774742\nGarita: \nCartel: \nObservaciones: \nConexiones: (60_1:48)-","Código":"3949","Coordenadas":"-41.1481195 -71.2774742","Garita":"","Cartel":"","Observaciones":"","Conexiones":"(60_1:48)-"}},
{"type":"Feature","geometry":{"type":"Point","coordinates":[-71.278671,-41.150015,0]},"properties":{"name":"Monteverde y Asunción","description":{"@type":"html","value":"descripción: Código: 3950<br>Coordenadas: -41.1500151 -71.278671<br>Garita: <br>Cartel: 1<br>Observaciones: <br>Conexiones: (60_1:49)-<br>Código: 3950<br>Coordenadas: -41.1500151 -71.278671<br>Garita: <br>Cartel: 1.0<br>Observaciones: <br>Conexiones: (60_1:49)-"},"styleUrl":"#icon-1739-E65100","icon-scale":1,"icon":"images/icon-1.png","descripción":"Código: 3950\nCoordenadas: -41.1500151 -71.278671\nGarita: \nCartel: 1\nObservaciones: \nConexiones: (60_1:49)-","Código":"3950","Coordenadas":"-41.1500151 -71.278671","Garita":"","Cartel":"1.0","Observaciones":"","Conexiones":"(60_1:49)-"}},
{"type":"Feature","geometry":{"type":"Point","coordinates":[-71.279938,-41.152057,0]},"properties":{"name":"Calle 5 y Monteverde","description":{"@type":"html","value":"descripción: Código: 3951<br>Coordenadas: -41.1520574 -71.2799383<br>Garita: 1<br>Cartel: <br>Observaciones: <br>Conexiones: (60_1:50)-<br>Código: 3951<br>Coordenadas: -41.1520574 -71.2799383<br>Garita: 1.0<br>Cartel: <br>Observaciones: <br>Conexiones: (60_1:50)-"},"styleUrl":"#icon-1739-E65100","icon-scale":1,"icon":"images/icon-1.png","descripción":"Código: 3951\nCoordenadas: -41.1520574 -71.2799383\nGarita: 1\nCartel: \nObservaciones: \nConexiones: (60_1:50)-","Código":"3951","Coordenadas":"-41.1520574 -71.2799383","Garita":"1.0","Cartel":"","Observaciones":"","Conexiones":"(60_1:50)-"}},
{"type":"Feature","geometry":{"type":"Point","coordinates":[-71.280944,-41.153589,0]},"properties":{"name":"Playón - San Francisco","description":{"@type":"html","value":"descripción: Código: 3952<br>Coordenadas: -41.1535892 -71.280944<br>Garita: <br>Cartel: <br>Observaciones: <br>Conexiones: (60_1:51)-<br>Código: 3952<br>Coordenadas: -41.1535892 -71.280944<br>Garita: <br>Cartel: <br>Observaciones: <br>Conexiones: (60_1:51)-"},"styleUrl":"#icon-1739-E65100","icon-scale":1,"icon":"images/icon-1.png","descripción":"Código: 3952\nCoordenadas: -41.1535892 -71.280944\nGarita: \nCartel: \nObservaciones: \nConexiones: (60_1:51)-","Código":"3952","Coordenadas":"-41.1535892 -71.280944","Garita":"","Cartel":"","Observaciones":"","Conexiones":"(60_1:51)-"}},
{"type":"Feature","geometry":{"type":"Point","coordinates":[-71.282965,-41.155343,0]},"properties":{"name":"Calle 5 y Calle 8","description":{"@type":"html","value":"descripción: Código: 3953<br>Coordenadas: -41.1553429 -71.282965<br>Garita: <br>Cartel: <br>Observaciones: <br>Conexiones: (60_1:52)-<br>Código: 3953<br>Coordenadas: -41.1553429 -71.282965<br>Garita: <br>Cartel: <br>Observaciones: <br>Conexiones: (60_1:52)-"},"styleUrl":"#icon-1739-E65100","icon-scale":1,"icon":"images/icon-1.png","descripción":"Código: 3953\nCoordenadas: -41.1553429 -71.282965\nGarita: \nCartel: \nObservaciones: \nConexiones: (60_1:52)-","Código":"3953","Coordenadas":"-41.1553429 -71.282965","Garita":"","Cartel":"","Observaciones":"","Conexiones":"(60_1:52)-"}},
{"type":"Feature","geometry":{"type":"Point","coordinates":[-71.283323,-41.156496,0]},"properties":{"name":"Calle 5 y Calle 2","description":{"@type":"html","value":"descripción: Código: 3954<br>Coordenadas: -41.1564962 -71.283323<br>Garita: <br>Cartel: <br>Observaciones: <br>Conexiones: (60_1:53)-<br>Código: 3954<br>Coordenadas: -41.1564962 -71.283323<br>Garita: <br>Cartel: <br>Observaciones: <br>Conexiones: (60_1:53)-"},"styleUrl":"#icon-1739-E65100","icon-scale":1,"icon":"images/icon-1.png","descripción":"Código: 3954\nCoordenadas: -41.1564962 -71.283323\nGarita: \nCartel: \nObservaciones: \nConexiones: (60_1:53)-","Código":"3954","Coordenadas":"-41.1564962 -71.283323","Garita":"","Cartel":"","Observaciones":"","Conexiones":"(60_1:53)-"}},
{"type":"Feature","geometry":{"type":"Point","coordinates":[-71.281668,-41.156482,0]},"properties":{"name":"La Habana y Calle 8","description":{"@type":"html","value":"descripción: Código: 3955<br>Coordenadas: -41.1564822 -71.2816685<br>Garita: <br>Cartel: <br>Observaciones: <br>Conexiones: (60_2:1)-<br>Código: 3955<br>Coordenadas: -41.1564822 -71.2816685<br>Garita: <br>Cartel: <br>Observaciones: <br>Conexiones: (60_2:1)-"},"styleUrl":"#icon-1739-E65100","icon-scale":1,"icon":"images/icon-1.png","descripción":"Código: 3955\nCoordenadas: -41.1564822 -71.2816685\nGarita: \nCartel: \nObservaciones: \nConexiones: (60_2:1)-","Código":"3955","Coordenadas":"-41.1564822 -71.2816685","Garita":"","Cartel":"","Observaciones":"","Conexiones":"(60_2:1)-"}},
{"type":"Feature","geometry":{"type":"Point","coordinates":[-71.280079,-41.155357,0]},"properties":{"name":"La Habana y Calle 10","description":{"@type":"html","value":"descripción: Código: 3956<br>Coordenadas: -41.155357 -71.280079<br>Garita: <br>Cartel: <br>Observaciones: <br>Conexiones: (60_2:2)-<br>Código: 3956<br>Coordenadas: -41.155357 -71.280079<br>Garita: <br>Cartel: <br>Observaciones: <br>Conexiones: (60_2:2)-"},"styleUrl":"#icon-1739-E65100","icon-scale":1,"icon":"images/icon-1.png","descripción":"Código: 3956\nCoordenadas: -41.155357 -71.280079\nGarita: \nCartel: \nObservaciones: \nConexiones: (60_2:2)-","Código":"3956","Coordenadas":"-41.155357 -71.280079","Garita":"","Cartel":"","Observaciones":"","Conexiones":"(60_2:2)-"}},
{"type":"Feature","geometry":{"type":"Point","coordinates":[-71.277727,-41.153647,0]},"properties":{"name":"La Habana y Calle 13","description":{"@type":"html","value":"descripción: Código: 3957<br>Coordenadas: -41.153647 -71.277727<br>Garita: <br>Cartel: <br>Observaciones: <br>Conexiones: (60_2:3)-<br>Código: 3957<br>Coordenadas: -41.153647 -71.277727<br>Garita: <br>Cartel: <br>Observaciones: <br>Conexiones: (60_2:3)-"},"styleUrl":"#icon-1739-E65100","icon-scale":1,"icon":"images/icon-1.png","descripción":"Código: 3957\nCoordenadas: -41.153647 -71.277727\nGarita: \nCartel: \nObservaciones: \nConexiones: (60_2:3)-","Código":"3957","Coordenadas":"-41.153647 -71.277727","Garita":"","Cartel":"","Observaciones":"","Conexiones":"(60_2:3)-"}},
{"type":"Feature","geometry":{"type":"Point","coordinates":[-71.276364,-41.152639,0]},"properties":{"name":"La Habana y Namuncurá","description":{"@type":"html","value":"descripción: Código: 3958<br>Coordenadas: -41.1526394 -71.2763636<br>Garita: <br>Cartel: <br>Observaciones: <br>Conexiones: (60_2:4)-<br>Código: 3958<br>Coordenadas: -41.1526394 -71.2763636<br>Garita: <br>Cartel: <br>Observaciones: <br>Conexiones: (60_2:4)-"},"styleUrl":"#icon-1739-E65100","icon-scale":1,"icon":"images/icon-1.png","descripción":"Código: 3958\nCoordenadas: -41.1526394 -71.2763636\nGarita: \nCartel: \nObservaciones: \nConexiones: (60_2:4)-","Código":"3958","Coordenadas":"-41.1526394 -71.2763636","Garita":"","Cartel":"","Observaciones":"","Conexiones":"(60_2:4)-"}},
{"type":"Feature","geometry":{"type":"Point","coordinates":[-71.275229,-41.151808,0]},"properties":{"name":"La Habana y Calle 6","description":{"@type":"html","value":"descripción: Código: 3959<br>Coordenadas: -41.151808 -71.2752287<br>Garita: 1<br>Cartel: <br>Observaciones: <br>Conexiones: (60_2:5)-<br>Código: 3959<br>Coordenadas: -41.151808 -71.2752287<br>Garita: 1.0<br>Cartel: <br>Observaciones: <br>Conexiones: (60_2:5)-"},"styleUrl":"#icon-1739-E65100","icon-scale":1,"icon":"images/icon-1.png","descripción":"Código: 3959\nCoordenadas: -41.151808 -71.2752287\nGarita: 1\nCartel: \nObservaciones: \nConexiones: (60_2:5)-","Código":"3959","Coordenadas":"-41.151808 -71.2752287","Garita":"1.0","Cartel":"","Observaciones":"","Conexiones":"(60_2:5)-"}},
{"type":"Feature","geometry":{"type":"Point","coordinates":[-71.274304,-41.151122,0]},"properties":{"name":"La Habana y Calle 4","description":{"@type":"html","value":"descripción: Código: 3960<br>Coordenadas: -41.1511221 -71.2743035<br>Garita: <br>Cartel: <br>Observaciones: <br>Conexiones: (60_2:6)-<br>Código: 3960<br>Coordenadas: -41.1511221 -71.2743035<br>Garita: <br>Cartel: <br>Observaciones: <br>Conexiones: (60_2:6)-"},"styleUrl":"#icon-1739-E65100","icon-scale":1,"icon":"images/icon-1.png","descripción":"Código: 3960\nCoordenadas: -41.1511221 -71.2743035\nGarita: \nCartel: \nObservaciones: \nConexiones: (60_2:6)-","Código":"3960","Coordenadas":"-41.1511221 -71.2743035","Garita":"","Cartel":"","Observaciones":"","Conexiones":"(60_2:6)-"}},
{"type":"Feature","geometry":{"type":"Point","coordinates":[-71.273173,-41.150312,0]},"properties":{"name":"La Habana y Calle 2","description":{"@type":"html","value":"descripción: Código: 3961<br>Coordenadas: -41.150312 -71.2731734<br>Garita: 1<br>Cartel: <br>Observaciones: <br>Conexiones: (60_2:7)-<br>Código: 3961<br>Coordenadas: -41.150312 -71.2731734<br>Garita: 1.0<br>Cartel: <br>Observaciones: <br>Conexiones: (60_2:7)-"},"styleUrl":"#icon-1739-E65100","icon-scale":1,"icon":"images/icon-1.png","descripción":"Código: 3961\nCoordenadas: -41.150312 -71.2731734\nGarita: 1\nCartel: \nObservaciones: \nConexiones: (60_2:7)-","Código":"3961","Coordenadas":"-41.150312 -71.2731734","Garita":"1.0","Cartel":"","Observaciones":"","Conexiones":"(60_2:7)-"}},
{"type":"Feature","geometry":{"type":"Point","coordinates":[-71.272077,-41.149516,0]},"properties":{"name":"La Habana y La Paloma","description":{"@type":"html","value":"descripción: Código: 3962<br>Coordenadas: -41.1495165 -71.2720768<br>Garita: <br>Cartel: 1<br>Observaciones: <br>Conexiones: (60_2:8)-<br>Código: 3962<br>Coordenadas: -41.1495165 -71.2720768<br>Garita: <br>Cartel: 1.0<br>Observaciones: <br>Conexiones: (60_2:8)-"},"styleUrl":"#icon-1739-E65100","icon-scale":1,"icon":"images/icon-1.png","descripción":"Código: 3962\nCoordenadas: -41.1495165 -71.2720768\nGarita: \nCartel: 1\nObservaciones: \nConexiones: (60_2:8)-","Código":"3962","Coordenadas":"-41.1495165 -71.2720768","Garita":"","Cartel":"1.0","Observaciones":"","Conexiones":"(60_2:8)-"}},
{"type":"Feature","geometry":{"type":"Point","coordinates":[-71.269959,-41.148218,0]},"properties":{"name":"San Pablo y La Habana","description":{"@type":"html","value":"descripción: Código: 3963<br>Coordenadas: -41.1482183 -71.2699587<br>Garita: 1<br>Cartel: <br>Observaciones: <br>Conexiones: (60_2:9)-<br>Código: 3963<br>Coordenadas: -41.1482183 -71.2699587<br>Garita: 1.0<br>Cartel: <br>Observaciones: <br>Conexiones: (60_2:9)-"},"styleUrl":"#icon-1739-E65100","icon-scale":1,"icon":"images/icon-1.png","descripción":"Código: 3963\nCoordenadas: -41.1482183 -71.2699587\nGarita: 1\nCartel: \nObservaciones: \nConexiones: (60_2:9)-","Código":"3963","Coordenadas":"-41.1482183 -71.2699587","Garita":"1.0","Cartel":"","Observaciones":"","Conexiones":"(60_2:9)-"}},
{"type":"Feature","geometry":{"type":"Point","coordinates":[-71.269812,-41.147068,0]},"properties":{"name":"ESRN N°138 - San Francisco","description":{"@type":"html","value":"descripción: Código: 3964<br>Coordenadas: -41.1470676 -71.269812<br>Garita: 1<br>Cartel: <br>Observaciones: <br>Conexiones: (60_2:10)-<br>Código: 3964<br>Coordenadas: -41.1470676 -71.269812<br>Garita: 1.0<br>Cartel: <br>Observaciones: <br>Conexiones: (60_2:10)-"},"styleUrl":"#icon-1739-E65100","icon-scale":1,"icon":"images/icon-1.png","descripción":"Código: 3964\nCoordenadas: -41.1470676 -71.269812\nGarita: 1\nCartel: \nObservaciones: \nConexiones: (60_2:10)-","Código":"3964","Coordenadas":"-41.1470676 -71.269812","Garita":"1.0","Cartel":"","Observaciones":"","Conexiones":"(60_2:10)-"}},
{"type":"Feature","geometry":{"type":"Point","coordinates":[-71.272528,-41.145711,0]},"properties":{"name":"San José de Costa Rica y Bogotá","description":{"@type":"html","value":"descripción: Código: 3965<br>Coordenadas: -41.145711 -71.2725282<br>Garita: 1<br>Cartel: <br>Observaciones: <br>Conexiones: (60_2:11)-<br>Código: 3965<br>Coordenadas: -41.145711 -71.2725282<br>Garita: 1.0<br>Cartel: <br>Observaciones: <br>Conexiones: (60_2:11)-"},"styleUrl":"#icon-1739-E65100","icon-scale":1,"icon":"images/icon-1.png","descripción":"Código: 3965\nCoordenadas: -41.145711 -71.2725282\nGarita: 1\nCartel: \nObservaciones: \nConexiones: (60_2:11)-","Código":"3965","Coordenadas":"-41.145711 -71.2725282","Garita":"1.0","Cartel":"","Observaciones":"","Conexiones":"(60_2:11)-"}},
{"type":"Feature","geometry":{"type":"Point","coordinates":[-71.276432,-41.144101,0]},"properties":{"name":"Caracas y San José de Costa Rica","description":{"@type":"html","value":"descripción: Código: 3969<br>Coordenadas: -41.1441007 -71.2764322<br>Garita: 1<br>Cartel: <br>Observaciones: <br>Conexiones: (60_2:15)-<br>Código: 3969<br>Coordenadas: -41.1441007 -71.2764322<br>Garita: 1.0<br>Cartel: <br>Observaciones: <br>Conexiones: (60_2:15)-"},"styleUrl":"#icon-1739-E65100","icon-scale":1,"icon":"images/icon-1.png","descripción":"Código: 3969\nCoordenadas: -41.1441007 -71.2764322\nGarita: 1\nCartel: \nObservaciones: \nConexiones: (60_2:15)-","Código":"3969","Coordenadas":"-41.1441007 -71.2764322","Garita":"1.0","Cartel":"","Observaciones":"","Conexiones":"(60_2:15)-"}},
{"type":"Feature","geometry":{"type":"Point","coordinates":[-71.274835,-41.14304,0]},"properties":{"name":"Caracas y Lima","description":{"@type":"html","value":"descripción: Código: 3970<br>Coordenadas: -41.1430399 -71.2748353<br>Garita: 1<br>Cartel: <br>Observaciones: <br>Conexiones: (60_2:16)-<br>Código: 3970<br>Coordenadas: -41.1430399 -71.2748353<br>Garita: 1.0<br>Cartel: <br>Observaciones: <br>Conexiones: (60_2:16)-"},"styleUrl":"#icon-1739-E65100","icon-scale":1,"icon":"images/icon-1.png","descripción":"Código: 3970\nCoordenadas: -41.1430399 -71.2748353\nGarita: 1\nCartel: \nObservaciones: \nConexiones: (60_2:16)-","Código":"3970","Coordenadas":"-41.1430399 -71.2748353","Garita":"1.0","Cartel":"","Observaciones":"","Conexiones":"(60_2:16)-"}},
{"type":"Feature","geometry":{"type":"Point","coordinates":[-71.275265,-41.142223,0]},"properties":{"name":"Lima y Brasilia -b","description":{"@type":"html","value":"descripción: Código: 3971<br>Coordenadas: -41.1422233 -71.2752648<br>Garita: 1<br>Cartel: <br>Observaciones: <br>Conexiones: (60_2:17)-<br>Código: 3971<br>Coordenadas: -41.1422233 -71.2752648<br>Garita: 1.0<br>Cartel: <br>Observaciones: <br>Conexiones: (60_2:17)-"},"styleUrl":"#icon-1739-E65100","icon-scale":1,"icon":"images/icon-1.png","descripción":"Código: 3971\nCoordenadas: -41.1422233 -71.2752648\nGarita: 1\nCartel: \nObservaciones: \nConexiones: (60_2:17)-","Código":"3971","Coordenadas":"-41.1422233 -71.2752648","Garita":"1.0","Cartel":"","Observaciones":"","Conexiones":"(60_2:17)-"}},
{"type":"Feature","geometry":{"type":"Point","coordinates":[-71.277752,-41.141278,0]},"properties":{"name":"Buenos Aires y Tegucigalpa","description":{"@type":"html","value":"descripción: Código: 3972<br>Coordenadas: -41.1412781 -71.2777519<br>Garita: 1<br>Cartel: <br>Observaciones: <br>Conexiones: (60_2:19)-<br>Código: 3972<br>Coordenadas: -41.1412781 -71.2777519<br>Garita: 1.0<br>Cartel: <br>Observaciones: <br>Conexiones: (60_2:19)-"},"styleUrl":"#icon-1739-E65100","icon-scale":1,"icon":"images/icon-1.png","descripción":"Código: 3972\nCoordenadas: -41.1412781 -71.2777519\nGarita: 1\nCartel: \nObservaciones: \nConexiones: (60_2:19)-","Código":"3972","Coordenadas":"-41.1412781 -71.2777519","Garita":"1.0","Cartel":"","Observaciones":"","Conexiones":"(60_2:19)-"}},
{"type":"Feature","geometry":{"type":"Point","coordinates":[-71.279008,-41.142528,0]},"properties":{"name":"Monteverde y Buenos Aires -a","description":{"@type":"html","value":"descripción: Código: 3973<br>Coordenadas: -41.142528 -71.2790078<br>Garita: 1<br>Cartel: <br>Observaciones: <br>Conexiones: (60_2:20)-<br>Código: 3973<br>Coordenadas: -41.142528 -71.2790078<br>Garita: 1.0<br>Cartel: <br>Observaciones: <br>Conexiones: (60_2:20)-"},"styleUrl":"#icon-1739-E65100","icon-scale":1,"icon":"images/icon-1.png","descripción":"Código: 3973\nCoordenadas: -41.142528 -71.2790078\nGarita: 1\nCartel: \nObservaciones: \nConexiones: (60_2:20)-","Código":"3973","Coordenadas":"-41.142528 -71.2790078","Garita":"1.0","Cartel":"","Observaciones":"","Conexiones":"(60_2:20)-"}},
{"type":"Feature","geometry":{"type":"Point","coordinates":[-71.282185,-41.138541,0]},"properties":{"name":"Namuncurá y Bailey Willis","description":{"@type":"html","value":"descripción: Código: 3975<br>Coordenadas: -41.138541 -71.2821848<br>Garita: <br>Cartel: <br>Observaciones: <br>Conexiones: (60_2:21)-<br>Código: 3975<br>Coordenadas: -41.138541 -71.2821848<br>Garita: <br>Cartel: <br>Observaciones: <br>Conexiones: (60_2:21)-"},"styleUrl":"#icon-1739-E65100","icon-scale":1,"icon":"images/icon-1.png","descripción":"Código: 3975\nCoordenadas: -41.138541 -71.2821848\nGarita: \nCartel: \nObservaciones: \nConexiones: (60_2:21)-","Código":"3975","Coordenadas":"-41.138541 -71.2821848","Garita":"","Cartel":"","Observaciones":"","Conexiones":"(60_2:21)-"}},
{"type":"Feature","geometry":{"type":"Point","coordinates":[-71.282531,-41.135033,0]},"properties":{"name":"Namuncurá y Garibaldi","description":{"@type":"html","value":"descripción: Código: 3977<br>Coordenadas: -41.1350334 -71.2825306<br>Garita: <br>Cartel: <br>Observaciones: <br>Conexiones: (60_2:22)-<br>Código: 3977<br>Coordenadas: -41.1350334 -71.2825306<br>Garita: <br>Cartel: <br>Observaciones: <br>Conexiones: (60_2:22)-"},"styleUrl":"#icon-1739-E65100","icon-scale":1,"icon":"images/icon-1.png","descripción":"Código: 3977\nCoordenadas: -41.1350334 -71.2825306\nGarita: \nCartel: \nObservaciones: \nConexiones: (60_2:22)-","Código":"3977","Coordenadas":"-41.1350334 -71.2825306","Garita":"","Cartel":"","Observaciones":"","Conexiones":"(60_2:22)-"}},
{"type":"Feature","geometry":{"type":"Point","coordinates":[-71.281146,-41.133642,0]},"properties":{"name":"Garibaldi y Mar Del Plata","description":{"@type":"html","value":"descripción: Código: 3978<br>Coordenadas: -41.1336419 -71.2811463<br>Garita: <br>Cartel: 1<br>Observaciones: <br>Conexiones: (60_2:23)-<br>Código: 3978<br>Coordenadas: -41.1336419 -71.2811463<br>Garita: <br>Cartel: 1.0<br>Observaciones: <br>Conexiones: (60_2:23)-"},"styleUrl":"#icon-1739-E65100","icon-scale":1,"icon":"images/icon-1.png","descripción":"Código: 3978\nCoordenadas: -41.1336419 -71.2811463\nGarita: \nCartel: 1\nObservaciones: \nConexiones: (60_2:23)-","Código":"3978","Coordenadas":"-41.1336419 -71.2811463","Garita":"","Cartel":"1.0","Observaciones":"","Conexiones":"(60_2:23)-"}},
{"type":"Feature","geometry":{"type":"Point","coordinates":[-71.280113,-41.132154,0]},"properties":{"name":"Garibaldi y Av. 12 de Octubre","description":{"@type":"html","value":"descripción: Código: 3979<br>Coordenadas: -41.1321537 -71.2801132<br>Garita: <br>Cartel: <br>Observaciones: <br>Conexiones: (60_2:24)-(82_2:19)-<br>Código: 3979<br>Coordenadas: -41.1321537 -71.2801132<br>Garita: <br>Cartel: <br>Observaciones: <br>Conexiones: (60_2:24)-(82_2:19)-"},"styleUrl":"#icon-1739-E65100","icon-scale":1,"icon":"images/icon-1.png","descripción":"Código: 3979\nCoordenadas: -41.1321537 -71.2801132\nGarita: \nCartel: \nObservaciones: \nConexiones: (60_2:24)-(82_2:19)-","Código":"3979","Coordenadas":"-41.1321537 -71.2801132","Garita":"","Cartel":"","Observaciones":"","Conexiones":"(60_2:24)-(82_2:19)-"}},
{"type":"Feature","geometry":{"type":"Point","coordinates":[-71.310576,-41.13679,0]},"properties":{"name":"Ángel Gallardo y Morales","description":{"@type":"html","value":"descripción: Código: 3988<br>Coordenadas: -41.1367905 -71.3105763<br>Garita: <br>Cartel: 1<br>Observaciones: <br>Conexiones: (31_1:3)-(60_2:32)-(70_2:19)-<br>Código: 3988<br>Coordenadas: -41.1367905 -71.3105763<br>Garita: <br>Cartel: 1.0<br>Observaciones: <br>Conexiones: (31_1:3)-(60_2:32)-(70_2:19)-"},"styleUrl":"#icon-1739-E65100","icon-scale":1,"icon":"images/icon-1.png","descripción":"Código: 3988\nCoordenadas: -41.1367905 -71.3105763\nGarita: \nCartel: 1\nObservaciones: \nConexiones: (31_1:3)-(60_2:32)-(70_2:19)-","Código":"3988","Coordenadas":"-41.1367905 -71.3105763","Garita":"","Cartel":"1.0","Observaciones":"","Conexiones":"(31_1:3)-(60_2:32)-(70_2:19)-"}},
{"type":"Feature","geometry":{"type":"Point","coordinates":[-71.304886,-41.137361,0]},"properties":{"name":"Ángel Gallardo y Palacios","description":{"@type":"html","value":"descripción: Código: 3990<br>Coordenadas: -41.1373613 -71.3048862<br>Garita: <br>Cartel: 1<br>Observaciones: <br>Conexiones: (31_1:5)-(60_2:34)-<br>Código: 3990<br>Coordenadas: -41.1373613 -71.3048862<br>Garita: <br>Cartel: 1.0<br>Observaciones: <br>Conexiones: (31_1:5)-(60_2:34)-"},"styleUrl":"#icon-1739-E65100","icon-scale":1,"icon":"images/icon-1.png","descripción":"Código: 3990\nCoordenadas: -41.1373613 -71.3048862\nGarita: \nCartel: 1\nObservaciones: \nConexiones: (31_1:5)-(60_2:34)-","Código":"3990","Coordenadas":"-41.1373613 -71.3048862","Garita":"","Cartel":"1.0","Observaciones":"","Conexiones":"(31_1:5)-(60_2:34)-"}},
{"type":"Feature","geometry":{"type":"Point","coordinates":[-71.302021,-41.137629,0]},"properties":{"name":"Ángel Gallardo y Frey","description":{"@type":"html","value":"descripción: Código: 3991<br>Coordenadas: -41.137629 -71.3020214<br>Garita: <br>Cartel: 1<br>Observaciones: <br>Conexiones: (31_1:6)-(60_2:35)-(80_1:6)-(84_1:6)-<br>Código: 3991<br>Coordenadas: -41.137629 -71.3020214<br>Garita: <br>Cartel: 1.0<br>Observaciones: <br>Conexiones: (31_1:6)-(60_2:35)-(80_1:6)-(84_1:6)-"},"styleUrl":"#icon-1739-E65100","icon-scale":1,"icon":"images/icon-1.png","descripción":"Código: 3991\nCoordenadas: -41.137629 -71.3020214\nGarita: \nCartel: 1\nObservaciones: \nConexiones: (31_1:6)-(60_2:35)-(80_1:6)-(84_1:6)-","Código":"3991","Coordenadas":"-41.137629 -71.3020214","Garita":"","Cartel":"1.0","Observaciones":"","Conexiones":"(31_1:6)-(60_2:35)-(80_1:6)-(84_1:6)-"}},
{"type":"Feature","geometry":{"type":"Point","coordinates":[-71.294804,-41.137293,0]},"properties":{"name":"Elflein y Ruíz Moreno","description":{"@type":"html","value":"descripción: Código: 3993<br>Coordenadas: -41.1372926 -71.2948044<br>Garita: <br>Cartel: 1<br>Observaciones: <br>Conexiones: (31_1:10)-(60_2:38)-<br>Código: 3993<br>Coordenadas: -41.1372926 -71.2948044<br>Garita: <br>Cartel: 1.0<br>Observaciones: <br>Conexiones: (31_1:10)-(60_2:38)-"},"styleUrl":"#icon-1739-E65100","icon-scale":1,"icon":"images/icon-1.png","descripción":"Código: 3993\nCoordenadas: -41.1372926 -71.2948044\nGarita: \nCartel: 1\nObservaciones: \nConexiones: (31_1:10)-(60_2:38)-","Código":"3993","Coordenadas":"-41.1372926 -71.2948044","Garita":"","Cartel":"1.0","Observaciones":"","Conexiones":"(31_1:10)-(60_2:38)-"}},
{"type":"Feature","geometry":{"type":"Point","coordinates":[-71.291477,-41.138767,0]},"properties":{"name":"Dirección de Obras y Catastro -b","description":{"@type":"html","value":"descripción: Código: 3994<br>Coordenadas: -41.1387666 -71.2914774<br>Garita: <br>Cartel: 1<br>Observaciones: <br>Conexiones: (60_2:39)-<br>Código: 3994<br>Coordenadas: -41.1387666 -71.2914774<br>Garita: <br>Cartel: 1.0<br>Observaciones: <br>Conexiones: (60_2:39)-"},"styleUrl":"#icon-1739-E65100","icon-scale":1,"icon":"images/icon-1.png","descripción":"Código: 3994\nCoordenadas: -41.1387666 -71.2914774\nGarita: \nCartel: 1\nObservaciones: \nConexiones: (60_2:39)-","Código":"3994","Coordenadas":"-41.1387666 -71.2914774","Garita":"","Cartel":"1.0","Observaciones":"","Conexiones":"(60_2:39)-"}},
{"type":"Feature","geometry":{"type":"Point","coordinates":[-71.288801,-41.139918,0]},"properties":{"name":"9 de Julio y Triscornia -a","description":{"@type":"html","value":"descripción: Código: 3995<br>Coordenadas: -41.1399179 -71.288801<br>Garita: <br>Cartel: 1<br>Observaciones: <br>Conexiones: (60_2:40)-<br>Código: 3995<br>Coordenadas: -41.1399179 -71.288801<br>Garita: <br>Cartel: 1.0<br>Observaciones: <br>Conexiones: (60_2:40)-"},"styleUrl":"#icon-1739-E65100","icon-scale":1,"icon":"images/icon-1.png","descripción":"Código: 3995\nCoordenadas: -41.1399179 -71.288801\nGarita: \nCartel: 1\nObservaciones: \nConexiones: (60_2:40)-","Código":"3995","Coordenadas":"-41.1399179 -71.288801","Garita":"","Cartel":"1.0","Observaciones":"","Conexiones":"(60_2:40)-"}},
{"type":"Feature","geometry":{"type":"Point","coordinates":[-71.288779,-41.142007,0]},"properties":{"name":"9 de Julio y Anasagasti -a","description":{"@type":"html","value":"descripción: Código: 3996<br>Coordenadas: -41.1420067 -71.2887793<br>Garita: <br>Cartel: 1<br>Observaciones: <br>Conexiones: (60_2:41)-<br>Código: 3996<br>Coordenadas: -41.1420067 -71.2887793<br>Garita: <br>Cartel: 1.0<br>Observaciones: <br>Conexiones: (60_2:41)-"},"styleUrl":"#icon-1739-E65100","icon-scale":1,"icon":"images/icon-1.png","descripción":"Código: 3996\nCoordenadas: -41.1420067 -71.2887793\nGarita: \nCartel: 1\nObservaciones: \nConexiones: (60_2:41)-","Código":"3996","Coordenadas":"-41.1420067 -71.2887793","Garita":"","Cartel":"1.0","Observaciones":"","Conexiones":"(60_2:41)-"}},
{"type":"Feature","geometry":{"type":"Point","coordinates":[-71.288794,-41.144238,0]},"properties":{"name":"9 de Julio y 25 de Mayo -a","description":{"@type":"html","value":"descripción: Código: 3997<br>Coordenadas: -41.1442381 -71.2887937<br>Garita: <br>Cartel: <br>Observaciones: <br>Conexiones: (60_2:42)-<br>Código: 3997<br>Coordenadas: -41.1442381 -71.2887937<br>Garita: <br>Cartel: <br>Observaciones: <br>Conexiones: (60_2:42)-"},"styleUrl":"#icon-1739-E65100","icon-scale":1,"icon":"images/icon-1.png","descripción":"Código: 3997\nCoordenadas: -41.1442381 -71.2887937\nGarita: \nCartel: \nObservaciones: \nConexiones: (60_2:42)-","Código":"3997","Coordenadas":"-41.1442381 -71.2887937","Garita":"","Cartel":"","Observaciones":"","Conexiones":"(60_2:42)-"}},
{"type":"Feature","geometry":{"type":"Point","coordinates":[-71.288796,-41.146758,0]},"properties":{"name":"9 de Julio y Neuquén -a","description":{"@type":"html","value":"descripción: Código: 3998<br>Coordenadas: -41.1467576 -71.2887956<br>Garita: <br>Cartel: <br>Observaciones: <br>Conexiones: (60_2:43)-<br>Código: 3998<br>Coordenadas: -41.1467576 -71.2887956<br>Garita: <br>Cartel: <br>Observaciones: <br>Conexiones: (60_2:43)-"},"styleUrl":"#icon-1739-E65100","icon-scale":1,"icon":"images/icon-1.png","descripción":"Código: 3998\nCoordenadas: -41.1467576 -71.2887956\nGarita: \nCartel: \nObservaciones: \nConexiones: (60_2:43)-","Código":"3998","Coordenadas":"-41.1467576 -71.2887956","Garita":"","Cartel":"","Observaciones":"","Conexiones":"(60_2:43)-"}},
{"type":"Feature","geometry":{"type":"Point","coordinates":[-71.288793,-41.149602,0]},"properties":{"name":"9 de Julio y Almte. Brown -a","description":{"@type":"html","value":"descripción: Código: 3999<br>Coordenadas: -41.1496015 -71.2887926<br>Garita: <br>Cartel: <br>Observaciones: <br>Conexiones: (60_2:44)-<br>Código: 3999<br>Coordenadas: -41.1496015 -71.2887926<br>Garita: <br>Cartel: <br>Observaciones: <br>Conexiones: (60_2:44)-"},"styleUrl":"#icon-1739-E65100","icon-scale":1,"icon":"images/icon-1.png","descripción":"Código: 3999\nCoordenadas: -41.1496015 -71.2887926\nGarita: \nCartel: \nObservaciones: \nConexiones: (60_2:44)-","Código":"3999","Coordenadas":"-41.1496015 -71.2887926","Garita":"","Cartel":"","Observaciones":"","Conexiones":"(60_2:44)-"}},
{"type":"Feature","geometry":{"type":"Point","coordinates":[-71.306619,-41.157258,0]},"properties":{"name":"Enrique Hermite y Beschtedt","description":{"@type":"html","value":"descripción: Código: 4002<br>Coordenadas: -41.1572576 -71.3066186<br>Garita: <br>Cartel: <br>Observaciones: <br>Conexiones: (31_2:10)-(60_1:6)-<br>Código: 4002<br>Coordenadas: -41.1572576 -71.3066186<br>Garita: <br>Cartel: <br>Observaciones: <br>Conexiones: (31_2:10)-(60_1:6)-"},"styleUrl":"#icon-1739-E65100","icon-scale":1,"icon":"images/icon-1.png","descripción":"Código: 4002\nCoordenadas: -41.1572576 -71.3066186\nGarita: \nCartel: \nObservaciones: \nConexiones: (31_2:10)-(60_1:6)-","Código":"4002","Coordenadas":"-41.1572576 -71.3066186","Garita":"","Cartel":"","Observaciones":"","Conexiones":"(31_2:10)-(60_1:6)-"}},
{"type":"Feature","geometry":{"type":"Point","coordinates":[-71.305702,-41.159194,0]},"properties":{"name":"Lengas y Frey -b","description":{"@type":"html","value":"descripción: Código: 4004<br>Coordenadas: -41.1591938 -71.3057024<br>Garita: 1<br>Cartel: <br>Observaciones: <br>Conexiones: (60_1:2)-<br>Código: 4004<br>Coordenadas: -41.1591938 -71.3057024<br>Garita: 1.0<br>Cartel: <br>Observaciones: <br>Conexiones: (60_1:2)-"},"styleUrl":"#icon-1739-E65100","icon-scale":1,"icon":"images/icon-1.png","descripción":"Código: 4004\nCoordenadas: -41.1591938 -71.3057024\nGarita: 1\nCartel: \nObservaciones: \nConexiones: (60_1:2)-","Código":"4004","Coordenadas":"-41.1591938 -71.3057024","Garita":"1.0","Cartel":"","Observaciones":"","Conexiones":"(60_1:2)-"}},
{"type":"Feature","geometry":{"type":"Point","coordinates":[-71.301717,-41.159628,0]},"properties":{"name":"Lengas y Onelli","description":{"@type":"html","value":"descripción: Código: 4006<br>Coordenadas: -41.1596283 -71.3017167<br>Garita: <br>Cartel: <br>Observaciones: <br>Conexiones: (60_1:3)-<br>Código: 4006<br>Coordenadas: -41.1596283 -71.3017167<br>Garita: <br>Cartel: <br>Observaciones: <br>Conexiones: (60_1:3)-"},"styleUrl":"#icon-1739-E65100","icon-scale":1,"icon":"images/icon-1.png","descripción":"Código: 4006\nCoordenadas: -41.1596283 -71.3017167\nGarita: \nCartel: \nObservaciones: \nConexiones: (60_1:3)-","Código":"4006","Coordenadas":"-41.1596283 -71.3017167","Garita":"","Cartel":"","Observaciones":"","Conexiones":"(60_1:3)-"}},
{"type":"Feature","geometry":{"type":"Point","coordinates":[-71.304115,-41.157483,0]},"properties":{"name":"Cementerio Municipal -a","description":{"@type":"html","value":"descripción: Código: 4009<br>Coordenadas: -41.1574834 -71.3041151<br>Garita: 1<br>Cartel: <br>Observaciones: <br>Conexiones: (31_2:9)-(60_1:5)-<br>Código: 4009<br>Coordenadas: -41.1574834 -71.3041151<br>Garita: 1.0<br>Cartel: <br>Observaciones: <br>Conexiones: (31_2:9)-(60_1:5)-"},"styleUrl":"#icon-1739-E65100","icon-scale":1,"icon":"images/icon-1.png","descripción":"Código: 4009\nCoordenadas: -41.1574834 -71.3041151\nGarita: 1\nCartel: \nObservaciones: \nConexiones: (31_2:9)-(60_1:5)-","Código":"4009","Coordenadas":"-41.1574834 -71.3041151","Garita":"1.0","Cartel":"","Observaciones":"","Conexiones":"(31_2:9)-(60_1:5)-"}},
{"type":"Feature","geometry":{"type":"Point","coordinates":[-71.306013,-41.153713,0]},"properties":{"name":"Beschtedt - Levalle -b","description":{"@type":"html","value":"descripción: Código: 4010<br>Coordenadas: -41.1537131 -71.306013<br>Garita: 1<br>Cartel: <br>Observaciones: <br>Conexiones: (31_2:13)-(84_2:21)-<br>Código: 4010<br>Coordenadas: -41.1537131 -71.306013<br>Garita: 1.0<br>Cartel: <br>Observaciones: <br>Conexiones: (31_2:13)-(84_2:21)-"},"styleUrl":"#icon-1739-E65100","icon-scale":1,"icon":"images/icon-1.png","descripción":"Código: 4010\nCoordenadas: -41.1537131 -71.306013\nGarita: 1\nCartel: \nObservaciones: \nConexiones: (31_2:13)-(84_2:21)-","Código":"4010","Coordenadas":"-41.1537131 -71.306013","Garita":"1.0","Cartel":"","Observaciones":"","Conexiones":"(31_2:13)-(84_2:21)-"}},
{"type":"Feature","geometry":{"type":"Point","coordinates":[-71.303412,-41.15281,0]},"properties":{"name":"La Paz y O'Connor -a","description":{"@type":"html","value":"descripción: Código: 4011<br>Coordenadas: -41.1528103 -71.3034121<br>Garita: <br>Cartel: <br>Observaciones: <br>Conexiones: (31_2:14)-<br>Código: 4011<br>Coordenadas: -41.1528103 -71.3034121<br>Garita: <br>Cartel: <br>Observaciones: <br>Conexiones: (31_2:14)-"},"styleUrl":"#icon-1739-E65100","icon-scale":1,"icon":"images/icon-1.png","descripción":"Código: 4011\nCoordenadas: -41.1528103 -71.3034121\nGarita: \nCartel: \nObservaciones: \nConexiones: (31_2:14)-","Código":"4011","Coordenadas":"-41.1528103 -71.3034121","Garita":"","Cartel":"","Observaciones":"","Conexiones":"(31_2:14)-"}},
{"type":"Feature","geometry":{"type":"Point","coordinates":[-71.302837,-41.151311,0]},"properties":{"name":"O'Connor y 2 de Agosto","description":{"@type":"html","value":"descripción: Código: 4012<br>Coordenadas: -41.1513112 -71.3028368<br>Garita: <br>Cartel: <br>Observaciones: <br>Conexiones: (31_2:15)-<br>Código: 4012<br>Coordenadas: -41.1513112 -71.3028368<br>Garita: <br>Cartel: <br>Observaciones: <br>Conexiones: (31_2:15)-"},"styleUrl":"#icon-1739-E65100","icon-scale":1,"icon":"images/icon-1.png","descripción":"Código: 4012\nCoordenadas: -41.1513112 -71.3028368\nGarita: \nCartel: \nObservaciones: \nConexiones: (31_2:15)-","Código":"4012","Coordenadas":"-41.1513112 -71.3028368","Garita":"","Cartel":"","Observaciones":"","Conexiones":"(31_2:15)-"}},
{"type":"Feature","geometry":{"type":"Point","coordinates":[-71.300274,-41.151444,0]},"properties":{"name":"2 de Agosto y Onelli","description":{"@type":"html","value":"descripción: Código: 4013<br>Coordenadas: -41.151444 -71.3002738<br>Garita: <br>Cartel: <br>Observaciones: <br>Conexiones: (31_2:16)-<br>Código: 4013<br>Coordenadas: -41.151444 -71.3002738<br>Garita: <br>Cartel: <br>Observaciones: <br>Conexiones: (31_2:16)-"},"styleUrl":"#icon-1739-E65100","icon-scale":1,"icon":"images/icon-1.png","descripción":"Código: 4013\nCoordenadas: -41.151444 -71.3002738\nGarita: \nCartel: \nObservaciones: \nConexiones: (31_2:16)-","Código":"4013","Coordenadas":"-41.151444 -71.3002738","Garita":"","Cartel":"","Observaciones":"","Conexiones":"(31_2:16)-"}},
{"type":"Feature","geometry":{"type":"Point","coordinates":[-71.298325,-41.151639,0]},"properties":{"name":"2 de Agosto y Elordi -b","description":{"@type":"html","value":"descripción: Código: 4014<br>Coordenadas: -41.1516394 -71.2983249<br>Garita: <br>Cartel: <br>Observaciones: <br>Conexiones: (31_2:17)-<br>Código: 4014<br>Coordenadas: -41.1516394 -71.2983249<br>Garita: <br>Cartel: <br>Observaciones: <br>Conexiones: (31_2:17)-"},"styleUrl":"#icon-1739-E65100","icon-scale":1,"icon":"images/icon-1.png","descripción":"Código: 4014\nCoordenadas: -41.1516394 -71.2983249\nGarita: \nCartel: \nObservaciones: \nConexiones: (31_2:17)-","Código":"4014","Coordenadas":"-41.1516394 -71.2983249","Garita":"","Cartel":"","Observaciones":"","Conexiones":"(31_2:17)-"}},
{"type":"Feature","geometry":{"type":"Point","coordinates":[-71.295988,-41.151896,0]},"properties":{"name":"2 de Agosto y Sarmiento -b","description":{"@type":"html","value":"descripción: Código: 4015<br>Coordenadas: -41.1518963 -71.2959877<br>Garita: <br>Cartel: <br>Observaciones: <br>Conexiones: (31_2:18)-<br>Código: 4015<br>Coordenadas: -41.1518963 -71.2959877<br>Garita: <br>Cartel: <br>Observaciones: <br>Conexiones: (31_2:18)-"},"styleUrl":"#icon-1739-E65100","icon-scale":1,"icon":"images/icon-1.png","descripción":"Código: 4015\nCoordenadas: -41.1518963 -71.2959877\nGarita: \nCartel: \nObservaciones: \nConexiones: (31_2:18)-","Código":"4015","Coordenadas":"-41.1518963 -71.2959877","Garita":"","Cartel":"","Observaciones":"","Conexiones":"(31_2:18)-"}},
{"type":"Feature","geometry":{"type":"Point","coordinates":[-71.294672,-41.152018,0]},"properties":{"name":"2 de Agosto y Rivadavia -a","description":{"@type":"html","value":"descripción: Código: 4016<br>Coordenadas: -41.1520182 -71.2946715<br>Garita: <br>Cartel: <br>Observaciones: <br>Conexiones: (31_2:19)-<br>Código: 4016<br>Coordenadas: -41.1520182 -71.2946715<br>Garita: <br>Cartel: <br>Observaciones: <br>Conexiones: (31_2:19)-"},"styleUrl":"#icon-1739-E65100","icon-scale":1,"icon":"images/icon-1.png","descripción":"Código: 4016\nCoordenadas: -41.1520182 -71.2946715\nGarita: \nCartel: \nObservaciones: \nConexiones: (31_2:19)-","Código":"4016","Coordenadas":"-41.1520182 -71.2946715","Garita":"","Cartel":"","Observaciones":"","Conexiones":"(31_2:19)-"}},
{"type":"Feature","geometry":{"type":"Point","coordinates":[-71.293653,-41.150538,0]},"properties":{"name":"Padre Mascardi y Rivadavia -b","description":{"@type":"html","value":"descripción: Código: 4017<br>Coordenadas: -41.1505377 -71.2936532<br>Garita: 1<br>Cartel: <br>Observaciones: <br>Conexiones: (31_2:20)-<br>Código: 4017<br>Coordenadas: -41.1505377 -71.2936532<br>Garita: 1.0<br>Cartel: <br>Observaciones: <br>Conexiones: (31_2:20)-"},"styleUrl":"#icon-1739-E65100","icon-scale":1,"icon":"images/icon-1.png","descripción":"Código: 4017\nCoordenadas: -41.1505377 -71.2936532\nGarita: 1\nCartel: \nObservaciones: \nConexiones: (31_2:20)-","Código":"4017","Coordenadas":"-41.1505377 -71.2936532","Garita":"1.0","Cartel":"","Observaciones":"","Conexiones":"(31_2:20)-"}},
{"type":"Feature","geometry":{"type":"Point","coordinates":[-71.29147,-41.15077,0]},"properties":{"name":"Padre Mascardi y Padre Genghini -b","description":{"@type":"html","value":"descripción: Código: 4018<br>Coordenadas: -41.1507705 -71.2914701<br>Garita: <br>Cartel: <br>Observaciones: <br>Conexiones: (31_2:21)-<br>Código: 4018<br>Coordenadas: -41.1507705 -71.2914701<br>Garita: <br>Cartel: <br>Observaciones: <br>Conexiones: (31_2:21)-"},"styleUrl":"#icon-1739-E65100","icon-scale":1,"icon":"images/icon-1.png","descripción":"Código: 4018\nCoordenadas: -41.1507705 -71.2914701\nGarita: \nCartel: \nObservaciones: \nConexiones: (31_2:21)-","Código":"4018","Coordenadas":"-41.1507705 -71.2914701","Garita":"","Cartel":"","Observaciones":"","Conexiones":"(31_2:21)-"}},
{"type":"Feature","geometry":{"type":"Point","coordinates":[-71.29088,-41.149311,0]},"properties":{"name":"Padre Genghini y Alte. Brown","description":{"@type":"html","value":"descripción: Código: 4019<br>Coordenadas: -41.149311 -71.29088<br>Garita: 1<br>Cartel: <br>Observaciones: <br>Conexiones: (31_2:22)-<br>Código: 4019<br>Coordenadas: -41.149311 -71.29088<br>Garita: 1.0<br>Cartel: <br>Observaciones: <br>Conexiones: (31_2:22)-"},"styleUrl":"#icon-1739-E65100","icon-scale":1,"icon":"images/icon-1.png","descripción":"Código: 4019\nCoordenadas: -41.149311 -71.29088\nGarita: 1\nCartel: \nObservaciones: \nConexiones: (31_2:22)-","Código":"4019","Coordenadas":"-41.149311 -71.29088","Garita":"1.0","Cartel":"","Observaciones":"","Conexiones":"(31_2:22)-"}},
{"type":"Feature","geometry":{"type":"Point","coordinates":[-71.293057,-41.148819,0]},"properties":{"name":"Almte. Brown y Roque Sáenz Peña -a","description":{"@type":"html","value":"descripción: Código: 4020<br>Coordenadas: -41.1488194 -71.2930571<br>Garita: <br>Cartel: 1<br>Observaciones: <br>Conexiones: (31_2:23)-<br>Código: 4020<br>Coordenadas: -41.1488194 -71.2930571<br>Garita: <br>Cartel: 1.0<br>Observaciones: <br>Conexiones: (31_2:23)-"},"styleUrl":"#icon-1739-E65100","icon-scale":1,"icon":"images/icon-1.png","descripción":"Código: 4020\nCoordenadas: -41.1488194 -71.2930571\nGarita: \nCartel: 1\nObservaciones: \nConexiones: (31_2:23)-","Código":"4020","Coordenadas":"-41.1488194 -71.2930571","Garita":"","Cartel":"1.0","Observaciones":"","Conexiones":"(31_2:23)-"}},
{"type":"Feature","geometry":{"type":"Point","coordinates":[-71.293418,-41.147321,0]},"properties":{"name":"Rivadavia y Vilcapugio -b","description":{"@type":"html","value":"descripción: Código: 4021<br>Coordenadas: -41.147321 -71.293418<br>Garita: <br>Cartel: 1<br>Observaciones: <br>Conexiones: (31_2:24)-<br>Código: 4021<br>Coordenadas: -41.147321 -71.293418<br>Garita: <br>Cartel: 1.0<br>Observaciones: <br>Conexiones: (31_2:24)-"},"styleUrl":"#icon-1739-E65100","icon-scale":1,"icon":"images/icon-1.png","descripción":"Código: 4021\nCoordenadas: -41.147321 -71.293418\nGarita: \nCartel: 1\nObservaciones: \nConexiones: (31_2:24)-","Código":"4021","Coordenadas":"-41.147321 -71.293418","Garita":"","Cartel":"1.0","Observaciones":"","Conexiones":"(31_2:24)-"}},
{"type":"Feature","geometry":{"type":"Point","coordinates":[-71.293151,-41.145842,0]},"properties":{"name":"Rivadavia y Chubut -b","description":{"@type":"html","value":"descripción: Código: 4022<br>Coordenadas: -41.1458416 -71.2931508<br>Garita: <br>Cartel: 1<br>Observaciones: <br>Conexiones: (31_2:25)-<br>Código: 4022<br>Coordenadas: -41.1458416 -71.2931508<br>Garita: <br>Cartel: 1.0<br>Observaciones: <br>Conexiones: (31_2:25)-"},"styleUrl":"#icon-1739-E65100","icon-scale":1,"icon":"images/icon-1.png","descripción":"Código: 4022\nCoordenadas: -41.1458416 -71.2931508\nGarita: \nCartel: 1\nObservaciones: \nConexiones: (31_2:25)-","Código":"4022","Coordenadas":"-41.1458416 -71.2931508","Garita":"","Cartel":"1.0","Observaciones":"","Conexiones":"(31_2:25)-"}},
{"type":"Feature","geometry":{"type":"Point","coordinates":[-71.292844,-41.14426,0]},"properties":{"name":"Rivadavia y 25 de Mayo -b","description":{"@type":"html","value":"descripción: Código: 4023<br>Coordenadas: -41.14426 -71.292844<br>Garita: <br>Cartel: 1<br>Observaciones: <br>Conexiones: (31_2:26)-<br>Código: 4023<br>Coordenadas: -41.14426 -71.292844<br>Garita: <br>Cartel: 1.0<br>Observaciones: <br>Conexiones: (31_2:26)-"},"styleUrl":"#icon-1739-E65100","icon-scale":1,"icon":"images/icon-1.png","descripción":"Código: 4023\nCoordenadas: -41.14426 -71.292844\nGarita: \nCartel: 1\nObservaciones: \nConexiones: (31_2:26)-","Código":"4023","Coordenadas":"-41.14426 -71.292844","Garita":"","Cartel":"1.0","Observaciones":"","Conexiones":"(31_2:26)-"}},
{"type":"Feature","geometry":{"type":"Point","coordinates":[-71.294052,-41.143045,0]},"properties":{"name":"Sarmiento y Fagnano","description":{"@type":"html","value":"descripción: Código: 4024<br>Coordenadas: -41.143045 -71.2940517<br>Garita: <br>Cartel: 1<br>Observaciones: <br>Conexiones: (31_2:27)-<br>Código: 4024<br>Coordenadas: -41.143045 -71.2940517<br>Garita: <br>Cartel: 1.0<br>Observaciones: <br>Conexiones: (31_2:27)-"},"styleUrl":"#icon-1739-E65100","icon-scale":1,"icon":"images/icon-1.png","descripción":"Código: 4024\nCoordenadas: -41.143045 -71.2940517\nGarita: \nCartel: 1\nObservaciones: \nConexiones: (31_2:27)-","Código":"4024","Coordenadas":"-41.143045 -71.2940517","Garita":"","Cartel":"1.0","Observaciones":"","Conexiones":"(31_2:27)-"}},
{"type":"Feature","geometry":{"type":"Point","coordinates":[-71.293625,-41.140855,0]},"properties":{"name":"Sarmiento y Santiago Albarracín","description":{"@type":"html","value":"descripción: Código: 4025<br>Coordenadas: -41.1408551 -71.2936246<br>Garita: <br>Cartel: 1<br>Observaciones: <br>Conexiones: (31_2:28)-<br>Código: 4025<br>Coordenadas: -41.1408551 -71.2936246<br>Garita: <br>Cartel: 1.0<br>Observaciones: <br>Conexiones: (31_2:28)-"},"styleUrl":"#icon-1739-E65100","icon-scale":1,"icon":"images/icon-1.png","descripción":"Código: 4025\nCoordenadas: -41.1408551 -71.2936246\nGarita: \nCartel: 1\nObservaciones: \nConexiones: (31_2:28)-","Código":"4025","Coordenadas":"-41.1408551 -71.2936246","Garita":"","Cartel":"1.0","Observaciones":"","Conexiones":"(31_2:28)-"}},
{"type":"Feature","geometry":{"type":"Point","coordinates":[-71.293317,-41.138851,0]},"properties":{"name":"Sarmiento y Ángel Gallardo","description":{"@type":"html","value":"descripción: Código: 4026<br>Coordenadas: -41.138851 -71.293317<br>Garita: <br>Cartel: 1<br>Observaciones: <br>Conexiones: (31_2:29)-<br>Código: 4026<br>Coordenadas: -41.138851 -71.293317<br>Garita: <br>Cartel: 1.0<br>Observaciones: <br>Conexiones: (31_2:29)-"},"styleUrl":"#icon-1739-E65100","icon-scale":1,"icon":"images/icon-1.png","descripción":"Código: 4026\nCoordenadas: -41.138851 -71.293317\nGarita: \nCartel: 1\nObservaciones: \nConexiones: (31_2:29)-","Código":"4026","Coordenadas":"-41.138851 -71.293317","Garita":"","Cartel":"1.0","Observaciones":"","Conexiones":"(31_2:29)-"}},
{"type":"Feature","geometry":{"type":"Point","coordinates":[-71.294454,-41.138273,0]},"properties":{"name":"Ángel Gallardo y Ruíz Moreno","description":{"@type":"html","value":"descripción: Código: 4027<br>Coordenadas: -41.1382732 -71.2944539<br>Garita: <br>Cartel: 1<br>Observaciones: <br>Conexiones: (31_2:30)-(60_1:26)-<br>Código: 4027<br>Coordenadas: -41.1382732 -71.2944539<br>Garita: <br>Cartel: 1.0<br>Observaciones: <br>Conexiones: (31_2:30)-(60_1:26)-"},"styleUrl":"#icon-1739-E65100","icon-scale":1,"icon":"images/icon-1.png","descripción":"Código: 4027\nCoordenadas: -41.1382732 -71.2944539\nGarita: \nCartel: 1\nObservaciones: \nConexiones: (31_2:30)-(60_1:26)-","Código":"4027","Coordenadas":"-41.1382732 -71.2944539","Garita":"","Cartel":"1.0","Observaciones":"","Conexiones":"(31_2:30)-(60_1:26)-"}},
{"type":"Feature","geometry":{"type":"Point","coordinates":[-71.29921,-41.137939,0]},"properties":{"name":"Ángel Gallardo y Otto Goedecke","description":{"@type":"html","value":"descripción: Código: 4034<br>Coordenadas: -41.1379392 -71.2992099<br>Garita: <br>Cartel: 1<br>Observaciones: <br>Conexiones: (31_1:7)-(60_2:36)-<br>Código: 4034<br>Coordenadas: -41.1379392 -71.2992099<br>Garita: <br>Cartel: 1.0<br>Observaciones: <br>Conexiones: (31_1:7)-(60_2:36)-"},"styleUrl":"#icon-1739-E65100","icon-scale":1,"icon":"images/icon-1.png","descripción":"Código: 4034\nCoordenadas: -41.1379392 -71.2992099\nGarita: \nCartel: 1\nObservaciones: \nConexiones: (31_1:7)-(60_2:36)-","Código":"4034","Coordenadas":"-41.1379392 -71.2992099","Garita":"","Cartel":"1.0","Observaciones":"","Conexiones":"(31_1:7)-(60_2:36)-"}},
{"type":"Feature","geometry":{"type":"Point","coordinates":[-71.298773,-41.137092,0]},"properties":{"name":"Otto Goedecke y Elflein","description":{"@type":"html","value":"descripción: Código: 4035<br>Coordenadas: -41.1370923 -71.2987729<br>Garita: 1<br>Cartel: <br>Observaciones: <br>Conexiones: (31_1:8)-(60_2:37)-<br>Código: 4035<br>Coordenadas: -41.1370923 -71.2987729<br>Garita: 1.0<br>Cartel: <br>Observaciones: <br>Conexiones: (31_1:8)-(60_2:37)-"},"styleUrl":"#icon-1739-E65100","icon-scale":1,"icon":"images/icon-1.png","descripción":"Código: 4035\nCoordenadas: -41.1370923 -71.2987729\nGarita: 1\nCartel: \nObservaciones: \nConexiones: (31_1:8)-(60_2:37)-","Código":"4035","Coordenadas":"-41.1370923 -71.2987729","Garita":"1.0","Cartel":"","Observaciones":"","Conexiones":"(31_1:8)-(60_2:37)-"}},
{"type":"Feature","geometry":{"type":"Point","coordinates":[-71.29221,-41.139589,0]},"properties":{"name":"Rivadavia y Tiscornia","description":{"@type":"html","value":"descripción: Código: 4037<br>Coordenadas: -41.1395892 -71.2922101<br>Garita: <br>Cartel: 1<br>Observaciones: <br>Conexiones: (31_1:11)-<br>Código: 4037<br>Coordenadas: -41.1395892 -71.2922101<br>Garita: <br>Cartel: 1.0<br>Observaciones: <br>Conexiones: (31_1:11)-"},"styleUrl":"#icon-1739-E65100","icon-scale":1,"icon":"images/icon-1.png","descripción":"Código: 4037\nCoordenadas: -41.1395892 -71.2922101\nGarita: \nCartel: 1\nObservaciones: \nConexiones: (31_1:11)-","Código":"4037","Coordenadas":"-41.1395892 -71.2922101","Garita":"","Cartel":"1.0","Observaciones":"","Conexiones":"(31_1:11)-"}},
{"type":"Feature","geometry":{"type":"Point","coordinates":[-71.292595,-41.141714,0]},"properties":{"name":"Rivadavia y Anasagasti","description":{"@type":"html","value":"descripción: Código: 4038<br>Coordenadas: -41.1417138 -71.2925947<br>Garita: <br>Cartel: 1<br>Observaciones: <br>Conexiones: (31_1:12)-<br>Código: 4038<br>Coordenadas: -41.1417138 -71.2925947<br>Garita: <br>Cartel: 1.0<br>Observaciones: <br>Conexiones: (31_1:12)-"},"styleUrl":"#icon-1739-E65100","icon-scale":1,"icon":"images/icon-1.png","descripción":"Código: 4038\nCoordenadas: -41.1417138 -71.2925947\nGarita: \nCartel: 1\nObservaciones: \nConexiones: (31_1:12)-","Código":"4038","Coordenadas":"-41.1417138 -71.2925947","Garita":"","Cartel":"1.0","Observaciones":"","Conexiones":"(31_1:12)-"}},
{"type":"Feature","geometry":{"type":"Point","coordinates":[-71.293028,-41.144193,0]},"properties":{"name":"Rivadavia y 25 de Mayo -a","description":{"@type":"html","value":"descripción: Código: 4039<br>Coordenadas: -41.1441929 -71.2930282<br>Garita: <br>Cartel: 1<br>Observaciones: <br>Conexiones: (31_1:13)-<br>Código: 4039<br>Coordenadas: -41.1441929 -71.2930282<br>Garita: <br>Cartel: 1.0<br>Observaciones: <br>Conexiones: (31_1:13)-"},"styleUrl":"#icon-1739-E65100","icon-scale":1,"icon":"images/icon-1.png","descripción":"Código: 4039\nCoordenadas: -41.1441929 -71.2930282\nGarita: \nCartel: 1\nObservaciones: \nConexiones: (31_1:13)-","Código":"4039","Coordenadas":"-41.1441929 -71.2930282","Garita":"","Cartel":"1.0","Observaciones":"","Conexiones":"(31_1:13)-"}},
{"type":"Feature","geometry":{"type":"Point","coordinates":[-71.293283,-41.145468,0]},"properties":{"name":"Rivadavia y Chubut -a","description":{"@type":"html","value":"descripción: Código: 4040<br>Coordenadas: -41.1454682 -71.2932829<br>Garita: <br>Cartel: <br>Observaciones: <br>Conexiones: (31_1:14)-<br>Código: 4040<br>Coordenadas: -41.1454682 -71.2932829<br>Garita: <br>Cartel: <br>Observaciones: <br>Conexiones: (31_1:14)-"},"styleUrl":"#icon-1739-E65100","icon-scale":1,"icon":"images/icon-1.png","descripción":"Código: 4040\nCoordenadas: -41.1454682 -71.2932829\nGarita: \nCartel: \nObservaciones: \nConexiones: (31_1:14)-","Código":"4040","Coordenadas":"-41.1454682 -71.2932829","Garita":"","Cartel":"","Observaciones":"","Conexiones":"(31_1:14)-"}},
{"type":"Feature","geometry":{"type":"Point","coordinates":[-71.29359,-41.146971,0]},"properties":{"name":"Rivadavia y Vilcapugio -a","description":{"@type":"html","value":"descripción: Código: 4041<br>Coordenadas: -41.146971 -71.2935898<br>Garita: <br>Cartel: 1<br>Observaciones: <br>Conexiones: (31_1:15)-<br>Código: 4041<br>Coordenadas: -41.146971 -71.2935898<br>Garita: <br>Cartel: 1.0<br>Observaciones: <br>Conexiones: (31_1:15)-"},"styleUrl":"#icon-1739-E65100","icon-scale":1,"icon":"images/icon-1.png","descripción":"Código: 4041\nCoordenadas: -41.146971 -71.2935898\nGarita: \nCartel: 1\nObservaciones: \nConexiones: (31_1:15)-","Código":"4041","Coordenadas":"-41.146971 -71.2935898","Garita":"","Cartel":"1.0","Observaciones":"","Conexiones":"(31_1:15)-"}},
{"type":"Feature","geometry":{"type":"Point","coordinates":[-71.293093,-41.148949,0]},"properties":{"name":"Almte. Brown y Roque Sáenz Peña -b","description":{"@type":"html","value":"descripción: Código: 4042<br>Coordenadas: -41.1489491 -71.2930928<br>Garita: <br>Cartel: 1<br>Observaciones: <br>Conexiones: (31_1:16)-<br>Código: 4042<br>Coordenadas: -41.1489491 -71.2930928<br>Garita: <br>Cartel: 1.0<br>Observaciones: <br>Conexiones: (31_1:16)-"},"styleUrl":"#icon-1739-E65100","icon-scale":1,"icon":"images/icon-1.png","descripción":"Código: 4042\nCoordenadas: -41.1489491 -71.2930928\nGarita: \nCartel: 1\nObservaciones: \nConexiones: (31_1:16)-","Código":"4042","Coordenadas":"-41.1489491 -71.2930928","Garita":"","Cartel":"1.0","Observaciones":"","Conexiones":"(31_1:16)-"}},
{"type":"Feature","geometry":{"type":"Point","coordinates":[-71.291294,-41.149133,0]},"properties":{"name":"Alte. Brown y Padre Genghini ","description":{"@type":"html","value":"descripción: Código: 4043<br>Coordenadas: -41.149133 -71.2912936<br>Garita: <br>Cartel: 1<br>Observaciones: <br>Conexiones: (31_1:17)-<br>Código: 4043<br>Coordenadas: -41.149133 -71.2912936<br>Garita: <br>Cartel: 1.0<br>Observaciones: <br>Conexiones: (31_1:17)-"},"styleUrl":"#icon-1739-E65100","icon-scale":1,"icon":"images/icon-1.png","descripción":"Código: 4043\nCoordenadas: -41.149133 -71.2912936\nGarita: \nCartel: 1\nObservaciones: \nConexiones: (31_1:17)-","Código":"4043","Coordenadas":"-41.149133 -71.2912936","Garita":"","Cartel":"1.0","Observaciones":"","Conexiones":"(31_1:17)-"}},
{"type":"Feature","geometry":{"type":"Point","coordinates":[-71.291491,-41.150617,0]},"properties":{"name":"Padre Mascardi y Padre Genghini -a","description":{"@type":"html","value":"descripción: Código: 4044<br>Coordenadas: -41.1506173 -71.2914909<br>Garita: <br>Cartel: <br>Observaciones: <br>Conexiones: (31_1:18)-<br>Código: 4044<br>Coordenadas: -41.1506173 -71.2914909<br>Garita: <br>Cartel: <br>Observaciones: <br>Conexiones: (31_1:18)-"},"styleUrl":"#icon-1739-E65100","icon-scale":1,"icon":"images/icon-1.png","descripción":"Código: 4044\nCoordenadas: -41.1506173 -71.2914909\nGarita: \nCartel: \nObservaciones: \nConexiones: (31_1:18)-","Código":"4044","Coordenadas":"-41.1506173 -71.2914909","Garita":"","Cartel":"","Observaciones":"","Conexiones":"(31_1:18)-"}},
{"type":"Feature","geometry":{"type":"Point","coordinates":[-71.293854,-41.150382,0]},"properties":{"name":"Padre Mascardi y Rivadavia -a","description":{"@type":"html","value":"descripción: Código: 4045<br>Coordenadas: -41.1503824 -71.2938537<br>Garita: <br>Cartel: 1<br>Observaciones: <br>Conexiones: (31_1:19)-<br>Código: 4045<br>Coordenadas: -41.1503824 -71.2938537<br>Garita: <br>Cartel: 1.0<br>Observaciones: <br>Conexiones: (31_1:19)-"},"styleUrl":"#icon-1739-E65100","icon-scale":1,"icon":"images/icon-1.png","descripción":"Código: 4045\nCoordenadas: -41.1503824 -71.2938537\nGarita: \nCartel: 1\nObservaciones: \nConexiones: (31_1:19)-","Código":"4045","Coordenadas":"-41.1503824 -71.2938537","Garita":"","Cartel":"1.0","Observaciones":"","Conexiones":"(31_1:19)-"}},
{"type":"Feature","geometry":{"type":"Point","coordinates":[-71.294929,-41.15185,0]},"properties":{"name":"2 de Agosto y Rivadavia -a","description":{"@type":"html","value":"descripción: Código: 4046<br>Coordenadas: -41.15185 -71.2949287<br>Garita: <br>Cartel: 1<br>Observaciones: <br>Conexiones: (31_1:20)-<br>Código: 4046<br>Coordenadas: -41.15185 -71.2949287<br>Garita: <br>Cartel: 1.0<br>Observaciones: <br>Conexiones: (31_1:20)-"},"styleUrl":"#icon-1739-E65100","icon-scale":1,"icon":"images/icon-1.png","descripción":"Código: 4046\nCoordenadas: -41.15185 -71.2949287\nGarita: \nCartel: 1\nObservaciones: \nConexiones: (31_1:20)-","Código":"4046","Coordenadas":"-41.15185 -71.2949287","Garita":"","Cartel":"1.0","Observaciones":"","Conexiones":"(31_1:20)-"}},
{"type":"Feature","geometry":{"type":"Point","coordinates":[-71.295968,-41.151749,0]},"properties":{"name":"2 de Agosto y Sarmiento -a","description":{"@type":"html","value":"descripción: Código: 4047<br>Coordenadas: -41.1517493 -71.2959683<br>Garita: <br>Cartel: <br>Observaciones: <br>Conexiones: (31_1:21)-<br>Código: 4047<br>Coordenadas: -41.1517493 -71.2959683<br>Garita: <br>Cartel: <br>Observaciones: <br>Conexiones: (31_1:21)-"},"styleUrl":"#icon-1739-E65100","icon-scale":1,"icon":"images/icon-1.png","descripción":"Código: 4047\nCoordenadas: -41.1517493 -71.2959683\nGarita: \nCartel: \nObservaciones: \nConexiones: (31_1:21)-","Código":"4047","Coordenadas":"-41.1517493 -71.2959683","Garita":"","Cartel":"","Observaciones":"","Conexiones":"(31_1:21)-"}},
{"type":"Feature","geometry":{"type":"Point","coordinates":[-71.298123,-41.151546,0]},"properties":{"name":"2 de Agosto y Elordi -a","description":{"@type":"html","value":"descripción: Código: 4048<br>Coordenadas: -41.1515458 -71.2981229<br>Garita: <br>Cartel: 1<br>Observaciones: <br>Conexiones: (31_1:22)-<br>Código: 4048<br>Coordenadas: -41.1515458 -71.2981229<br>Garita: <br>Cartel: 1.0<br>Observaciones: <br>Conexiones: (31_1:22)-"},"styleUrl":"#icon-1739-E65100","icon-scale":1,"icon":"images/icon-1.png","descripción":"Código: 4048\nCoordenadas: -41.1515458 -71.2981229\nGarita: \nCartel: 1\nObservaciones: \nConexiones: (31_1:22)-","Código":"4048","Coordenadas":"-41.1515458 -71.2981229","Garita":"","Cartel":"1.0","Observaciones":"","Conexiones":"(31_1:22)-"}},
{"type":"Feature","geometry":{"type":"Point","coordinates":[-71.302615,-41.151085,0]},"properties":{"name":"2 de Agosto y O'Connor","description":{"@type":"html","value":"descripción: Código: 4050<br>Coordenadas: -41.1510846 -71.3026152<br>Garita: <br>Cartel: <br>Observaciones: <br>Conexiones: (31_1:23)-<br>Código: 4050<br>Coordenadas: -41.1510846 -71.3026152<br>Garita: <br>Cartel: <br>Observaciones: <br>Conexiones: (31_1:23)-"},"styleUrl":"#icon-1739-E65100","icon-scale":1,"icon":"images/icon-1.png","descripción":"Código: 4050\nCoordenadas: -41.1510846 -71.3026152\nGarita: \nCartel: \nObservaciones: \nConexiones: (31_1:23)-","Código":"4050","Coordenadas":"-41.1510846 -71.3026152","Garita":"","Cartel":"","Observaciones":"","Conexiones":"(31_1:23)-"}},
{"type":"Feature","geometry":{"type":"Point","coordinates":[-71.304055,-41.152565,0]},"properties":{"name":"La Paz y O'Connor -a","description":{"@type":"html","value":"descripción: Código: 4051<br>Coordenadas: -41.1525653 -71.3040549<br>Garita: 1<br>Cartel: <br>Observaciones: <br>Conexiones: (31_1:24)-(71/81_A1:23)-(71/81_B1:39)-(71/81_C1:39)-(80_1:18)-(81_A1:16)-(81_B1:16)-(84_1:16)-<br>Código: 4051<br>Coordenadas: -41.1525653 -71.3040549<br>Garita: 1.0<br>Cartel: <br>Observaciones: <br>Conexiones: (31_1:24)-(71/81_A1:23)-(71/81_B1:39)-(71/81_C1:39)-(80_1:18)-(81_A1:16)-(81_B1:16)-(84_1:16)-"},"styleUrl":"#icon-1739-E65100","icon-scale":1,"icon":"images/icon-1.png","descripción":"Código: 4051\nCoordenadas: -41.1525653 -71.3040549\nGarita: 1\nCartel: \nObservaciones: \nConexiones: (31_1:24)-(71/81_A1:23)-(71/81_B1:39)-(71/81_C1:39)-(80_1:18)-(81_A1:16)-(81_B1:16)-(84_1:16)-","Código":"4051","Coordenadas":"-41.1525653 -71.3040549","Garita":"1.0","Cartel":"","Observaciones":"","Conexiones":"(31_1:24)-(71/81_A1:23)-(71/81_B1:39)-(71/81_C1:39)-(80_1:18)-(81_A1:16)-(81_B1:16)-(84_1:16)-"}},
{"type":"Feature","geometry":{"type":"Point","coordinates":[-71.306229,-41.152396,0]},"properties":{"name":"La Paz y Beschtedt -a","description":{"@type":"html","value":"descripción: Código: 4052<br>Coordenadas: -41.1523959 -71.3062289<br>Garita: <br>Cartel: <br>Observaciones: <br>Conexiones: (71/81_A1:24)-(71/81_B1:40)-(71/81_C1:40)-(80_1:19)-(81_A1:17)-(81_B1:17)-(84_1:17)-<br>Código: 4052<br>Coordenadas: -41.1523959 -71.3062289<br>Garita: <br>Cartel: <br>Observaciones: <br>Conexiones: (71/81_A1:24)-(71/81_B1:40)-(71/81_C1:40)-(80_1:19)-(81_A1:17)-(81_B1:17)-(84_1:17)-"},"styleUrl":"#icon-1739-E65100","icon-scale":1,"icon":"images/icon-1.png","descripción":"Código: 4052\nCoordenadas: -41.1523959 -71.3062289\nGarita: \nCartel: \nObservaciones: \nConexiones: (71/81_A1:24)-(71/81_B1:40)-(71/81_C1:40)-(80_1:19)-(81_A1:17)-(81_B1:17)-(84_1:17)-","Código":"4052","Coordenadas":"-41.1523959 -71.3062289","Garita":"","Cartel":"","Observaciones":"","Conexiones":"(71/81_A1:24)-(71/81_B1:40)-(71/81_C1:40)-(80_1:19)-(81_A1:17)-(81_B1:17)-(84_1:17)-"}},
{"type":"Feature","geometry":{"type":"Point","coordinates":[-71.306354,-41.153608,0]},"properties":{"name":"Beschtedt - Levalle -a","description":{"@type":"html","value":"descripción: Código: 4053<br>Coordenadas: -41.1536077 -71.3063537<br>Garita: <br>Cartel: <br>Observaciones: <br>Conexiones: (31_1:25)-(84_1:18)-<br>Código: 4053<br>Coordenadas: -41.1536077 -71.3063537<br>Garita: <br>Cartel: <br>Observaciones: <br>Conexiones: (31_1:25)-(84_1:18)-"},"styleUrl":"#icon-1739-E65100","icon-scale":1,"icon":"images/icon-1.png","descripción":"Código: 4053\nCoordenadas: -41.1536077 -71.3063537\nGarita: \nCartel: \nObservaciones: \nConexiones: (31_1:25)-(84_1:18)-","Código":"4053","Coordenadas":"-41.1536077 -71.3063537","Garita":"","Cartel":"","Observaciones":"","Conexiones":"(31_1:25)-(84_1:18)-"}},
{"type":"Feature","geometry":{"type":"Point","coordinates":[-71.30659,-41.154923,0]},"properties":{"name":"Beschtedt y Pablo Mange","description":{"@type":"html","value":"descripción: Código: 4054<br>Coordenadas: -41.154923 -71.3065903<br>Garita: <br>Cartel: <br>Observaciones: <br>Conexiones: (31_1:26)-(84_1:19)-<br>Código: 4054<br>Coordenadas: -41.154923 -71.3065903<br>Garita: <br>Cartel: <br>Observaciones: <br>Conexiones: (31_1:26)-(84_1:19)-"},"styleUrl":"#icon-1739-E65100","icon-scale":1,"icon":"images/icon-1.png","descripción":"Código: 4054\nCoordenadas: -41.154923 -71.3065903\nGarita: \nCartel: \nObservaciones: \nConexiones: (31_1:26)-(84_1:19)-","Código":"4054","Coordenadas":"-41.154923 -71.3065903","Garita":"","Cartel":"","Observaciones":"","Conexiones":"(31_1:26)-(84_1:19)-"}},
{"type":"Feature","geometry":{"type":"Point","coordinates":[-71.306969,-41.157012,0]},"properties":{"name":"Beschtedt y Enrique Hermite","description":{"@type":"html","value":"descripción: Código: 4055<br>Coordenadas: -41.157012 -71.3069691<br>Garita: <br>Cartel: <br>Observaciones: <br>Conexiones: (31_1:27)-<br>Código: 4055<br>Coordenadas: -41.157012 -71.3069691<br>Garita: <br>Cartel: <br>Observaciones: <br>Conexiones: (31_1:27)-"},"styleUrl":"#icon-1739-E65100","icon-scale":1,"icon":"images/icon-1.png","descripción":"Código: 4055\nCoordenadas: -41.157012 -71.3069691\nGarita: \nCartel: \nObservaciones: \nConexiones: (31_1:27)-","Código":"4055","Coordenadas":"-41.157012 -71.3069691","Garita":"","Cartel":"","Observaciones":"","Conexiones":"(31_1:27)-"}},
{"type":"Feature","geometry":{"type":"Point","coordinates":[-71.301404,-41.158519,0]},"properties":{"name":"Onelli y Los Cipreses","description":{"@type":"html","value":"descripción: Código: 4057<br>Coordenadas: -41.1585189 -71.3014036<br>Garita: <br>Cartel: <br>Observaciones: <br>Conexiones: (60_2:52)-<br>Código: 4057<br>Coordenadas: -41.1585189 -71.3014036<br>Garita: <br>Cartel: <br>Observaciones: <br>Conexiones: (60_2:52)-"},"styleUrl":"#icon-1739-E65100","icon-scale":1,"icon":"images/icon-1.png","descripción":"Código: 4057\nCoordenadas: -41.1585189 -71.3014036\nGarita: \nCartel: \nObservaciones: \nConexiones: (60_2:52)-","Código":"4057","Coordenadas":"-41.1585189 -71.3014036","Garita":"","Cartel":"","Observaciones":"","Conexiones":"(60_2:52)-"}},
{"type":"Feature","geometry":{"type":"Point","coordinates":[-71.295937,-41.137441,0]},"properties":{"name":"Elordi y Elflein","description":{"@type":"html","value":"descripción: Código: 4101<br>Coordenadas: -41.1374407 -71.2959374<br>Garita: <br>Cartel: <br>Observaciones: <br>Conexiones: (31_2:31)-(40_2:34)-(41_2:42)-(50_A1:13)-(50_B1:13)-(50_C1:13)-(51_1:14)-(60_1:27)-(61_A2:35)-(61_B2:37)-(61_C2:18)-<br>Código: 4101<br>Coordenadas: -41.1374407 -71.2959374<br>Garita: <br>Cartel: <br>Observaciones: <br>Conexiones: (31_2:31)-(40_2:34)-(41_2:42)-(50_A1:13)-(50_B1:13)-(50_C1:13)-(51_1:14)-(60_1:27)-(61_A2:35)-(61_B2:37)-(61_C2:18)-"},"styleUrl":"#icon-1739-E65100","icon-scale":1,"icon":"images/icon-1.png","descripción":"Código: 4101\nCoordenadas: -41.1374407 -71.2959374\nGarita: \nCartel: \nObservaciones: \nConexiones: (31_2:31)-(40_2:34)-(41_2:42)-(50_A1:13)-(50_B1:13)-(50_C1:13)-(51_1:14)-(60_1:27)-(61_A2:35)-(61_B2:37)-(61_C2:18)-","Código":"4101","Coordenadas":"-41.1374407 -71.2959374","Garita":"","Cartel":"","Observaciones":"","Conexiones":"(31_2:31)-(40_2:34)-(41_2:42)-(50_A1:13)-(50_B1:13)-(50_C1:13)-(51_1:14)-(60_1:27)-(61_A2:35)-(61_B2:37)-(61_C2:18)-"}},
{"type":"Feature","geometry":{"type":"Point","coordinates":[-71.300522,-41.155793,0]},"properties":{"name":"Guillermo Oses y Onelli -b","description":{"@type":"html","value":"descripción: Código: 4102<br>Coordenadas: -41.1557929 -71.3005221<br>Garita: <br>Cartel: <br>Observaciones: <br>Conexiones: (31_1:30)-<br>Código: 4102<br>Coordenadas: -41.1557929 -71.3005221<br>Garita: <br>Cartel: <br>Observaciones: <br>Conexiones: (31_1:30)-"},"styleUrl":"#icon-1739-E65100","icon-scale":1,"icon":"images/icon-1.png","descripción":"Código: 4102\nCoordenadas: -41.1557929 -71.3005221\nGarita: \nCartel: \nObservaciones: \nConexiones: (31_1:30)-","Código":"4102","Coordenadas":"-41.1557929 -71.3005221","Garita":"","Cartel":"","Observaciones":"","Conexiones":"(31_1:30)-"}},
{"type":"Feature","geometry":{"type":"Point","coordinates":[-71.298299,-41.156012,0]},"properties":{"name":"Guillermo Oses y Ruíz Moreno -b","description":{"@type":"html","value":"descripción: Código: 4103<br>Coordenadas: -41.1560119 -71.2982991<br>Garita: <br>Cartel: <br>Observaciones: <br>Conexiones: (31_1:31)-<br>Código: 4103<br>Coordenadas: -41.1560119 -71.2982991<br>Garita: <br>Cartel: <br>Observaciones: <br>Conexiones: (31_1:31)-"},"styleUrl":"#icon-1739-E65100","icon-scale":1,"icon":"images/icon-1.png","descripción":"Código: 4103\nCoordenadas: -41.1560119 -71.2982991\nGarita: \nCartel: \nObservaciones: \nConexiones: (31_1:31)-","Código":"4103","Coordenadas":"-41.1560119 -71.2982991","Garita":"","Cartel":"","Observaciones":"","Conexiones":"(31_1:31)-"}},
{"type":"Feature","geometry":{"type":"Point","coordinates":[-71.295612,-41.155805,0]},"properties":{"name":"Sgto. Primero Guillermo Oses y Rivadavia","description":{"@type":"html","value":"descripción: Código: 4104<br>Coordenadas: -41.1558054 -71.2956118<br>Garita: <br>Cartel: <br>Observaciones: <br>Conexiones: (31_1:32)-<br>Código: 4104<br>Coordenadas: -41.1558054 -71.2956118<br>Garita: <br>Cartel: <br>Observaciones: <br>Conexiones: (31_1:32)-"},"styleUrl":"#icon-1739-E65100","icon-scale":1,"icon":"images/icon-1.png","descripción":"Código: 4104\nCoordenadas: -41.1558054 -71.2956118\nGarita: \nCartel: \nObservaciones: \nConexiones: (31_1:32)-","Código":"4104","Coordenadas":"-41.1558054 -71.2956118","Garita":"","Cartel":"","Observaciones":"","Conexiones":"(31_1:32)-"}},
{"type":"Feature","geometry":{"type":"Point","coordinates":[-71.297096,-41.159668,0]},"properties":{"name":"Rivadavia - Adeful -a","description":{"@type":"html","value":"descripción: Código: 4105<br>Coordenadas: -41.1596683 -71.2970958<br>Garita: <br>Cartel: <br>Observaciones: <br>Conexiones: (31_1:33)-<br>Código: 4105<br>Coordenadas: -41.1596683 -71.2970958<br>Garita: <br>Cartel: <br>Observaciones: <br>Conexiones: (31_1:33)-"},"styleUrl":"#icon-1739-E65100","icon-scale":1,"icon":"images/icon-1.png","descripción":"Código: 4105\nCoordenadas: -41.1596683 -71.2970958\nGarita: \nCartel: \nObservaciones: \nConexiones: (31_1:33)-","Código":"4105","Coordenadas":"-41.1596683 -71.2970958","Garita":"","Cartel":"","Observaciones":"","Conexiones":"(31_1:33)-"}},
{"type":"Feature","geometry":{"type":"Point","coordinates":[-71.296499,-41.160568,0]},"properties":{"name":"Ingreso B° Vivero -b","description":{"@type":"html","value":"descripción: Código: 4106<br>Coordenadas: -41.1605675 -71.296499<br>Garita: <br>Cartel: <br>Observaciones: <br>Conexiones: (31_2:4)-<br>Código: 4106<br>Coordenadas: -41.1605675 -71.296499<br>Garita: <br>Cartel: <br>Observaciones: <br>Conexiones: (31_2:4)-"},"styleUrl":"#icon-1739-E65100","icon-scale":1,"icon":"images/icon-1.png","descripción":"Código: 4106\nCoordenadas: -41.1605675 -71.296499\nGarita: \nCartel: \nObservaciones: \nConexiones: (31_2:4)-","Código":"4106","Coordenadas":"-41.1605675 -71.296499","Garita":"","Cartel":"","Observaciones":"","Conexiones":"(31_2:4)-"}},
{"type":"Feature","geometry":{"type":"Point","coordinates":[-71.297016,-41.161642,0]},"properties":{"name":"Rivadavia y Robles Pellin -a","description":{"@type":"html","value":"descripción: Código: 4107<br>Coordenadas: -41.1616423 -71.2970165<br>Garita: <br>Cartel: 1<br>Observaciones: <br>Conexiones: (31_1:35)-<br>Código: 4107<br>Coordenadas: -41.1616423 -71.2970165<br>Garita: <br>Cartel: 1.0<br>Observaciones: <br>Conexiones: (31_1:35)-"},"styleUrl":"#icon-1739-E65100","icon-scale":1,"icon":"images/icon-1.png","descripción":"Código: 4107\nCoordenadas: -41.1616423 -71.2970165\nGarita: \nCartel: 1\nObservaciones: \nConexiones: (31_1:35)-","Código":"4107","Coordenadas":"-41.1616423 -71.2970165","Garita":"","Cartel":"1.0","Observaciones":"","Conexiones":"(31_1:35)-"}},
{"type":"Feature","geometry":{"type":"Point","coordinates":[-71.299924,-41.163684,0]},"properties":{"name":"Rivadavia B° Vivero -a","description":{"@type":"html","value":"descripción: Código: 4108<br>Coordenadas: -41.1636839 -71.2999236<br>Garita: <br>Cartel: <br>Observaciones: <br>Conexiones: (31_1:36)-<br>Código: 4108<br>Coordenadas: -41.1636839 -71.2999236<br>Garita: <br>Cartel: <br>Observaciones: <br>Conexiones: (31_1:36)-"},"styleUrl":"#icon-1739-E65100","icon-scale":1,"icon":"images/icon-1.png","descripción":"Código: 4108\nCoordenadas: -41.1636839 -71.2999236\nGarita: \nCartel: \nObservaciones: \nConexiones: (31_1:36)-","Código":"4108","Coordenadas":"-41.1636839 -71.2999236","Garita":"","Cartel":"","Observaciones":"","Conexiones":"(31_1:36)-"}},
{"type":"Feature","geometry":{"type":"Point","coordinates":[-71.301096,-41.164652,0]},"properties":{"name":"Esc. Municipal Cailen -a ","description":{"@type":"html","value":"descripción: Código: 4109<br>Coordenadas: -41.164652 -71.3010964<br>Garita: <br>Cartel: <br>Observaciones: <br>Conexiones: (31_1:37)-<br>Código: 4109<br>Coordenadas: -41.164652 -71.3010964<br>Garita: <br>Cartel: <br>Observaciones: <br>Conexiones: (31_1:37)-"},"styleUrl":"#icon-1739-E65100","icon-scale":1,"icon":"images/icon-1.png","descripción":"Código: 4109\nCoordenadas: -41.164652 -71.3010964\nGarita: \nCartel: \nObservaciones: \nConexiones: (31_1:37)-","Código":"4109","Coordenadas":"-41.164652 -71.3010964","Garita":"","Cartel":"","Observaciones":"","Conexiones":"(31_1:37)-"}},
{"type":"Feature","geometry":{"type":"Point","coordinates":[-71.30084,-41.164695,0]},"properties":{"name":"Esc. Municipal Cailen -b","description":{"@type":"html","value":"descripción: Código: 4201<br>Coordenadas: -41.1646953 -71.3008404<br>Garita: <br>Cartel: <br>Observaciones: <br>Conexiones: (31_2:1)-<br>Código: 4201<br>Coordenadas: -41.1646953 -71.3008404<br>Garita: <br>Cartel: <br>Observaciones: <br>Conexiones: (31_2:1)-"},"styleUrl":"#icon-1739-E65100","icon-scale":1,"icon":"images/icon-1.png","descripción":"Código: 4201\nCoordenadas: -41.1646953 -71.3008404\nGarita: \nCartel: \nObservaciones: \nConexiones: (31_2:1)-","Código":"4201","Coordenadas":"-41.1646953 -71.3008404","Garita":"","Cartel":"","Observaciones":"","Conexiones":"(31_2:1)-"}},
{"type":"Feature","geometry":{"type":"Point","coordinates":[-71.299778,-41.163844,0]},"properties":{"name":"Rivadavia B° Vivero -b","description":{"@type":"html","value":"descripción: Código: 4202<br>Coordenadas: -41.1638437 -71.2997775<br>Garita: <br>Cartel: <br>Observaciones: <br>Conexiones: (31_2:2)-<br>Código: 4202<br>Coordenadas: -41.1638437 -71.2997775<br>Garita: <br>Cartel: <br>Observaciones: <br>Conexiones: (31_2:2)-"},"styleUrl":"#icon-1739-E65100","icon-scale":1,"icon":"images/icon-1.png","descripción":"Código: 4202\nCoordenadas: -41.1638437 -71.2997775\nGarita: \nCartel: \nObservaciones: \nConexiones: (31_2:2)-","Código":"4202","Coordenadas":"-41.1638437 -71.2997775","Garita":"","Cartel":"","Observaciones":"","Conexiones":"(31_2:2)-"}},
{"type":"Feature","geometry":{"type":"Point","coordinates":[-71.297067,-41.162118,0]},"properties":{"name":"Rivadavia y Robles Pellin -b","description":{"@type":"html","value":"descripción: Código: 4203<br>Coordenadas: -41.1621178 -71.2970667<br>Garita: <br>Cartel: 1<br>Observaciones: <br>Conexiones: (31_2:3)-<br>Código: 4203<br>Coordenadas: -41.1621178 -71.2970667<br>Garita: <br>Cartel: 1.0<br>Observaciones: <br>Conexiones: (31_2:3)-"},"styleUrl":"#icon-1739-E65100","icon-scale":1,"icon":"images/icon-1.png","descripción":"Código: 4203\nCoordenadas: -41.1621178 -71.2970667\nGarita: \nCartel: 1\nObservaciones: \nConexiones: (31_2:3)-","Código":"4203","Coordenadas":"-41.1621178 -71.2970667","Garita":"","Cartel":"1.0","Observaciones":"","Conexiones":"(31_2:3)-"}},
{"type":"Feature","geometry":{"type":"Point","coordinates":[-71.29676,-41.16052,0]},"properties":{"name":"Ingreso B° Vivero -a","description":{"@type":"html","value":"descripción: Código: 4204<br>Coordenadas: -41.1605196 -71.2967595<br>Garita: <br>Cartel: <br>Observaciones: <br>Conexiones: (31_1:34)-<br>Código: 4204<br>Coordenadas: -41.1605196 -71.2967595<br>Garita: <br>Cartel: <br>Observaciones: <br>Conexiones: (31_1:34)-"},"styleUrl":"#icon-1739-E65100","icon-scale":1,"icon":"images/icon-1.png","descripción":"Código: 4204\nCoordenadas: -41.1605196 -71.2967595\nGarita: \nCartel: \nObservaciones: \nConexiones: (31_1:34)-","Código":"4204","Coordenadas":"-41.1605196 -71.2967595","Garita":"","Cartel":"","Observaciones":"","Conexiones":"(31_1:34)-"}},
{"type":"Feature","geometry":{"type":"Point","coordinates":[-71.296939,-41.159631,0]},"properties":{"name":"Rivadavia - Adeful -b","description":{"@type":"html","value":"descripción: Código: 4205<br>Coordenadas: -41.1596313 -71.2969392<br>Garita: <br>Cartel: <br>Observaciones: <br>Conexiones: (31_2:5)-<br>Código: 4205<br>Coordenadas: -41.1596313 -71.2969392<br>Garita: <br>Cartel: <br>Observaciones: <br>Conexiones: (31_2:5)-"},"styleUrl":"#icon-1739-E65100","icon-scale":1,"icon":"images/icon-1.png","descripción":"Código: 4205\nCoordenadas: -41.1596313 -71.2969392\nGarita: \nCartel: \nObservaciones: \nConexiones: (31_2:5)-","Código":"4205","Coordenadas":"-41.1596313 -71.2969392","Garita":"","Cartel":"","Observaciones":"","Conexiones":"(31_2:5)-"}},
{"type":"Feature","geometry":{"type":"Point","coordinates":[-71.294971,-41.155931,0]},"properties":{"name":"Rivadavia y Sgto. Primero Guillermo Oses","description":{"@type":"html","value":"descripción: Código: 4206<br>Coordenadas: -41.1559308 -71.2949708<br>Garita: <br>Cartel: <br>Observaciones: <br>Conexiones: (31_2:6)-<br>Código: 4206<br>Coordenadas: -41.1559308 -71.2949708<br>Garita: <br>Cartel: <br>Observaciones: <br>Conexiones: (31_2:6)-"},"styleUrl":"#icon-1739-E65100","icon-scale":1,"icon":"images/icon-1.png","descripción":"Código: 4206\nCoordenadas: -41.1559308 -71.2949708\nGarita: \nCartel: \nObservaciones: \nConexiones: (31_2:6)-","Código":"4206","Coordenadas":"-41.1559308 -71.2949708","Garita":"","Cartel":"","Observaciones":"","Conexiones":"(31_2:6)-"}},
{"type":"Feature","geometry":{"type":"Point","coordinates":[-71.297687,-41.155915,0]},"properties":{"name":"Guillermo Oses y Ruíz Moreno -a","description":{"@type":"html","value":"descripción: Código: 4207<br>Coordenadas: -41.1559146 -71.2976871<br>Garita: <br>Cartel: <br>Observaciones: <br>Conexiones: (31_2:7)-<br>Código: 4207<br>Coordenadas: -41.1559146 -71.2976871<br>Garita: <br>Cartel: <br>Observaciones: <br>Conexiones: (31_2:7)-"},"styleUrl":"#icon-1739-E65100","icon-scale":1,"icon":"images/icon-1.png","descripción":"Código: 4207\nCoordenadas: -41.1559146 -71.2976871\nGarita: \nCartel: \nObservaciones: \nConexiones: (31_2:7)-","Código":"4207","Coordenadas":"-41.1559146 -71.2976871","Garita":"","Cartel":"","Observaciones":"","Conexiones":"(31_2:7)-"}},
{"type":"Feature","geometry":{"type":"Point","coordinates":[-71.300589,-41.155691,0]},"properties":{"name":"Guillermo Oses y Onelli -a","description":{"@type":"html","value":"descripción: Código: 4208<br>Coordenadas: -41.1556912 -71.3005889<br>Garita: <br>Cartel: <br>Observaciones: <br>Conexiones: (31_2:8)-<br>Código: 4208<br>Coordenadas: -41.1556912 -71.3005889<br>Garita: <br>Cartel: <br>Observaciones: <br>Conexiones: (31_2:8)-"},"styleUrl":"#icon-1739-E65100","icon-scale":1,"icon":"images/icon-1.png","descripción":"Código: 4208\nCoordenadas: -41.1556912 -71.3005889\nGarita: \nCartel: \nObservaciones: \nConexiones: (31_2:8)-","Código":"4208","Coordenadas":"-41.1556912 -71.3005889","Garita":"","Cartel":"","Observaciones":"","Conexiones":"(31_2:8)-"}},
{"type":"Feature","geometry":{"type":"Point","coordinates":[-71.31617,-41.144933,0]},"properties":{"name":"Universidad Nacional del Comahue -b","description":{"@type":"html","value":"descripción: Código: 4301<br>Coordenadas: -41.1449334 -71.3161696<br>Garita: <br>Cartel: <br>Observaciones: <br>Conexiones: (70_2:33)-<br>Código: 4301<br>Coordenadas: -41.1449334 -71.3161696<br>Garita: <br>Cartel: <br>Observaciones: <br>Conexiones: (70_2:33)-"},"styleUrl":"#icon-1739-E65100","icon-scale":1,"icon":"images/icon-1.png","descripción":"Código: 4301\nCoordenadas: -41.1449334 -71.3161696\nGarita: \nCartel: \nObservaciones: \nConexiones: (70_2:33)-","Código":"4301","Coordenadas":"-41.1449334 -71.3161696","Garita":"","Cartel":"","Observaciones":"","Conexiones":"(70_2:33)-"}},
{"type":"Feature","geometry":{"type":"Point","coordinates":[-71.317796,-41.145797,0]},"properties":{"name":"Av. Jardín Botánico y O'Higgins -a","description":{"@type":"html","value":"descripción: Código: 4302<br>Coordenadas: -41.1457971 -71.3177958<br>Garita: <br>Cartel: <br>Observaciones: <br>Conexiones: (70_1:2)-<br>Código: 4302<br>Coordenadas: -41.1457971 -71.3177958<br>Garita: <br>Cartel: <br>Observaciones: <br>Conexiones: (70_1:2)-"},"styleUrl":"#icon-1739-E65100","icon-scale":1,"icon":"images/icon-1.png","descripción":"Código: 4302\nCoordenadas: -41.1457971 -71.3177958\nGarita: \nCartel: \nObservaciones: \nConexiones: (70_1:2)-","Código":"4302","Coordenadas":"-41.1457971 -71.3177958","Garita":"","Cartel":"","Observaciones":"","Conexiones":"(70_1:2)-"}},
{"type":"Feature","geometry":{"type":"Point","coordinates":[-71.319765,-41.14662,0]},"properties":{"name":"Av. Jardín Botánico y Los Muerdagos -a","description":{"@type":"html","value":"descripción: Código: 4304<br>Coordenadas: -41.1466203 -71.3197647<br>Garita: <br>Cartel: <br>Observaciones: <br>Conexiones: (70_1:4)-<br>Código: 4304<br>Coordenadas: -41.1466203 -71.3197647<br>Garita: <br>Cartel: <br>Observaciones: <br>Conexiones: (70_1:4)-"},"styleUrl":"#icon-1739-E65100","icon-scale":1,"icon":"images/icon-1.png","descripción":"Código: 4304\nCoordenadas: -41.1466203 -71.3197647\nGarita: \nCartel: \nObservaciones: \nConexiones: (70_1:4)-","Código":"4304","Coordenadas":"-41.1466203 -71.3197647","Garita":"","Cartel":"","Observaciones":"","Conexiones":"(70_1:4)-"}},
{"type":"Feature","geometry":{"type":"Point","coordinates":[-71.319704,-41.147938,0]},"properties":{"name":"Av. Jardín Botánico y Petunias","description":{"@type":"html","value":"descripción: Código: 4305<br>Coordenadas: -41.1479382 -71.3197036<br>Garita: <br>Cartel: <br>Observaciones: <br>Conexiones: (70_1:5)-<br>Código: 4305<br>Coordenadas: -41.1479382 -71.3197036<br>Garita: <br>Cartel: <br>Observaciones: <br>Conexiones: (70_1:5)-"},"styleUrl":"#icon-1739-E65100","icon-scale":1,"icon":"images/icon-1.png","descripción":"Código: 4305\nCoordenadas: -41.1479382 -71.3197036\nGarita: \nCartel: \nObservaciones: \nConexiones: (70_1:5)-","Código":"4305","Coordenadas":"-41.1479382 -71.3197036","Garita":"","Cartel":"","Observaciones":"","Conexiones":"(70_1:5)-"}},
{"type":"Feature","geometry":{"type":"Point","coordinates":[-71.319005,-41.149645,0]},"properties":{"name":"El Canelo y El Taique","description":{"@type":"html","value":"descripción: Código: 4306<br>Coordenadas: -41.1496454 -71.3190047<br>Garita: 1<br>Cartel: <br>Observaciones: <br>Conexiones: (70_1:6)-<br>Código: 4306<br>Coordenadas: -41.1496454 -71.3190047<br>Garita: 1.0<br>Cartel: <br>Observaciones: <br>Conexiones: (70_1:6)-"},"styleUrl":"#icon-1739-E65100","icon-scale":1,"icon":"images/icon-1.png","descripción":"Código: 4306\nCoordenadas: -41.1496454 -71.3190047\nGarita: 1\nCartel: \nObservaciones: \nConexiones: (70_1:6)-","Código":"4306","Coordenadas":"-41.1496454 -71.3190047","Garita":"1.0","Cartel":"","Observaciones":"","Conexiones":"(70_1:6)-"}},
{"type":"Feature","geometry":{"type":"Point","coordinates":[-71.318012,-41.150795,0]},"properties":{"name":"El Canelo y Esmeralda","description":{"@type":"html","value":"descripción: Código: 4307<br>Coordenadas: -41.1507948 -71.3180116<br>Garita: <br>Cartel: <br>Observaciones: <br>Conexiones: (70_1:7)-<br>Código: 4307<br>Coordenadas: -41.1507948 -71.3180116<br>Garita: <br>Cartel: <br>Observaciones: <br>Conexiones: (70_1:7)-"},"styleUrl":"#icon-1739-E65100","icon-scale":1,"icon":"images/icon-1.png","descripción":"Código: 4307\nCoordenadas: -41.1507948 -71.3180116\nGarita: \nCartel: \nObservaciones: \nConexiones: (70_1:7)-","Código":"4307","Coordenadas":"-41.1507948 -71.3180116","Garita":"","Cartel":"","Observaciones":"","Conexiones":"(70_1:7)-"}},
{"type":"Feature","geometry":{"type":"Point","coordinates":[-71.316874,-41.150008,0]},"properties":{"name":"Tronador y Lanín","description":{"@type":"html","value":"descripción: Código: 4308<br>Coordenadas: -41.1500076 -71.3168738<br>Garita: 1<br>Cartel: <br>Observaciones: <br>Conexiones: (70_1:8)-<br>Código: 4308<br>Coordenadas: -41.1500076 -71.3168738<br>Garita: 1.0<br>Cartel: <br>Observaciones: <br>Conexiones: (70_1:8)-"},"styleUrl":"#icon-1739-E65100","icon-scale":1,"icon":"images/icon-1.png","descripción":"Código: 4308\nCoordenadas: -41.1500076 -71.3168738\nGarita: 1\nCartel: \nObservaciones: \nConexiones: (70_1:8)-","Código":"4308","Coordenadas":"-41.1500076 -71.3168738","Garita":"1.0","Cartel":"","Observaciones":"","Conexiones":"(70_1:8)-"}},
{"type":"Feature","geometry":{"type":"Point","coordinates":[-71.315559,-41.150426,0]},"properties":{"name":"Lanín y O'Higgins -b","description":{"@type":"html","value":"descripción: Código: 4309<br>Coordenadas: -41.1504257 -71.3155587<br>Garita: 1<br>Cartel: <br>Observaciones: <br>Conexiones: (70_1:9)-<br>Código: 4309<br>Coordenadas: -41.1504257 -71.3155587<br>Garita: 1.0<br>Cartel: <br>Observaciones: <br>Conexiones: (70_1:9)-"},"styleUrl":"#icon-1739-E65100","icon-scale":1,"icon":"images/icon-1.png","descripción":"Código: 4309\nCoordenadas: -41.1504257 -71.3155587\nGarita: 1\nCartel: \nObservaciones: \nConexiones: (70_1:9)-","Código":"4309","Coordenadas":"-41.1504257 -71.3155587","Garita":"1.0","Cartel":"","Observaciones":"","Conexiones":"(70_1:9)-"}},
{"type":"Feature","geometry":{"type":"Point","coordinates":[-71.311416,-41.14976,0]},"properties":{"name":"Diag. Gutiérrez y Quaglia -b","description":{"@type":"html","value":"descripción: Código: 4310<br>Coordenadas: -41.1497604 -71.3114155<br>Garita: 1<br>Cartel: <br>Observaciones: <br>Conexiones: (70_1:10)-(82_1:9)-<br>Código: 4310<br>Coordenadas: -41.1497604 -71.3114155<br>Garita: 1.0<br>Cartel: <br>Observaciones: <br>Conexiones: (70_1:10)-(82_1:9)-"},"styleUrl":"#icon-1739-E65100","icon-scale":1,"icon":"images/icon-1.png","descripción":"Código: 4310\nCoordenadas: -41.1497604 -71.3114155\nGarita: 1\nCartel: \nObservaciones: \nConexiones: (70_1:10)-(82_1:9)-","Código":"4310","Coordenadas":"-41.1497604 -71.3114155","Garita":"1.0","Cartel":"","Observaciones":"","Conexiones":"(70_1:10)-(82_1:9)-"}},
{"type":"Feature","geometry":{"type":"Point","coordinates":[-71.309931,-41.149356,0]},"properties":{"name":"Centro Municipal N°4 -b","description":{"@type":"html","value":"descripción: Código: 4311<br>Coordenadas: -41.1493555 -71.3099307<br>Garita: 1<br>Cartel: <br>Observaciones: <br>Conexiones: (70_1:11)-(82_1:10)-<br>Código: 4311<br>Coordenadas: -41.1493555 -71.3099307<br>Garita: 1.0<br>Cartel: <br>Observaciones: <br>Conexiones: (70_1:11)-(82_1:10)-"},"styleUrl":"#icon-1739-E65100","icon-scale":1,"icon":"images/icon-1.png","descripción":"Código: 4311\nCoordenadas: -41.1493555 -71.3099307\nGarita: 1\nCartel: \nObservaciones: \nConexiones: (70_1:11)-(82_1:10)-","Código":"4311","Coordenadas":"-41.1493555 -71.3099307","Garita":"1.0","Cartel":"","Observaciones":"","Conexiones":"(70_1:11)-(82_1:10)-"}},
{"type":"Feature","geometry":{"type":"Point","coordinates":[-71.30693,-41.148459,0]},"properties":{"name":"Diag. Gutiérrez y Palacios","description":{"@type":"html","value":"descripción: Código: 4312<br>Coordenadas: -41.1484591 -71.3069305<br>Garita: 1<br>Cartel: <br>Observaciones: <br>Conexiones: (70_1:12)-(82_1:11)-<br>Código: 4312<br>Coordenadas: -41.1484591 -71.3069305<br>Garita: 1.0<br>Cartel: <br>Observaciones: <br>Conexiones: (70_1:12)-(82_1:11)-"},"styleUrl":"#icon-1739-E65100","icon-scale":1,"icon":"images/icon-1.png","descripción":"Código: 4312\nCoordenadas: -41.1484591 -71.3069305\nGarita: 1\nCartel: \nObservaciones: \nConexiones: (70_1:12)-(82_1:11)-","Código":"4312","Coordenadas":"-41.1484591 -71.3069305","Garita":"1.0","Cartel":"","Observaciones":"","Conexiones":"(70_1:12)-(82_1:11)-"}},
{"type":"Feature","geometry":{"type":"Point","coordinates":[-71.307604,-41.145862,0]},"properties":{"name":"Rolando y Vilcapugio -b","description":{"@type":"html","value":"descripción: Código: 4314<br>Coordenadas: -41.1458618 -71.3076035<br>Garita: <br>Cartel: <br>Observaciones: <br>Conexiones: (70_1:14)-(82_1:13)-<br>Código: 4314<br>Coordenadas: -41.1458618 -71.3076035<br>Garita: <br>Cartel: <br>Observaciones: <br>Conexiones: (70_1:14)-(82_1:13)-"},"styleUrl":"#icon-1739-E65100","icon-scale":1,"icon":"images/icon-1.png","descripción":"Código: 4314\nCoordenadas: -41.1458618 -71.3076035\nGarita: \nCartel: \nObservaciones: \nConexiones: (70_1:14)-(82_1:13)-","Código":"4314","Coordenadas":"-41.1458618 -71.3076035","Garita":"","Cartel":"","Observaciones":"","Conexiones":"(70_1:14)-(82_1:13)-"}},
{"type":"Feature","geometry":{"type":"Point","coordinates":[-71.30916,-41.145494,0]},"properties":{"name":"Vilcapugio y Villegas","description":{"@type":"html","value":"descripción: Código: 4315<br>Coordenadas: -41.1454943 -71.3091595<br>Garita: <br>Cartel: <br>Observaciones: <br>Conexiones: (70_1:15)-<br>Código: 4315<br>Coordenadas: -41.1454943 -71.3091595<br>Garita: <br>Cartel: <br>Observaciones: <br>Conexiones: (70_1:15)-"},"styleUrl":"#icon-1739-E65100","icon-scale":1,"icon":"images/icon-1.png","descripción":"Código: 4315\nCoordenadas: -41.1454943 -71.3091595\nGarita: \nCartel: \nObservaciones: \nConexiones: (70_1:15)-","Código":"4315","Coordenadas":"-41.1454943 -71.3091595","Garita":"","Cartel":"","Observaciones":"","Conexiones":"(70_1:15)-"}},
{"type":"Feature","geometry":{"type":"Point","coordinates":[-71.311741,-41.145183,0]},"properties":{"name":"Vilcapugio y Morales","description":{"@type":"html","value":"descripción: Código: 4316<br>Coordenadas: -41.1451833 -71.3117413<br>Garita: <br>Cartel: <br>Observaciones: <br>Conexiones: (70_1:16)-<br>Código: 4316<br>Coordenadas: -41.1451833 -71.3117413<br>Garita: <br>Cartel: <br>Observaciones: <br>Conexiones: (70_1:16)-"},"styleUrl":"#icon-1739-E65100","icon-scale":1,"icon":"images/icon-1.png","descripción":"Código: 4316\nCoordenadas: -41.1451833 -71.3117413\nGarita: \nCartel: \nObservaciones: \nConexiones: (70_1:16)-","Código":"4316","Coordenadas":"-41.1451833 -71.3117413","Garita":"","Cartel":"","Observaciones":"","Conexiones":"(70_1:16)-"}},
{"type":"Feature","geometry":{"type":"Point","coordinates":[-71.312666,-41.145131,0]},"properties":{"name":"Vilcapugio y Ayohuma","description":{"@type":"html","value":"descripción: Código: 4317<br>Coordenadas: -41.1451308 -71.3126662<br>Garita: <br>Cartel: 1<br>Observaciones: <br>Conexiones: (70_1:17)-<br>Código: 4317<br>Coordenadas: -41.1451308 -71.3126662<br>Garita: <br>Cartel: 1.0<br>Observaciones: <br>Conexiones: (70_1:17)-"},"styleUrl":"#icon-1739-E65100","icon-scale":1,"icon":"images/icon-1.png","descripción":"Código: 4317\nCoordenadas: -41.1451308 -71.3126662\nGarita: \nCartel: 1\nObservaciones: \nConexiones: (70_1:17)-","Código":"4317","Coordenadas":"-41.1451308 -71.3126662","Garita":"","Cartel":"1.0","Observaciones":"","Conexiones":"(70_1:17)-"}},
{"type":"Feature","geometry":{"type":"Point","coordinates":[-71.313112,-41.14105,0]},"properties":{"name":"Curuzú Cuatiá y Pje. Gutiérrez -b","description":{"@type":"html","value":"descripción: Código: 4318<br>Coordenadas: -41.1410505 -71.3131123<br>Garita: <br>Cartel: <br>Observaciones: <br>Conexiones: (70_1:18)-<br>Código: 4318<br>Coordenadas: -41.1410505 -71.3131123<br>Garita: <br>Cartel: <br>Observaciones: <br>Conexiones: (70_1:18)-"},"styleUrl":"#icon-1739-E65100","icon-scale":1,"icon":"images/icon-1.png","descripción":"Código: 4318\nCoordenadas: -41.1410505 -71.3131123\nGarita: \nCartel: \nObservaciones: \nConexiones: (70_1:18)-","Código":"4318","Coordenadas":"-41.1410505 -71.3131123","Garita":"","Cartel":"","Observaciones":"","Conexiones":"(70_1:18)-"}},
{"type":"Feature","geometry":{"type":"Point","coordinates":[-71.310736,-41.139839,0]},"properties":{"name":"Morales y Anasagasti -b","description":{"@type":"html","value":"descripción: Código: 4319<br>Coordenadas: -41.1398389 -71.3107356<br>Garita: <br>Cartel: <br>Observaciones: <br>Conexiones: (70_1:19)-<br>Código: 4319<br>Coordenadas: -41.1398389 -71.3107356<br>Garita: <br>Cartel: <br>Observaciones: <br>Conexiones: (70_1:19)-"},"styleUrl":"#icon-1739-E65100","icon-scale":1,"icon":"images/icon-1.png","descripción":"Código: 4319\nCoordenadas: -41.1398389 -71.3107356\nGarita: \nCartel: \nObservaciones: \nConexiones: (70_1:19)-","Código":"4319","Coordenadas":"-41.1398389 -71.3107356","Garita":"","Cartel":"","Observaciones":"","Conexiones":"(70_1:19)-"}},
{"type":"Feature","geometry":{"type":"Point","coordinates":[-71.310443,-41.137955,0]},"properties":{"name":"Morales y Tiscornia","description":{"@type":"html","value":"descripción: Código: 4320<br>Coordenadas: -41.1379548 -71.3104427<br>Garita: <br>Cartel: 1<br>Observaciones: <br>Conexiones: (70_1:20)-<br>Código: 4320<br>Coordenadas: -41.1379548 -71.3104427<br>Garita: <br>Cartel: 1.0<br>Observaciones: <br>Conexiones: (70_1:20)-"},"styleUrl":"#icon-1739-E65100","icon-scale":1,"icon":"images/icon-1.png","descripción":"Código: 4320\nCoordenadas: -41.1379548 -71.3104427\nGarita: \nCartel: 1\nObservaciones: \nConexiones: (70_1:20)-","Código":"4320","Coordenadas":"-41.1379548 -71.3104427","Garita":"","Cartel":"1.0","Observaciones":"","Conexiones":"(70_1:20)-"}},
{"type":"Feature","geometry":{"type":"Point","coordinates":[-71.308868,-41.137139,0]},"properties":{"name":"Quaglia y Ángel Gallardo","description":{"@type":"html","value":"descripción: Código: 4321<br>Coordenadas: -41.1371394 -71.3088679<br>Garita: <br>Cartel: 1<br>Observaciones: <br>Conexiones: (70_1:21)-<br>Código: 4321<br>Coordenadas: -41.1371394 -71.3088679<br>Garita: <br>Cartel: 1.0<br>Observaciones: <br>Conexiones: (70_1:21)-"},"styleUrl":"#icon-1739-E65100","icon-scale":1,"icon":"images/icon-1.png","descripción":"Código: 4321\nCoordenadas: -41.1371394 -71.3088679\nGarita: \nCartel: 1\nObservaciones: \nConexiones: (70_1:21)-","Código":"4321","Coordenadas":"-41.1371394 -71.3088679","Garita":"","Cartel":"1.0","Observaciones":"","Conexiones":"(70_1:21)-"}},
{"type":"Feature","geometry":{"type":"Point","coordinates":[-71.307298,-41.137115,0]},"properties":{"name":"Ángel Gallardo y Villegas","description":{"@type":"html","value":"descripción: Código: 4322<br>Coordenadas: -41.1371153 -71.3072979<br>Garita: <br>Cartel: 1<br>Observaciones: <br>Conexiones: (31_1:4)-(60_2:33)-<br>Código: 4322<br>Coordenadas: -41.1371153 -71.3072979<br>Garita: <br>Cartel: 1.0<br>Observaciones: <br>Conexiones: (31_1:4)-(60_2:33)-"},"styleUrl":"#icon-1739-E65100","icon-scale":1,"icon":"images/icon-1.png","descripción":"Código: 4322\nCoordenadas: -41.1371153 -71.3072979\nGarita: \nCartel: 1\nObservaciones: \nConexiones: (31_1:4)-(60_2:33)-","Código":"4322","Coordenadas":"-41.1371153 -71.3072979","Garita":"","Cartel":"1.0","Observaciones":"","Conexiones":"(31_1:4)-(60_2:33)-"}},
{"type":"Feature","geometry":{"type":"Point","coordinates":[-71.304237,-41.132688,0]},"properties":{"name":"Av. 12 de Octubre - Skatepark","description":{"@type":"html","value":"descripción: Código: 4329<br>Coordenadas: -41.1326878 -71.3042368<br>Garita: <br>Cartel: <br>Observaciones: <br>Conexiones: (60_1:31)-(61_A2:39)-(70_1:29)-(72_1:3)-<br>Código: 4329<br>Coordenadas: -41.1326878 -71.3042368<br>Garita: <br>Cartel: <br>Observaciones: <br>Conexiones: (60_1:31)-(61_A2:39)-(70_1:29)-(72_1:3)-"},"styleUrl":"#icon-1739-E65100","icon-scale":1,"icon":"images/icon-1.png","descripción":"Código: 4329\nCoordenadas: -41.1326878 -71.3042368\nGarita: \nCartel: \nObservaciones: \nConexiones: (60_1:31)-(61_A2:39)-(70_1:29)-(72_1:3)-","Código":"4329","Coordenadas":"-41.1326878 -71.3042368","Garita":"","Cartel":"","Observaciones":"","Conexiones":"(60_1:31)-(61_A2:39)-(70_1:29)-(72_1:3)-"}},
{"type":"Feature","geometry":{"type":"Point","coordinates":[-71.294074,-41.133031,0]},"properties":{"name":"Av. 12 de Octubre y Ruíz Moreno","description":{"@type":"html","value":"descripción: Código: 4333<br>Coordenadas: -41.1330311 -71.2940737<br>Garita: <br>Cartel: 1<br>Observaciones: <br>Conexiones: (60_1:35)-(61_A2:43)-(70_1:33)-(72_1:7)-<br>Código: 4333<br>Coordenadas: -41.1330311 -71.2940737<br>Garita: <br>Cartel: 1.0<br>Observaciones: <br>Conexiones: (60_1:35)-(61_A2:43)-(70_1:33)-(72_1:7)-"},"styleUrl":"#icon-1739-E65100","icon-scale":1,"icon":"images/icon-1.png","descripción":"Código: 4333\nCoordenadas: -41.1330311 -71.2940737\nGarita: \nCartel: 1\nObservaciones: \nConexiones: (60_1:35)-(61_A2:43)-(70_1:33)-(72_1:7)-","Código":"4333","Coordenadas":"-41.1330311 -71.2940737","Garita":"","Cartel":"1.0","Observaciones":"","Conexiones":"(60_1:35)-(61_A2:43)-(70_1:33)-(72_1:7)-"}},
{"type":"Feature","geometry":{"type":"Point","coordinates":[-71.291194,-41.133352,0]},"properties":{"name":"Av. 12 de Octubre y Rivadavia","description":{"@type":"html","value":"descripción: Código: 4334<br>Coordenadas: -41.1333522 -71.2911935<br>Garita: <br>Cartel: <br>Observaciones: <br>Conexiones: (60_1:36)-(61_A2:44)-(70_1:34)-(72_1:8)-<br>Código: 4334<br>Coordenadas: -41.1333522 -71.2911935<br>Garita: <br>Cartel: <br>Observaciones: <br>Conexiones: (60_1:36)-(61_A2:44)-(70_1:34)-(72_1:8)-"},"styleUrl":"#icon-1739-E65100","icon-scale":1,"icon":"images/icon-1.png","descripción":"Código: 4334\nCoordenadas: -41.1333522 -71.2911935\nGarita: \nCartel: \nObservaciones: \nConexiones: (60_1:36)-(61_A2:44)-(70_1:34)-(72_1:8)-","Código":"4334","Coordenadas":"-41.1333522 -71.2911935","Garita":"","Cartel":"","Observaciones":"","Conexiones":"(60_1:36)-(61_A2:44)-(70_1:34)-(72_1:8)-"}},
{"type":"Feature","geometry":{"type":"Point","coordinates":[-71.283251,-41.133596,0]},"properties":{"name":"Esandi y Luis Beltrán","description":{"@type":"html","value":"descripción: Código: 4337<br>Coordenadas: -41.1335963 -71.2832513<br>Garita: <br>Cartel: 1<br>Observaciones: <br>Conexiones: (70_1:36)-<br>Código: 4337<br>Coordenadas: -41.1335963 -71.2832513<br>Garita: <br>Cartel: 1.0<br>Observaciones: <br>Conexiones: (70_1:36)-"},"styleUrl":"#icon-1739-E65100","icon-scale":1,"icon":"images/icon-1.png","descripción":"Código: 4337\nCoordenadas: -41.1335963 -71.2832513\nGarita: \nCartel: 1\nObservaciones: \nConexiones: (70_1:36)-","Código":"4337","Coordenadas":"-41.1335963 -71.2832513","Garita":"","Cartel":"1.0","Observaciones":"","Conexiones":"(70_1:36)-"}},
{"type":"Feature","geometry":{"type":"Point","coordinates":[-71.280569,-41.135855,0]},"properties":{"name":"Esandi - Delegación Municipal -a","description":{"@type":"html","value":"descripción: Código: 4338<br>Coordenadas: -41.1358551 -71.2805688<br>Garita: <br>Cartel: 1<br>Observaciones: <br>Conexiones: (70_1:38)-<br>Código: 4338<br>Coordenadas: -41.1358551 -71.2805688<br>Garita: <br>Cartel: 1.0<br>Observaciones: <br>Conexiones: (70_1:38)-"},"styleUrl":"#icon-1739-E65100","icon-scale":1,"icon":"images/icon-1.png","descripción":"Código: 4338\nCoordenadas: -41.1358551 -71.2805688\nGarita: \nCartel: 1\nObservaciones: \nConexiones: (70_1:38)-","Código":"4338","Coordenadas":"-41.1358551 -71.2805688","Garita":"","Cartel":"1.0","Observaciones":"","Conexiones":"(70_1:38)-"}},
{"type":"Feature","geometry":{"type":"Point","coordinates":[-71.277791,-41.138299,0]},"properties":{"name":"Esandi y Monteverde","description":{"@type":"html","value":"descripción: Código: 4339<br>Coordenadas: -41.1382987 -71.2777911<br>Garita: <br>Cartel: <br>Observaciones: <br>Conexiones: (70_1:39)-<br>Código: 4339<br>Coordenadas: -41.1382987 -71.2777911<br>Garita: <br>Cartel: <br>Observaciones: <br>Conexiones: (70_1:39)-"},"styleUrl":"#icon-1739-E65100","icon-scale":1,"icon":"images/icon-1.png","descripción":"Código: 4339\nCoordenadas: -41.1382987 -71.2777911\nGarita: \nCartel: \nObservaciones: \nConexiones: (70_1:39)-","Código":"4339","Coordenadas":"-41.1382987 -71.2777911","Garita":"","Cartel":"","Observaciones":"","Conexiones":"(70_1:39)-"}},
{"type":"Feature","geometry":{"type":"Point","coordinates":[-71.275775,-41.139914,0]},"properties":{"name":"Esandi y Buenos Aires","description":{"@type":"html","value":"descripción: Código: 4340<br>Coordenadas: -41.1399136 -71.2757746<br>Garita: <br>Cartel: <br>Observaciones: <br>Conexiones: (70_1:40)-<br>Código: 4340<br>Coordenadas: -41.1399136 -71.2757746<br>Garita: <br>Cartel: <br>Observaciones: <br>Conexiones: (70_1:40)-"},"styleUrl":"#icon-1739-E65100","icon-scale":1,"icon":"images/icon-1.png","descripción":"Código: 4340\nCoordenadas: -41.1399136 -71.2757746\nGarita: \nCartel: \nObservaciones: \nConexiones: (70_1:40)-","Código":"4340","Coordenadas":"-41.1399136 -71.2757746","Garita":"","Cartel":"","Observaciones":"","Conexiones":"(70_1:40)-"}},
{"type":"Feature","geometry":{"type":"Point","coordinates":[-71.27603,-41.14155,0]},"properties":{"name":"Lima y Montevideo","description":{"@type":"html","value":"descripción: Código: 4341<br>Coordenadas: -41.14155 -71.27603<br>Garita: <br>Cartel: <br>Observaciones: <br>Conexiones: (60_2:18)-<br>Código: 4341<br>Coordenadas: -41.14155 -71.27603<br>Garita: <br>Cartel: <br>Observaciones: <br>Conexiones: (60_2:18)-"},"styleUrl":"#icon-1739-E65100","icon-scale":1,"icon":"images/icon-1.png","descripción":"Código: 4341\nCoordenadas: -41.14155 -71.27603\nGarita: \nCartel: \nObservaciones: \nConexiones: (60_2:18)-","Código":"4341","Coordenadas":"-41.14155 -71.27603","Garita":"","Cartel":"","Observaciones":"","Conexiones":"(60_2:18)-"}},
{"type":"Feature","geometry":{"type":"Point","coordinates":[-71.275471,-41.142269,0]},"properties":{"name":"Lima y Brasilia -a","description":{"@type":"html","value":"descripción: Código: 4342<br>Coordenadas: -41.1422693 -71.2754709<br>Garita: <br>Cartel: <br>Observaciones: <br>Conexiones: (70_1:41)-<br>Código: 4342<br>Coordenadas: -41.1422693 -71.2754709<br>Garita: <br>Cartel: <br>Observaciones: <br>Conexiones: (70_1:41)-"},"styleUrl":"#icon-1739-E65100","icon-scale":1,"icon":"images/icon-1.png","descripción":"Código: 4342\nCoordenadas: -41.1422693 -71.2754709\nGarita: \nCartel: \nObservaciones: \nConexiones: (70_1:41)-","Código":"4342","Coordenadas":"-41.1422693 -71.2754709","Garita":"","Cartel":"","Observaciones":"","Conexiones":"(70_1:41)-"}},
{"type":"Feature","geometry":{"type":"Point","coordinates":[-71.274094,-41.143426,0]},"properties":{"name":"Lima y México - Subcomisaría ","description":{"@type":"html","value":"descripción: Código: 4343<br>Coordenadas: -41.1434259 -71.2740941<br>Garita: <br>Cartel: 1<br>Observaciones: <br>Conexiones: (70_1:42)-<br>Código: 4343<br>Coordenadas: -41.1434259 -71.2740941<br>Garita: <br>Cartel: 1.0<br>Observaciones: <br>Conexiones: (70_1:42)-"},"styleUrl":"#icon-1739-E65100","icon-scale":1,"icon":"images/icon-1.png","descripción":"Código: 4343\nCoordenadas: -41.1434259 -71.2740941\nGarita: \nCartel: 1\nObservaciones: \nConexiones: (70_1:42)-","Código":"4343","Coordenadas":"-41.1434259 -71.2740941","Garita":"","Cartel":"1.0","Observaciones":"","Conexiones":"(70_1:42)-"}},
{"type":"Feature","geometry":{"type":"Point","coordinates":[-71.271603,-41.144887,0]},"properties":{"name":"Lima y Panamá","description":{"@type":"html","value":"descripción: Código: 4344<br>Coordenadas: -41.1448873 -71.2716027<br>Garita: <br>Cartel: <br>Observaciones: <br>Conexiones: (70_1:43)-<br>Código: 4344<br>Coordenadas: -41.1448873 -71.2716027<br>Garita: <br>Cartel: <br>Observaciones: <br>Conexiones: (70_1:43)-"},"styleUrl":"#icon-1739-E65100","icon-scale":1,"icon":"images/icon-1.png","descripción":"Código: 4344\nCoordenadas: -41.1448873 -71.2716027\nGarita: \nCartel: \nObservaciones: \nConexiones: (70_1:43)-","Código":"4344","Coordenadas":"-41.1448873 -71.2716027","Garita":"","Cartel":"","Observaciones":"","Conexiones":"(70_1:43)-"}},
{"type":"Feature","geometry":{"type":"Point","coordinates":[-71.27024,-41.145618,0]},"properties":{"name":"Lima y Managua","description":{"@type":"html","value":"descripción: Código: 4345<br>Coordenadas: -41.1456185 -71.2702397<br>Garita: <br>Cartel: 1<br>Observaciones: <br>Conexiones: (70_1:44)-<br>Código: 4345<br>Coordenadas: -41.1456185 -71.2702397<br>Garita: <br>Cartel: 1.0<br>Observaciones: <br>Conexiones: (70_1:44)-"},"styleUrl":"#icon-1739-E65100","icon-scale":1,"icon":"images/icon-1.png","descripción":"Código: 4345\nCoordenadas: -41.1456185 -71.2702397\nGarita: \nCartel: 1\nObservaciones: \nConexiones: (70_1:44)-","Código":"4345","Coordenadas":"-41.1456185 -71.2702397","Garita":"","Cartel":"1.0","Observaciones":"","Conexiones":"(70_1:44)-"}},
{"type":"Feature","geometry":{"type":"Point","coordinates":[-71.269932,-41.146679,0]},"properties":{"name":"San José de Costa Rica y San Salvador","description":{"@type":"html","value":"descripción: Código: 4346<br>Coordenadas: -41.1466794 -71.2699324<br>Garita: <br>Cartel: <br>Observaciones: <br>Conexiones: (70_1:45)-<br>Código: 4346<br>Coordenadas: -41.1466794 -71.2699324<br>Garita: <br>Cartel: <br>Observaciones: <br>Conexiones: (70_1:45)-"},"styleUrl":"#icon-1739-E65100","icon-scale":1,"icon":"images/icon-1.png","descripción":"Código: 4346\nCoordenadas: -41.1466794 -71.2699324\nGarita: \nCartel: \nObservaciones: \nConexiones: (70_1:45)-","Código":"4346","Coordenadas":"-41.1466794 -71.2699324","Garita":"","Cartel":"","Observaciones":"","Conexiones":"(70_1:45)-"}},
{"type":"Feature","geometry":{"type":"Point","coordinates":[-71.270102,-41.148002,0]},"properties":{"name":"La Habana y San Pablo","description":{"@type":"html","value":"descripción: Código: 4347<br>Coordenadas: -41.1480018 -71.2701021<br>Garita: <br>Cartel: <br>Observaciones: <br>Conexiones: (70_1:46)-<br>Código: 4347<br>Coordenadas: -41.1480018 -71.2701021<br>Garita: <br>Cartel: <br>Observaciones: <br>Conexiones: (70_1:46)-"},"styleUrl":"#icon-1739-E65100","icon-scale":1,"icon":"images/icon-1.png","descripción":"Código: 4347\nCoordenadas: -41.1480018 -71.2701021\nGarita: \nCartel: \nObservaciones: \nConexiones: (70_1:46)-","Código":"4347","Coordenadas":"-41.1480018 -71.2701021","Garita":"","Cartel":"","Observaciones":"","Conexiones":"(70_1:46)-"}},
{"type":"Feature","geometry":{"type":"Point","coordinates":[-71.268587,-41.149146,0]},"properties":{"name":"San Pablo y Miami","description":{"@type":"html","value":"descripción: Código: 4348<br>Coordenadas: -41.1491465 -71.2685868<br>Garita: <br>Cartel: <br>Observaciones: <br>Conexiones: (70_1:47)-<br>Código: 4348<br>Coordenadas: -41.1491465 -71.2685868<br>Garita: <br>Cartel: <br>Observaciones: <br>Conexiones: (70_1:47)-"},"styleUrl":"#icon-1739-E65100","icon-scale":1,"icon":"images/icon-1.png","descripción":"Código: 4348\nCoordenadas: -41.1491465 -71.2685868\nGarita: \nCartel: \nObservaciones: \nConexiones: (70_1:47)-","Código":"4348","Coordenadas":"-41.1491465 -71.2685868","Garita":"","Cartel":"","Observaciones":"","Conexiones":"(70_1:47)-"}},
{"type":"Feature","geometry":{"type":"Point","coordinates":[-71.264218,-41.14961,0]},"properties":{"name":"Esandi y Av. Las Victorias","description":{"@type":"html","value":"descripción: Código: 4350<br>Coordenadas: -41.1496096 -71.2642176<br>Garita: <br>Cartel: <br>Observaciones: <br>Conexiones: (70_1:49)-<br>Código: 4350<br>Coordenadas: -41.1496096 -71.2642176<br>Garita: <br>Cartel: <br>Observaciones: <br>Conexiones: (70_1:49)-"},"styleUrl":"#icon-1739-E65100","icon-scale":1,"icon":"images/icon-1.png","descripción":"Código: 4350\nCoordenadas: -41.1496096 -71.2642176\nGarita: \nCartel: \nObservaciones: \nConexiones: (70_1:49)-","Código":"4350","Coordenadas":"-41.1496096 -71.2642176","Garita":"","Cartel":"","Observaciones":"","Conexiones":"(70_1:49)-"}},
{"type":"Feature","geometry":{"type":"Point","coordinates":[-71.262704,-41.149768,0]},"properties":{"name":"Av. Las Victorias y Esandi","description":{"@type":"html","value":"descripción: Código: 4351<br>Coordenadas: -41.149768 -71.2627041<br>Garita: <br>Cartel: 1<br>Observaciones: <br>Conexiones: (70_1:50)-<br>Código: 4351<br>Coordenadas: -41.149768 -71.2627041<br>Garita: <br>Cartel: 1.0<br>Observaciones: <br>Conexiones: (70_1:50)-"},"styleUrl":"#icon-1739-E65100","icon-scale":1,"icon":"images/icon-1.png","descripción":"Código: 4351\nCoordenadas: -41.149768 -71.2627041\nGarita: \nCartel: 1\nObservaciones: \nConexiones: (70_1:50)-","Código":"4351","Coordenadas":"-41.149768 -71.2627041","Garita":"","Cartel":"1.0","Observaciones":"","Conexiones":"(70_1:50)-"}},
{"type":"Feature","geometry":{"type":"Point","coordinates":[-71.261034,-41.148555,0]},"properties":{"name":"Av. Las Victorias - Escuela 374","description":{"@type":"html","value":"descripción: Código: 4352<br>Coordenadas: -41.1485547 -71.2610335<br>Garita: 1<br>Cartel: <br>Observaciones: <br>Conexiones: (70_2:1)-<br>Código: 4352<br>Coordenadas: -41.1485547 -71.2610335<br>Garita: 1.0<br>Cartel: <br>Observaciones: <br>Conexiones: (70_2:1)-"},"styleUrl":"#icon-1739-E65100","icon-scale":1,"icon":"images/icon-1.png","descripción":"Código: 4352\nCoordenadas: -41.1485547 -71.2610335\nGarita: 1\nCartel: \nObservaciones: \nConexiones: (70_2:1)-","Código":"4352","Coordenadas":"-41.1485547 -71.2610335","Garita":"1.0","Cartel":"","Observaciones":"","Conexiones":"(70_2:1)-"}},
{"type":"Feature","geometry":{"type":"Point","coordinates":[-71.25936,-41.139981,0]},"properties":{"name":"Av. Las Victorias y Arroyo de la China -b","description":{"@type":"html","value":"descripción: Código: 4356<br>Coordenadas: -41.1399809 -71.2593602<br>Garita: <br>Cartel: 1<br>Observaciones: <br>Conexiones: (70_2:5)-<br>Código: 4356<br>Coordenadas: -41.1399809 -71.2593602<br>Garita: <br>Cartel: 1.0<br>Observaciones: <br>Conexiones: (70_2:5)-"},"styleUrl":"#icon-1739-E65100","icon-scale":1,"icon":"images/icon-1.png","descripción":"Código: 4356\nCoordenadas: -41.1399809 -71.2593602\nGarita: \nCartel: 1\nObservaciones: \nConexiones: (70_2:5)-","Código":"4356","Coordenadas":"-41.1399809 -71.2593602","Garita":"","Cartel":"1.0","Observaciones":"","Conexiones":"(70_2:5)-"}},
{"type":"Feature","geometry":{"type":"Point","coordinates":[-71.259742,-41.136998,0]},"properties":{"name":"Av. Las Victorias y Pichincha","description":{"@type":"html","value":"descripción: Código: 4358<br>Coordenadas: -41.1369976 -71.2597416<br>Garita: <br>Cartel: <br>Observaciones: <br>Conexiones: (70_2:6)-<br>Código: 4358<br>Coordenadas: -41.1369976 -71.2597416<br>Garita: <br>Cartel: <br>Observaciones: <br>Conexiones: (70_2:6)-"},"styleUrl":"#icon-1739-E65100","icon-scale":1,"icon":"images/icon-1.png","descripción":"Código: 4358\nCoordenadas: -41.1369976 -71.2597416\nGarita: \nCartel: \nObservaciones: \nConexiones: (70_2:6)-","Código":"4358","Coordenadas":"-41.1369976 -71.2597416","Garita":"","Cartel":"","Observaciones":"","Conexiones":"(70_2:6)-"}},
{"type":"Feature","geometry":{"type":"Point","coordinates":[-71.260188,-41.133357,0]},"properties":{"name":"Av. Las Victorias y Combate de Los Pozos -b","description":{"@type":"html","value":"descripción: Código: 4360<br>Coordenadas: -41.1333572 -71.2601885<br>Garita: <br>Cartel: <br>Observaciones: <br>Conexiones: (70_2:7)-<br>Código: 4360<br>Coordenadas: -41.1333572 -71.2601885<br>Garita: <br>Cartel: <br>Observaciones: <br>Conexiones: (70_2:7)-"},"styleUrl":"#icon-1739-E65100","icon-scale":1,"icon":"images/icon-1.png","descripción":"Código: 4360\nCoordenadas: -41.1333572 -71.2601885\nGarita: \nCartel: \nObservaciones: \nConexiones: (70_2:7)-","Código":"4360","Coordenadas":"-41.1333572 -71.2601885","Garita":"","Cartel":"","Observaciones":"","Conexiones":"(70_2:7)-"}},
{"type":"Feature","geometry":{"type":"Point","coordinates":[-71.259155,-41.130442,0]},"properties":{"name":"Av. Las Victorias y Cmte. Luis Piedrabuena","description":{"@type":"html","value":"descripción: Código: 4362<br>Coordenadas: -41.130442 -71.2591548<br>Garita: <br>Cartel: <br>Observaciones: <br>Conexiones: (70_2:8)-<br>Código: 4362<br>Coordenadas: -41.130442 -71.2591548<br>Garita: <br>Cartel: <br>Observaciones: <br>Conexiones: (70_2:8)-"},"styleUrl":"#icon-1739-E65100","icon-scale":1,"icon":"images/icon-1.png","descripción":"Código: 4362\nCoordenadas: -41.130442 -71.2591548\nGarita: \nCartel: \nObservaciones: \nConexiones: (70_2:8)-","Código":"4362","Coordenadas":"-41.130442 -71.2591548","Garita":"","Cartel":"","Observaciones":"","Conexiones":"(70_2:8)-"}},
{"type":"Feature","geometry":{"type":"Point","coordinates":[-71.31097,-41.139772,0]},"properties":{"name":"Morales y Anasagasti -a","description":{"@type":"html","value":"descripción: Código: 4375<br>Coordenadas: -41.1397725 -71.3109703<br>Garita: <br>Cartel: 1<br>Observaciones: <br>Conexiones: (70_2:20)-<br>Código: 4375<br>Coordenadas: -41.1397725 -71.3109703<br>Garita: <br>Cartel: 1.0<br>Observaciones: <br>Conexiones: (70_2:20)-"},"styleUrl":"#icon-1739-E65100","icon-scale":1,"icon":"images/icon-1.png","descripción":"Código: 4375\nCoordenadas: -41.1397725 -71.3109703\nGarita: \nCartel: 1\nObservaciones: \nConexiones: (70_2:20)-","Código":"4375","Coordenadas":"-41.1397725 -71.3109703","Garita":"","Cartel":"1.0","Observaciones":"","Conexiones":"(70_2:20)-"}},
{"type":"Feature","geometry":{"type":"Point","coordinates":[-71.313125,-41.14091,0]},"properties":{"name":"Curuzú Cuatiá y Pje. Gutiérrez -a","description":{"@type":"html","value":"descripción: Código: 4376<br>Coordenadas: -41.1409103 -71.3131254<br>Garita: <br>Cartel: 1<br>Observaciones: <br>Conexiones: (70_2:21)-<br>Código: 4376<br>Coordenadas: -41.1409103 -71.3131254<br>Garita: <br>Cartel: 1.0<br>Observaciones: <br>Conexiones: (70_2:21)-"},"styleUrl":"#icon-1739-E65100","icon-scale":1,"icon":"images/icon-1.png","descripción":"Código: 4376\nCoordenadas: -41.1409103 -71.3131254\nGarita: \nCartel: 1\nObservaciones: \nConexiones: (70_2:21)-","Código":"4376","Coordenadas":"-41.1409103 -71.3131254","Garita":"","Cartel":"1.0","Observaciones":"","Conexiones":"(70_2:21)-"}},
{"type":"Feature","geometry":{"type":"Point","coordinates":[-71.313572,-41.141214,0]},"properties":{"name":"Pje. Gutiérrez y Curuzú Cuatiá","description":{"@type":"html","value":"descripción: Código: 4377<br>Coordenadas: -41.1412145 -71.3135725<br>Garita: <br>Cartel: <br>Observaciones: <br>Conexiones: (70_2:22)-<br>Código: 4377<br>Coordenadas: -41.1412145 -71.3135725<br>Garita: <br>Cartel: <br>Observaciones: <br>Conexiones: (70_2:22)-"},"styleUrl":"#icon-1739-E65100","icon-scale":1,"icon":"images/icon-1.png","descripción":"Código: 4377\nCoordenadas: -41.1412145 -71.3135725\nGarita: \nCartel: \nObservaciones: \nConexiones: (70_2:22)-","Código":"4377","Coordenadas":"-41.1412145 -71.3135725","Garita":"","Cartel":"","Observaciones":"","Conexiones":"(70_2:22)-"}},
{"type":"Feature","geometry":{"type":"Point","coordinates":[-71.31322,-41.144958,0]},"properties":{"name":"Pje. Gutiérrez y Vilcapugio","description":{"@type":"html","value":"descripción: Código: 4378<br>Coordenadas: -41.1449576 -71.3132196<br>Garita: <br>Cartel: 1<br>Observaciones: <br>Conexiones: (70_2:23)-<br>Código: 4378<br>Coordenadas: -41.1449576 -71.3132196<br>Garita: <br>Cartel: 1.0<br>Observaciones: <br>Conexiones: (70_2:23)-"},"styleUrl":"#icon-1739-E65100","icon-scale":1,"icon":"images/icon-1.png","descripción":"Código: 4378\nCoordenadas: -41.1449576 -71.3132196\nGarita: \nCartel: 1\nObservaciones: \nConexiones: (70_2:23)-","Código":"4378","Coordenadas":"-41.1449576 -71.3132196","Garita":"","Cartel":"1.0","Observaciones":"","Conexiones":"(70_2:23)-"}},
{"type":"Feature","geometry":{"type":"Point","coordinates":[-71.307808,-41.145751,0]},"properties":{"name":"Vilcapugio y Rolando","description":{"@type":"html","value":"descripción: Código: 4380<br>Coordenadas: -41.1457506 -71.3078081<br>Garita: <br>Cartel: 1<br>Observaciones: <br>Conexiones: (70_2:24)-<br>Código: 4380<br>Coordenadas: -41.1457506 -71.3078081<br>Garita: <br>Cartel: 1.0<br>Observaciones: <br>Conexiones: (70_2:24)-"},"styleUrl":"#icon-1739-E65100","icon-scale":1,"icon":"images/icon-1.png","descripción":"Código: 4380\nCoordenadas: -41.1457506 -71.3078081\nGarita: \nCartel: 1\nObservaciones: \nConexiones: (70_2:24)-","Código":"4380","Coordenadas":"-41.1457506 -71.3078081","Garita":"","Cartel":"1.0","Observaciones":"","Conexiones":"(70_2:24)-"}},
{"type":"Feature","geometry":{"type":"Point","coordinates":[-71.307974,-41.147193,0]},"properties":{"name":"Rolando y Almte. Brown","description":{"@type":"html","value":"descripción: Código: 4381<br>Coordenadas: -41.147193 -71.307974<br>Garita: <br>Cartel: <br>Observaciones: <br>Conexiones: (70_2:25)-(82_2:35)-<br>Código: 4381<br>Coordenadas: -41.147193 -71.307974<br>Garita: <br>Cartel: <br>Observaciones: <br>Conexiones: (70_2:25)-(82_2:35)-"},"styleUrl":"#icon-1739-E65100","icon-scale":1,"icon":"images/icon-1.png","descripción":"Código: 4381\nCoordenadas: -41.147193 -71.307974\nGarita: \nCartel: \nObservaciones: \nConexiones: (70_2:25)-(82_2:35)-","Código":"4381","Coordenadas":"-41.147193 -71.307974","Garita":"","Cartel":"","Observaciones":"","Conexiones":"(70_2:25)-(82_2:35)-"}},
{"type":"Feature","geometry":{"type":"Point","coordinates":[-71.310003,-41.149198,0]},"properties":{"name":"Centro Municipal N°4 -a","description":{"@type":"html","value":"descripción: Código: 4383<br>Coordenadas: -41.1491981 -71.3100028<br>Garita: 1<br>Cartel: <br>Observaciones: <br>Conexiones: (70_2:27)-(82_2:37)-<br>Código: 4383<br>Coordenadas: -41.1491981 -71.3100028<br>Garita: 1.0<br>Cartel: <br>Observaciones: <br>Conexiones: (70_2:27)-(82_2:37)-"},"styleUrl":"#icon-1739-E65100","icon-scale":1,"icon":"images/icon-1.png","descripción":"Código: 4383\nCoordenadas: -41.1491981 -71.3100028\nGarita: 1\nCartel: \nObservaciones: \nConexiones: (70_2:27)-(82_2:37)-","Código":"4383","Coordenadas":"-41.1491981 -71.3100028","Garita":"1.0","Cartel":"","Observaciones":"","Conexiones":"(70_2:27)-(82_2:37)-"}},
{"type":"Feature","geometry":{"type":"Point","coordinates":[-71.311735,-41.149694,0]},"properties":{"name":"Diag. Gutiérrez y Quaglia -a","description":{"@type":"html","value":"descripción: Código: 4384<br>Coordenadas: -41.1496936 -71.3117351<br>Garita: <br>Cartel: <br>Observaciones: <br>Conexiones: (70_2:28)-(82_2:38)-<br>Código: 4384<br>Coordenadas: -41.1496936 -71.3117351<br>Garita: <br>Cartel: <br>Observaciones: <br>Conexiones: (70_2:28)-(82_2:38)-"},"styleUrl":"#icon-1739-E65100","icon-scale":1,"icon":"images/icon-1.png","descripción":"Código: 4384\nCoordenadas: -41.1496936 -71.3117351\nGarita: \nCartel: \nObservaciones: \nConexiones: (70_2:28)-(82_2:38)-","Código":"4384","Coordenadas":"-41.1496936 -71.3117351","Garita":"","Cartel":"","Observaciones":"","Conexiones":"(70_2:28)-(82_2:38)-"}},
{"type":"Feature","geometry":{"type":"Point","coordinates":[-71.315429,-41.150314,0]},"properties":{"name":"Lanín y O'Higgins -a","description":{"@type":"html","value":"descripción: Código: 4385<br>Coordenadas: -41.1503144 -71.3154294<br>Garita: <br>Cartel: 1<br>Observaciones: <br>Conexiones: (70_2:29)-<br>Código: 4385<br>Coordenadas: -41.1503144 -71.3154294<br>Garita: <br>Cartel: 1.0<br>Observaciones: <br>Conexiones: (70_2:29)-"},"styleUrl":"#icon-1739-E65100","icon-scale":1,"icon":"images/icon-1.png","descripción":"Código: 4385\nCoordenadas: -41.1503144 -71.3154294\nGarita: \nCartel: 1\nObservaciones: \nConexiones: (70_2:29)-","Código":"4385","Coordenadas":"-41.1503144 -71.3154294","Garita":"","Cartel":"1.0","Observaciones":"","Conexiones":"(70_2:29)-"}},
{"type":"Feature","geometry":{"type":"Point","coordinates":[-71.316574,-41.148894,0]},"properties":{"name":"Tronador y Puyehue","description":{"@type":"html","value":"descripción: Código: 4386<br>Coordenadas: -41.1488943 -71.3165738<br>Garita: <br>Cartel: <br>Observaciones: <br>Conexiones: (70_2:30)-<br>Código: 4386<br>Coordenadas: -41.1488943 -71.3165738<br>Garita: <br>Cartel: <br>Observaciones: <br>Conexiones: (70_2:30)-"},"styleUrl":"#icon-1739-E65100","icon-scale":1,"icon":"images/icon-1.png","descripción":"Código: 4386\nCoordenadas: -41.1488943 -71.3165738\nGarita: \nCartel: \nObservaciones: \nConexiones: (70_2:30)-","Código":"4386","Coordenadas":"-41.1488943 -71.3165738","Garita":"","Cartel":"","Observaciones":"","Conexiones":"(70_2:30)-"}},
{"type":"Feature","geometry":{"type":"Point","coordinates":[-71.319543,-41.146429,0]},"properties":{"name":"Av. Jardín Botánico y Los Muerdagos -b","description":{"@type":"html","value":"descripción: Código: 4387<br>Coordenadas: -41.1464294 -71.3195433<br>Garita: 1<br>Cartel: <br>Observaciones: <br>Conexiones: (70_2:31)-<br>Código: 4387<br>Coordenadas: -41.1464294 -71.3195433<br>Garita: 1.0<br>Cartel: <br>Observaciones: <br>Conexiones: (70_2:31)-"},"styleUrl":"#icon-1739-E65100","icon-scale":1,"icon":"images/icon-1.png","descripción":"Código: 4387\nCoordenadas: -41.1464294 -71.3195433\nGarita: 1\nCartel: \nObservaciones: \nConexiones: (70_2:31)-","Código":"4387","Coordenadas":"-41.1464294 -71.3195433","Garita":"1.0","Cartel":"","Observaciones":"","Conexiones":"(70_2:31)-"}},
{"type":"Feature","geometry":{"type":"Point","coordinates":[-71.319893,-41.145044,0]},"properties":{"name":"Av. Jardín Botánico y Los Muérdagos","description":{"@type":"html","value":"descripción: Código: 4388<br>Coordenadas: -41.1450436 -71.3198934<br>Garita: <br>Cartel: <br>Observaciones: <br>Conexiones: (70_1:3)-<br>Código: 4388<br>Coordenadas: -41.1450436 -71.3198934<br>Garita: <br>Cartel: <br>Observaciones: <br>Conexiones: (70_1:3)-"},"styleUrl":"#icon-1739-E65100","icon-scale":1,"icon":"images/icon-1.png","descripción":"Código: 4388\nCoordenadas: -41.1450436 -71.3198934\nGarita: \nCartel: \nObservaciones: \nConexiones: (70_1:3)-","Código":"4388","Coordenadas":"-41.1450436 -71.3198934","Garita":"","Cartel":"","Observaciones":"","Conexiones":"(70_1:3)-"}},
{"type":"Feature","geometry":{"type":"Point","coordinates":[-71.317787,-41.145984,0]},"properties":{"name":"Av. Jardín Botánico y O'Higgins -b","description":{"@type":"html","value":"descripción: Código: 4389<br>Coordenadas: -41.1459841 -71.3177873<br>Garita: <br>Cartel: <br>Observaciones: <br>Conexiones: (70_2:32)-<br>Código: 4389<br>Coordenadas: -41.1459841 -71.3177873<br>Garita: <br>Cartel: <br>Observaciones: <br>Conexiones: (70_2:32)-"},"styleUrl":"#icon-1739-E65100","icon-scale":1,"icon":"images/icon-1.png","descripción":"Código: 4389\nCoordenadas: -41.1459841 -71.3177873\nGarita: \nCartel: \nObservaciones: \nConexiones: (70_2:32)-","Código":"4389","Coordenadas":"-41.1459841 -71.3177873","Garita":"","Cartel":"","Observaciones":"","Conexiones":"(70_2:32)-"}},
{"type":"Feature","geometry":{"type":"Point","coordinates":[-71.316115,-41.145091,0]},"properties":{"name":"Universidad Nacional del Comahue -a","description":{"@type":"html","value":"descripción: Código: 4390<br>Coordenadas: -41.1450907 -71.3161148<br>Garita: <br>Cartel: <br>Observaciones: <br>Conexiones: (70_1:1)-<br>Código: 4390<br>Coordenadas: -41.1450907 -71.3161148<br>Garita: <br>Cartel: <br>Observaciones: <br>Conexiones: (70_1:1)-"},"styleUrl":"#icon-1739-E65100","icon-scale":1,"icon":"images/icon-1.png","descripción":"Código: 4390\nCoordenadas: -41.1450907 -71.3161148\nGarita: \nCartel: \nObservaciones: \nConexiones: (70_1:1)-","Código":"4390","Coordenadas":"-41.1450907 -71.3161148","Garita":"","Cartel":"","Observaciones":"","Conexiones":"(70_1:1)-"}},
{"type":"Feature","geometry":{"type":"Point","coordinates":[-71.437299,-41.171924,0]},"properties":{"name":"Acceso a Cerro Catedral y Nubes -b","description":{"@type":"html","value":"descripción: Código: 4401<br>Coordenadas: -41.1719235 -71.4372986<br>Garita: 1<br>Cartel: <br>Observaciones: <br>Conexiones: (55_2:2)-<br>Código: 4401<br>Coordenadas: -41.1719235 -71.4372986<br>Garita: 1.0<br>Cartel: <br>Observaciones: <br>Conexiones: (55_2:2)-"},"styleUrl":"#icon-1739-E65100","icon-scale":1,"icon":"images/icon-1.png","descripción":"Código: 4401\nCoordenadas: -41.1719235 -71.4372986\nGarita: 1\nCartel: \nObservaciones: \nConexiones: (55_2:2)-","Código":"4401","Coordenadas":"-41.1719235 -71.4372986","Garita":"1.0","Cartel":"","Observaciones":"","Conexiones":"(55_2:2)-"}},
{"type":"Feature","geometry":{"type":"Point","coordinates":[-71.434921,-41.170657,0]},"properties":{"name":"Acceso a Cerro Catedral y Martín Jereb -b","description":{"@type":"html","value":"descripción: Código: 4402<br>Coordenadas: -41.1706569 -71.4349211<br>Garita: <br>Cartel: <br>Observaciones: <br>Conexiones: (55_2:3)-<br>Código: 4402<br>Coordenadas: -41.1706569 -71.4349211<br>Garita: <br>Cartel: <br>Observaciones: <br>Conexiones: (55_2:3)-"},"styleUrl":"#icon-1739-E65100","icon-scale":1,"icon":"images/icon-1.png","descripción":"Código: 4402\nCoordenadas: -41.1706569 -71.4349211\nGarita: \nCartel: \nObservaciones: \nConexiones: (55_2:3)-","Código":"4402","Coordenadas":"-41.1706569 -71.4349211","Garita":"","Cartel":"","Observaciones":"","Conexiones":"(55_2:3)-"}},
{"type":"Feature","geometry":{"type":"Point","coordinates":[-71.434925,-41.166221,0]},"properties":{"name":"Acceso a Cerro Catedral - Co. San Martín -b","description":{"@type":"html","value":"descripción: Código: 4403<br>Coordenadas: -41.1662208 -71.4349254<br>Garita: <br>Cartel: <br>Observaciones: <br>Conexiones: (55_2:4)-<br>Código: 4403<br>Coordenadas: -41.1662208 -71.4349254<br>Garita: <br>Cartel: <br>Observaciones: <br>Conexiones: (55_2:4)-"},"styleUrl":"#icon-1739-E65100","icon-scale":1,"icon":"images/icon-1.png","descripción":"Código: 4403\nCoordenadas: -41.1662208 -71.4349254\nGarita: \nCartel: \nObservaciones: \nConexiones: (55_2:4)-","Código":"4403","Coordenadas":"-41.1662208 -71.4349254","Garita":"","Cartel":"","Observaciones":"","Conexiones":"(55_2:4)-"}},
{"type":"Feature","geometry":{"type":"Point","coordinates":[-71.435238,-41.162959,0]},"properties":{"name":"Acceso a Cerro Catedral - Portal Antiguo -b","description":{"@type":"html","value":"descripción: Código: 4404<br>Coordenadas: -41.1629593 -71.4352381<br>Garita: 1<br>Cartel: <br>Observaciones: <br>Conexiones: (55_2:5)-<br>Código: 4404<br>Coordenadas: -41.1629593 -71.4352381<br>Garita: 1.0<br>Cartel: <br>Observaciones: <br>Conexiones: (55_2:5)-"},"styleUrl":"#icon-1739-E65100","icon-scale":1,"icon":"images/icon-1.png","descripción":"Código: 4404\nCoordenadas: -41.1629593 -71.4352381\nGarita: 1\nCartel: \nObservaciones: \nConexiones: (55_2:5)-","Código":"4404","Coordenadas":"-41.1629593 -71.4352381","Garita":"1.0","Cartel":"","Observaciones":"","Conexiones":"(55_2:5)-"}},
{"type":"Feature","geometry":{"type":"Point","coordinates":[-71.370905,-41.129929,0]},"properties":{"name":"Av. de Los Pioneros - Comisaría 27 -a","description":{"@type":"html","value":"descripción: Código: 4414<br>Coordenadas: -41.1299289 -71.3709049<br>Garita: 1<br>Cartel: <br>Observaciones: <br>Conexiones: (50_A1:34)-(50_B1:34)-(50_C1:34)-(51_1:35)-(55_1:25)-<br>Código: 4414<br>Coordenadas: -41.1299289 -71.3709049<br>Garita: 1.0<br>Cartel: <br>Observaciones: <br>Conexiones: (50_A1:34)-(50_B1:34)-(50_C1:34)-(51_1:35)-(55_1:25)-"},"styleUrl":"#icon-1739-E65100","icon-scale":1,"icon":"images/icon-1.png","descripción":"Código: 4414\nCoordenadas: -41.1299289 -71.3709049\nGarita: 1\nCartel: \nObservaciones: \nConexiones: (50_A1:34)-(50_B1:34)-(50_C1:34)-(51_1:35)-(55_1:25)-","Código":"4414","Coordenadas":"-41.1299289 -71.3709049","Garita":"1.0","Cartel":"","Observaciones":"","Conexiones":"(50_A1:34)-(50_B1:34)-(50_C1:34)-(51_1:35)-(55_1:25)-"}},
{"type":"Feature","geometry":{"type":"Point","coordinates":[-71.369202,-41.130056,0]},"properties":{"name":"Av. de Los Pioneros - Teleférico -a","description":{"@type":"html","value":"descripción: Código: 4415<br>Coordenadas: -41.1300555 -71.3692019<br>Garita: 1<br>Cartel: <br>Observaciones: <br>Conexiones: (50_A1:33)-(50_B1:33)-(50_C1:33)-(51_1:34)-(55_1:24)-<br>Código: 4415<br>Coordenadas: -41.1300555 -71.3692019<br>Garita: 1.0<br>Cartel: <br>Observaciones: <br>Conexiones: (50_A1:33)-(50_B1:33)-(50_C1:33)-(51_1:34)-(55_1:24)-"},"styleUrl":"#icon-1739-E65100","icon-scale":1,"icon":"images/icon-1.png","descripción":"Código: 4415\nCoordenadas: -41.1300555 -71.3692019\nGarita: 1\nCartel: \nObservaciones: \nConexiones: (50_A1:33)-(50_B1:33)-(50_C1:33)-(51_1:34)-(55_1:24)-","Código":"4415","Coordenadas":"-41.1300555 -71.3692019","Garita":"1.0","Cartel":"","Observaciones":"","Conexiones":"(50_A1:33)-(50_B1:33)-(50_C1:33)-(51_1:34)-(55_1:24)-"}},
{"type":"Feature","geometry":{"type":"Point","coordinates":[-71.367808,-41.130202,0]},"properties":{"name":"Av. de Los Pioneros y Cerro Otto -a","description":{"@type":"html","value":"descripción: Código: 4416<br>Coordenadas: -41.1302018 -71.3678076<br>Garita: 1<br>Cartel: <br>Observaciones: <br>Conexiones: (50_A1:32)-(50_B1:32)-(50_C1:32)-(51_1:33)-(55_1:23)-<br>Código: 4416<br>Coordenadas: -41.1302018 -71.3678076<br>Garita: 1.0<br>Cartel: <br>Observaciones: <br>Conexiones: (50_A1:32)-(50_B1:32)-(50_C1:32)-(51_1:33)-(55_1:23)-"},"styleUrl":"#icon-1739-E65100","icon-scale":1,"icon":"images/icon-1.png","descripción":"Código: 4416\nCoordenadas: -41.1302018 -71.3678076\nGarita: 1\nCartel: \nObservaciones: \nConexiones: (50_A1:32)-(50_B1:32)-(50_C1:32)-(51_1:33)-(55_1:23)-","Código":"4416","Coordenadas":"-41.1302018 -71.3678076","Garita":"1.0","Cartel":"","Observaciones":"","Conexiones":"(50_A1:32)-(50_B1:32)-(50_C1:32)-(51_1:33)-(55_1:23)-"}},
{"type":"Feature","geometry":{"type":"Point","coordinates":[-71.364668,-41.130772,0]},"properties":{"name":"Av. de Los Pioneros y Escritores Argentinos -a","description":{"@type":"html","value":"descripción: Código: 4417<br>Coordenadas: -41.130772 -71.3646682<br>Garita: 1<br>Cartel: <br>Observaciones: <br>Conexiones: (50_A1:31)-(50_B1:31)-(50_C1:31)-(51_1:32)-(55_1:22)-<br>Código: 4417<br>Coordenadas: -41.130772 -71.3646682<br>Garita: 1.0<br>Cartel: <br>Observaciones: <br>Conexiones: (50_A1:31)-(50_B1:31)-(50_C1:31)-(51_1:32)-(55_1:22)-"},"styleUrl":"#icon-1739-E65100","icon-scale":1,"icon":"images/icon-1.png","descripción":"Código: 4417\nCoordenadas: -41.130772 -71.3646682\nGarita: 1\nCartel: \nObservaciones: \nConexiones: (50_A1:31)-(50_B1:31)-(50_C1:31)-(51_1:32)-(55_1:22)-","Código":"4417","Coordenadas":"-41.130772 -71.3646682","Garita":"1.0","Cartel":"","Observaciones":"","Conexiones":"(50_A1:31)-(50_B1:31)-(50_C1:31)-(51_1:32)-(55_1:22)-"}},
{"type":"Feature","geometry":{"type":"Point","coordinates":[-71.343783,-41.134944,0]},"properties":{"name":"Av. de Los Pioneros y Los Maitenes -b","description":{"@type":"html","value":"descripción: Código: 4420<br>Coordenadas: -41.1349443 -71.3437829<br>Garita: 1<br>Cartel: <br>Observaciones: <br>Conexiones: (50_A2:34)-(50_B2:43)-(50_C2:34)-(51_2:44)-(55_2:30)-<br>Código: 4420<br>Coordenadas: -41.1349443 -71.3437829<br>Garita: 1.0<br>Cartel: <br>Observaciones: <br>Conexiones: (50_A2:34)-(50_B2:43)-(50_C2:34)-(51_2:44)-(55_2:30)-"},"styleUrl":"#icon-1739-E65100","icon-scale":1,"icon":"images/icon-1.png","descripción":"Código: 4420\nCoordenadas: -41.1349443 -71.3437829\nGarita: 1\nCartel: \nObservaciones: \nConexiones: (50_A2:34)-(50_B2:43)-(50_C2:34)-(51_2:44)-(55_2:30)-","Código":"4420","Coordenadas":"-41.1349443 -71.3437829","Garita":"1.0","Cartel":"","Observaciones":"","Conexiones":"(50_A2:34)-(50_B2:43)-(50_C2:34)-(51_2:44)-(55_2:30)-"}},
{"type":"Feature","geometry":{"type":"Point","coordinates":[-71.337792,-41.1362,0]},"properties":{"name":"Av. de Los Pioneros y Las Vertientes -b","description":{"@type":"html","value":"descripción: Código: 4421<br>Coordenadas: -41.1361998 -71.3377916<br>Garita: 1<br>Cartel: <br>Observaciones: <br>Conexiones: (50_A2:35)-(50_B2:44)-(50_C2:35)-(51_2:45)-(55_2:31)-<br>Código: 4421<br>Coordenadas: -41.1361998 -71.3377916<br>Garita: 1.0<br>Cartel: <br>Observaciones: <br>Conexiones: (50_A2:35)-(50_B2:44)-(50_C2:35)-(51_2:45)-(55_2:31)-"},"styleUrl":"#icon-1739-E65100","icon-scale":1,"icon":"images/icon-1.png","descripción":"Código: 4421\nCoordenadas: -41.1361998 -71.3377916\nGarita: 1\nCartel: \nObservaciones: \nConexiones: (50_A2:35)-(50_B2:44)-(50_C2:35)-(51_2:45)-(55_2:31)-","Código":"4421","Coordenadas":"-41.1361998 -71.3377916","Garita":"1.0","Cartel":"","Observaciones":"","Conexiones":"(50_A2:35)-(50_B2:44)-(50_C2:35)-(51_2:45)-(55_2:31)-"}},
{"type":"Feature","geometry":{"type":"Point","coordinates":[-71.335053,-41.136566,0]},"properties":{"name":"Av. de Los Pioneros y Los Cipresales -b","description":{"@type":"html","value":"descripción: Código: 4422<br>Coordenadas: -41.1365664 -71.3350526<br>Garita: <br>Cartel: <br>Observaciones: <br>Conexiones: (50_A2:36)-(50_B2:45)-(50_C2:36)-(51_2:46)-(55_2:32)-<br>Código: 4422<br>Coordenadas: -41.1365664 -71.3350526<br>Garita: <br>Cartel: <br>Observaciones: <br>Conexiones: (50_A2:36)-(50_B2:45)-(50_C2:36)-(51_2:46)-(55_2:32)-"},"styleUrl":"#icon-1739-E65100","icon-scale":1,"icon":"images/icon-1.png","descripción":"Código: 4422\nCoordenadas: -41.1365664 -71.3350526\nGarita: \nCartel: \nObservaciones: \nConexiones: (50_A2:36)-(50_B2:45)-(50_C2:36)-(51_2:46)-(55_2:32)-","Código":"4422","Coordenadas":"-41.1365664 -71.3350526","Garita":"","Cartel":"","Observaciones":"","Conexiones":"(50_A2:36)-(50_B2:45)-(50_C2:36)-(51_2:46)-(55_2:32)-"}},
{"type":"Feature","geometry":{"type":"Point","coordinates":[-71.326552,-41.138688,0]},"properties":{"name":"Av. de Los Pioneros y Acc. a Cerro Otto -b","description":{"@type":"html","value":"descripción: Código: 4423<br>Coordenadas: -41.1386883 -71.3265524<br>Garita: 1<br>Cartel: <br>Observaciones: <br>Conexiones: (50_A2:37)-(50_B2:46)-(50_C2:37)-(51_2:47)-(55_2:33)-<br>Código: 4423<br>Coordenadas: -41.1386883 -71.3265524<br>Garita: 1.0<br>Cartel: <br>Observaciones: <br>Conexiones: (50_A2:37)-(50_B2:46)-(50_C2:37)-(51_2:47)-(55_2:33)-"},"styleUrl":"#icon-1739-E65100","icon-scale":1,"icon":"images/icon-1.png","descripción":"Código: 4423\nCoordenadas: -41.1386883 -71.3265524\nGarita: 1\nCartel: \nObservaciones: \nConexiones: (50_A2:37)-(50_B2:46)-(50_C2:37)-(51_2:47)-(55_2:33)-","Código":"4423","Coordenadas":"-41.1386883 -71.3265524","Garita":"1.0","Cartel":"","Observaciones":"","Conexiones":"(50_A2:37)-(50_B2:46)-(50_C2:37)-(51_2:47)-(55_2:33)-"}},
{"type":"Feature","geometry":{"type":"Point","coordinates":[-71.272256,-41.130825,0]},"properties":{"name":"Av. 12 de Octubre y Terminal de Ómnibus","description":{"@type":"html","value":"descripción: Código: 4437<br>Coordenadas: -41.1308253 -71.2722556<br>Garita: 1<br>Cartel: <br>Observaciones: <br>Conexiones: (10_A2:76)-(10_B2:75)-(10_C2:85)-(13/22_A2:76)-(20_2:75)-(21_2:57)-(55_2:50)-(71/81_A2:42)-(71/81_B2:42)-(71/81_C2:43)-(72_1:13)-<br>Código: 4437<br>Coordenadas: -41.1308253 -71.2722556<br>Garita: 1.0<br>Cartel: <br>Observaciones: <br>Conexiones: (10_A2:76)-(10_B2:75)-(10_C2:85)-(13/22_A2:76)-(20_2:75)-(21_2:57)-(55_2:50)-(71/81_A2:42)-(71/81_B2:42)-(71/81_C2:43)-(72_1:13)-"},"styleUrl":"#icon-1739-E65100","icon-scale":1,"icon":"images/icon-1.png","descripción":"Código: 4437\nCoordenadas: -41.1308253 -71.2722556\nGarita: 1\nCartel: \nObservaciones: \nConexiones: (10_A2:76)-(10_B2:75)-(10_C2:85)-(13/22_A2:76)-(20_2:75)-(21_2:57)-(55_2:50)-(71/81_A2:42)-(71/81_B2:42)-(71/81_C2:43)-(72_1:13)-","Código":"4437","Coordenadas":"-41.1308253 -71.2722556","Garita":"1.0","Cartel":"","Observaciones":"","Conexiones":"(10_A2:76)-(10_B2:75)-(10_C2:85)-(13/22_A2:76)-(20_2:75)-(21_2:57)-(55_2:50)-(71/81_A2:42)-(71/81_B2:42)-(71/81_C2:43)-(72_1:13)-"}},
{"type":"Feature","geometry":{"type":"Point","coordinates":[-71.326542,-41.138544,0]},"properties":{"name":"Av. de Los Pioneros y Acc. a Cerro Otto -a","description":{"@type":"html","value":"descripción: Código: 4503<br>Coordenadas: -41.1385445 -71.3265422<br>Garita: 1<br>Cartel: <br>Observaciones: <br>Conexiones: (50_A1:21)-(50_B1:21)-(50_C1:21)-(51_1:22)-(55_1:13)-<br>Código: 4503<br>Coordenadas: -41.1385445 -71.3265422<br>Garita: 1.0<br>Cartel: <br>Observaciones: <br>Conexiones: (50_A1:21)-(50_B1:21)-(50_C1:21)-(51_1:22)-(55_1:13)-"},"styleUrl":"#icon-1739-E65100","icon-scale":1,"icon":"images/icon-1.png","descripción":"Código: 4503\nCoordenadas: -41.1385445 -71.3265422\nGarita: 1\nCartel: \nObservaciones: \nConexiones: (50_A1:21)-(50_B1:21)-(50_C1:21)-(51_1:22)-(55_1:13)-","Código":"4503","Coordenadas":"-41.1385445 -71.3265422","Garita":"1.0","Cartel":"","Observaciones":"","Conexiones":"(50_A1:21)-(50_B1:21)-(50_C1:21)-(51_1:22)-(55_1:13)-"}},
{"type":"Feature","geometry":{"type":"Point","coordinates":[-71.334978,-41.136369,0]},"properties":{"name":"Av. de Los Pioneros y Los Cipresales -a","description":{"@type":"html","value":"descripción: Código: 4504<br>Coordenadas: -41.1363692 -71.3349779<br>Garita: <br>Cartel: <br>Observaciones: <br>Conexiones: (50_A1:22)-(50_B1:22)-(50_C1:22)-(51_1:23)-(55_1:14)-<br>Código: 4504<br>Coordenadas: -41.1363692 -71.3349779<br>Garita: <br>Cartel: <br>Observaciones: <br>Conexiones: (50_A1:22)-(50_B1:22)-(50_C1:22)-(51_1:23)-(55_1:14)-"},"styleUrl":"#icon-1739-E65100","icon-scale":1,"icon":"images/icon-1.png","descripción":"Código: 4504\nCoordenadas: -41.1363692 -71.3349779\nGarita: \nCartel: \nObservaciones: \nConexiones: (50_A1:22)-(50_B1:22)-(50_C1:22)-(51_1:23)-(55_1:14)-","Código":"4504","Coordenadas":"-41.1363692 -71.3349779","Garita":"","Cartel":"","Observaciones":"","Conexiones":"(50_A1:22)-(50_B1:22)-(50_C1:22)-(51_1:23)-(55_1:14)-"}},
{"type":"Feature","geometry":{"type":"Point","coordinates":[-71.35454,-41.132348,0]},"properties":{"name":"Av. de Los Pioneros y Limay","description":{"@type":"html","value":"descripción: Código: 4506<br>Coordenadas: -41.1323481 -71.3545404<br>Garita: <br>Cartel: <br>Observaciones: <br>Conexiones: (50_A1:28)-(50_B1:28)-(50_C1:28)-(51_1:29)-(55_1:19)-<br>Código: 4506<br>Coordenadas: -41.1323481 -71.3545404<br>Garita: <br>Cartel: <br>Observaciones: <br>Conexiones: (50_A1:28)-(50_B1:28)-(50_C1:28)-(51_1:29)-(55_1:19)-"},"styleUrl":"#icon-1739-E65100","icon-scale":1,"icon":"images/icon-1.png","descripción":"Código: 4506\nCoordenadas: -41.1323481 -71.3545404\nGarita: \nCartel: \nObservaciones: \nConexiones: (50_A1:28)-(50_B1:28)-(50_C1:28)-(51_1:29)-(55_1:19)-","Código":"4506","Coordenadas":"-41.1323481 -71.3545404","Garita":"","Cartel":"","Observaciones":"","Conexiones":"(50_A1:28)-(50_B1:28)-(50_C1:28)-(51_1:29)-(55_1:19)-"}},
{"type":"Feature","geometry":{"type":"Point","coordinates":[-71.360839,-41.131407,0]},"properties":{"name":"Av. de Los Pioneros y Tupungato -a","description":{"@type":"html","value":"descripción: Código: 4507<br>Coordenadas: -41.1314074 -71.360839<br>Garita: 1<br>Cartel: <br>Observaciones: <br>Conexiones: (50_A1:30)-(50_B1:30)-(50_C1:30)-(51_1:31)-(55_1:21)-<br>Código: 4507<br>Coordenadas: -41.1314074 -71.360839<br>Garita: 1.0<br>Cartel: <br>Observaciones: <br>Conexiones: (50_A1:30)-(50_B1:30)-(50_C1:30)-(51_1:31)-(55_1:21)-"},"styleUrl":"#icon-1739-E65100","icon-scale":1,"icon":"images/icon-1.png","descripción":"Código: 4507\nCoordenadas: -41.1314074 -71.360839\nGarita: 1\nCartel: \nObservaciones: \nConexiones: (50_A1:30)-(50_B1:30)-(50_C1:30)-(51_1:31)-(55_1:21)-","Código":"4507","Coordenadas":"-41.1314074 -71.360839","Garita":"1.0","Cartel":"","Observaciones":"","Conexiones":"(50_A1:30)-(50_B1:30)-(50_C1:30)-(51_1:31)-(55_1:21)-"}},
{"type":"Feature","geometry":{"type":"Point","coordinates":[-71.371994,-41.129618,0]},"properties":{"name":"Av. de Los Pioneros y P.º de los Artesanos -a","description":{"@type":"html","value":"descripción: Código: 4509<br>Coordenadas: -41.1296175 -71.3719945<br>Garita: <br>Cartel: <br>Observaciones: <br>Conexiones: (50_A1:35)-(50_B1:35)-(50_C1:35)-(51_1:36)-(55_1:26)-<br>Código: 4509<br>Coordenadas: -41.1296175 -71.3719945<br>Garita: <br>Cartel: <br>Observaciones: <br>Conexiones: (50_A1:35)-(50_B1:35)-(50_C1:35)-(51_1:36)-(55_1:26)-"},"styleUrl":"#icon-1739-E65100","icon-scale":1,"icon":"images/icon-1.png","descripción":"Código: 4509\nCoordenadas: -41.1296175 -71.3719945\nGarita: \nCartel: \nObservaciones: \nConexiones: (50_A1:35)-(50_B1:35)-(50_C1:35)-(51_1:36)-(55_1:26)-","Código":"4509","Coordenadas":"-41.1296175 -71.3719945","Garita":"","Cartel":"","Observaciones":"","Conexiones":"(50_A1:35)-(50_B1:35)-(50_C1:35)-(51_1:36)-(55_1:26)-"}},
{"type":"Feature","geometry":{"type":"Point","coordinates":[-71.40235,-41.123353,0]},"properties":{"name":"Av. de Los Pioneros y Rigel","description":{"@type":"html","value":"descripción: Código: 4514<br>Coordenadas: -41.123353 -71.4023503<br>Garita: <br>Cartel: <br>Observaciones: <br>Conexiones: (50_A1:44)-(50_B1:44)-(50_C1:43)-(51_1:44)-(55_1:35)-<br>Código: 4514<br>Coordenadas: -41.123353 -71.4023503<br>Garita: <br>Cartel: <br>Observaciones: <br>Conexiones: (50_A1:44)-(50_B1:44)-(50_C1:43)-(51_1:44)-(55_1:35)-"},"styleUrl":"#icon-1739-E65100","icon-scale":1,"icon":"images/icon-1.png","descripción":"Código: 4514\nCoordenadas: -41.123353 -71.4023503\nGarita: \nCartel: \nObservaciones: \nConexiones: (50_A1:44)-(50_B1:44)-(50_C1:43)-(51_1:44)-(55_1:35)-","Código":"4514","Coordenadas":"-41.123353 -71.4023503","Garita":"","Cartel":"","Observaciones":"","Conexiones":"(50_A1:44)-(50_B1:44)-(50_C1:43)-(51_1:44)-(55_1:35)-"}},
{"type":"Feature","geometry":{"type":"Point","coordinates":[-71.404098,-41.122322,0]},"properties":{"name":"Av. de Los Pioneros y Las Tres Marías","description":{"@type":"html","value":"descripción: Código: 4515<br>Coordenadas: -41.1223219 -71.4040976<br>Garita: 1<br>Cartel: <br>Observaciones: <br>Conexiones: (50_A1:45)-(50_B1:45)-(50_C1:44)-(51_1:45)-(55_1:36)-<br>Código: 4515<br>Coordenadas: -41.1223219 -71.4040976<br>Garita: 1.0<br>Cartel: <br>Observaciones: <br>Conexiones: (50_A1:45)-(50_B1:45)-(50_C1:44)-(51_1:45)-(55_1:36)-"},"styleUrl":"#icon-1739-E65100","icon-scale":1,"icon":"images/icon-1.png","descripción":"Código: 4515\nCoordenadas: -41.1223219 -71.4040976\nGarita: 1\nCartel: \nObservaciones: \nConexiones: (50_A1:45)-(50_B1:45)-(50_C1:44)-(51_1:45)-(55_1:36)-","Código":"4515","Coordenadas":"-41.1223219 -71.4040976","Garita":"1.0","Cartel":"","Observaciones":"","Conexiones":"(50_A1:45)-(50_B1:45)-(50_C1:44)-(51_1:45)-(55_1:36)-"}},
{"type":"Feature","geometry":{"type":"Point","coordinates":[-71.439441,-41.151223,0]},"properties":{"name":"Acceso a Cerro Catedral - Puesto Policial -a","description":{"@type":"html","value":"descripción: Código: 4518<br>Coordenadas: -41.1512231 -71.4394408<br>Garita: <br>Cartel: <br>Observaciones: <br>Conexiones: (55_1:40)-<br>Código: 4518<br>Coordenadas: -41.1512231 -71.4394408<br>Garita: <br>Cartel: <br>Observaciones: <br>Conexiones: (55_1:40)-"},"styleUrl":"#icon-1739-E65100","icon-scale":1,"icon":"images/icon-1.png","descripción":"Código: 4518\nCoordenadas: -41.1512231 -71.4394408\nGarita: \nCartel: \nObservaciones: \nConexiones: (55_1:40)-","Código":"4518","Coordenadas":"-41.1512231 -71.4394408","Garita":"","Cartel":"","Observaciones":"","Conexiones":"(55_1:40)-"}},
{"type":"Feature","geometry":{"type":"Point","coordinates":[-71.439512,-41.153642,0]},"properties":{"name":"Acceso a Cerro Catedral - Playa Norte -a","description":{"@type":"html","value":"descripción: Código: 4519<br>Coordenadas: -41.1536417 -71.4395124<br>Garita: <br>Cartel: <br>Observaciones: <br>Conexiones: (55_1:41)-<br>Código: 4519<br>Coordenadas: -41.1536417 -71.4395124<br>Garita: <br>Cartel: <br>Observaciones: <br>Conexiones: (55_1:41)-"},"styleUrl":"#icon-1739-E65100","icon-scale":1,"icon":"images/icon-1.png","descripción":"Código: 4519\nCoordenadas: -41.1536417 -71.4395124\nGarita: \nCartel: \nObservaciones: \nConexiones: (55_1:41)-","Código":"4519","Coordenadas":"-41.1536417 -71.4395124","Garita":"","Cartel":"","Observaciones":"","Conexiones":"(55_1:41)-"}},
{"type":"Feature","geometry":{"type":"Point","coordinates":[-71.436177,-41.15084,0]},"properties":{"name":"Acceso a Cerro Catedral - Viejo camino -a","description":{"@type":"html","value":"descripción: Código: 4520<br>Coordenadas: -41.1508403 -71.4361774<br>Garita: <br>Cartel: <br>Observaciones: <br>Conexiones: (55_1:42)-<br>Código: 4520<br>Coordenadas: -41.1508403 -71.4361774<br>Garita: <br>Cartel: <br>Observaciones: <br>Conexiones: (55_1:42)-"},"styleUrl":"#icon-1739-E65100","icon-scale":1,"icon":"images/icon-1.png","descripción":"Código: 4520\nCoordenadas: -41.1508403 -71.4361774\nGarita: \nCartel: \nObservaciones: \nConexiones: (55_1:42)-","Código":"4520","Coordenadas":"-41.1508403 -71.4361774","Garita":"","Cartel":"","Observaciones":"","Conexiones":"(55_1:42)-"}},
{"type":"Feature","geometry":{"type":"Point","coordinates":[-71.435411,-41.162723,0]},"properties":{"name":"Acceso a Cerro Catedral - Portal Antiguo -a","description":{"@type":"html","value":"descripción: Código: 4521<br>Coordenadas: -41.1627231 -71.4354107<br>Garita: <br>Cartel: <br>Observaciones: <br>Conexiones: (55_1:43)-<br>Código: 4521<br>Coordenadas: -41.1627231 -71.4354107<br>Garita: <br>Cartel: <br>Observaciones: <br>Conexiones: (55_1:43)-"},"styleUrl":"#icon-1739-E65100","icon-scale":1,"icon":"images/icon-1.png","descripción":"Código: 4521\nCoordenadas: -41.1627231 -71.4354107\nGarita: \nCartel: \nObservaciones: \nConexiones: (55_1:43)-","Código":"4521","Coordenadas":"-41.1627231 -71.4354107","Garita":"","Cartel":"","Observaciones":"","Conexiones":"(55_1:43)-"}},
{"type":"Feature","geometry":{"type":"Point","coordinates":[-71.435051,-41.166313,0]},"properties":{"name":"Acceso a Cerro Catedral - Co. San Martín -a","description":{"@type":"html","value":"descripción: Código: 4522<br>Coordenadas: -41.1663126 -71.4350513<br>Garita: <br>Cartel: <br>Observaciones: <br>Conexiones: (55_1:44)-<br>Código: 4522<br>Coordenadas: -41.1663126 -71.4350513<br>Garita: <br>Cartel: <br>Observaciones: <br>Conexiones: (55_1:44)-"},"styleUrl":"#icon-1739-E65100","icon-scale":1,"icon":"images/icon-1.png","descripción":"Código: 4522\nCoordenadas: -41.1663126 -71.4350513\nGarita: \nCartel: \nObservaciones: \nConexiones: (55_1:44)-","Código":"4522","Coordenadas":"-41.1663126 -71.4350513","Garita":"","Cartel":"","Observaciones":"","Conexiones":"(55_1:44)-"}},
{"type":"Feature","geometry":{"type":"Point","coordinates":[-71.435268,-41.170549,0]},"properties":{"name":"Acceso a Cerro Catedral y Martín Jereb -a","description":{"@type":"html","value":"descripción: Código: 4523<br>Coordenadas: -41.1705491 -71.4352684<br>Garita: <br>Cartel: <br>Observaciones: <br>Conexiones: (55_1:45)-<br>Código: 4523<br>Coordenadas: -41.1705491 -71.4352684<br>Garita: <br>Cartel: <br>Observaciones: <br>Conexiones: (55_1:45)-"},"styleUrl":"#icon-1739-E65100","icon-scale":1,"icon":"images/icon-1.png","descripción":"Código: 4523\nCoordenadas: -41.1705491 -71.4352684\nGarita: \nCartel: \nObservaciones: \nConexiones: (55_1:45)-","Código":"4523","Coordenadas":"-41.1705491 -71.4352684","Garita":"","Cartel":"","Observaciones":"","Conexiones":"(55_1:45)-"}},
{"type":"Feature","geometry":{"type":"Point","coordinates":[-71.437122,-41.171811,0]},"properties":{"name":"Acceso a Cerro Catedral y Nubes -a","description":{"@type":"html","value":"descripción: Código: 4524<br>Coordenadas: -41.1718108 -71.4371224<br>Garita: <br>Cartel: <br>Observaciones: <br>Conexiones: (55_1:46)-<br>Código: 4524<br>Coordenadas: -41.1718108 -71.4371224<br>Garita: <br>Cartel: <br>Observaciones: <br>Conexiones: (55_1:46)-"},"styleUrl":"#icon-1739-E65100","icon-scale":1,"icon":"images/icon-1.png","descripción":"Código: 4524\nCoordenadas: -41.1718108 -71.4371224\nGarita: \nCartel: \nObservaciones: \nConexiones: (55_1:46)-","Código":"4524","Coordenadas":"-41.1718108 -71.4371224","Garita":"","Cartel":"","Observaciones":"","Conexiones":"(55_1:46)-"}},
{"type":"Feature","geometry":{"type":"Point","coordinates":[-71.438918,-41.170419,0]},"properties":{"name":"Acceso a Cerro Catedral y Francisco Jerman","description":{"@type":"html","value":"descripción: Código: 4525<br>Coordenadas: -41.1704193 -71.4389175<br>Garita: <br>Cartel: <br>Observaciones: <br>Conexiones: (55_1:47)-<br>Código: 4525<br>Coordenadas: -41.1704193 -71.4389175<br>Garita: <br>Cartel: <br>Observaciones: <br>Conexiones: (55_1:47)-"},"styleUrl":"#icon-1739-E65100","icon-scale":1,"icon":"images/icon-1.png","descripción":"Código: 4525\nCoordenadas: -41.1704193 -71.4389175\nGarita: \nCartel: \nObservaciones: \nConexiones: (55_1:47)-","Código":"4525","Coordenadas":"-41.1704193 -71.4389175","Garita":"","Cartel":"","Observaciones":"","Conexiones":"(55_1:47)-"}},
{"type":"Feature","geometry":{"type":"Point","coordinates":[-71.440714,-41.169,0]},"properties":{"name":"Parada Cerro Catedral","description":{"@type":"html","value":"descripción: Código: 4526<br>Coordenadas: -41.1689996 -71.4407135<br>Garita: <br>Cartel: <br>Observaciones: <br>Conexiones: (55_1:48)-(55_2:1)-<br>Código: 4526<br>Coordenadas: -41.1689996 -71.4407135<br>Garita: <br>Cartel: <br>Observaciones: <br>Conexiones: (55_1:48)-(55_2:1)-"},"styleUrl":"#icon-1739-E65100","icon-scale":1,"icon":"images/icon-1.png","descripción":"Código: 4526\nCoordenadas: -41.1689996 -71.4407135\nGarita: \nCartel: \nObservaciones: \nConexiones: (55_1:48)-(55_2:1)-","Código":"4526","Coordenadas":"-41.1689996 -71.4407135","Garita":"","Cartel":"","Observaciones":"","Conexiones":"(55_1:48)-(55_2:1)-"}},
{"type":"Feature","geometry":{"type":"Point","coordinates":[-71.310867,-41.13448,0]},"properties":{"name":"San Martín - Centro Cívico -a","description":{"@type":"html","value":"descripción: Código: 5008<br>Coordenadas: -41.1344799 -71.310867<br>Garita: 1<br>Cartel: <br>Observaciones: <br>Conexiones: (10_A1:8)-(10_B1:8)-(10_C1:8)-(13/22_A1:7)-(20_1:8)-(21_1:8)-<br>Código: 5008<br>Coordenadas: -41.1344799 -71.310867<br>Garita: 1.0<br>Cartel: <br>Observaciones: <br>Conexiones: (10_A1:8)-(10_B1:8)-(10_C1:8)-(13/22_A1:7)-(20_1:8)-(21_1:8)-"},"styleUrl":"#icon-1739-E65100","icon-scale":1,"icon":"images/icon-1.png","descripción":"Código: 5008\nCoordenadas: -41.1344799 -71.310867\nGarita: 1\nCartel: \nObservaciones: \nConexiones: (10_A1:8)-(10_B1:8)-(10_C1:8)-(13/22_A1:7)-(20_1:8)-(21_1:8)-","Código":"5008","Coordenadas":"-41.1344799 -71.310867","Garita":"1.0","Cartel":"","Observaciones":"","Conexiones":"(10_A1:8)-(10_B1:8)-(10_C1:8)-(13/22_A1:7)-(20_1:8)-(21_1:8)-"}},
{"type":"Feature","geometry":{"type":"Point","coordinates":[-71.312998,-41.134218,0]},"properties":{"name":"San Martin y Libertad","description":{"@type":"html","value":"descripción: Código: 5009<br>Coordenadas: -41.1342184 -71.3129983<br>Garita: <br>Cartel: 1<br>Observaciones: <br>Conexiones: (10_A1:9)-(10_B1:9)-(10_C1:9)-(13/22_A1:8)-(20_1:9)-(21_1:9)-<br>Código: 5009<br>Coordenadas: -41.1342184 -71.3129983<br>Garita: <br>Cartel: 1.0<br>Observaciones: <br>Conexiones: (10_A1:9)-(10_B1:9)-(10_C1:9)-(13/22_A1:8)-(20_1:9)-(21_1:9)-"},"styleUrl":"#icon-1739-E65100","icon-scale":1,"icon":"images/icon-1.png","descripción":"Código: 5009\nCoordenadas: -41.1342184 -71.3129983\nGarita: \nCartel: 1\nObservaciones: \nConexiones: (10_A1:9)-(10_B1:9)-(10_C1:9)-(13/22_A1:8)-(20_1:9)-(21_1:9)-","Código":"5009","Coordenadas":"-41.1342184 -71.3129983","Garita":"","Cartel":"1.0","Observaciones":"","Conexiones":"(10_A1:9)-(10_B1:9)-(10_C1:9)-(13/22_A1:8)-(20_1:9)-(21_1:9)-"}},
{"type":"Feature","geometry":{"type":"Point","coordinates":[-71.315969,-41.133555,0]},"properties":{"name":"San Martin y Berutti","description":{"@type":"html","value":"descripción: Código: 5010<br>Coordenadas: -41.133555 -71.315969<br>Garita: <br>Cartel: 1<br>Observaciones: <br>Conexiones: (10_A1:10)-(10_B1:10)-(10_C1:10)-(13/22_A1:9)-(20_1:10)-(21_1:10)-<br>Código: 5010<br>Coordenadas: -41.133555 -71.315969<br>Garita: <br>Cartel: 1.0<br>Observaciones: <br>Conexiones: (10_A1:10)-(10_B1:10)-(10_C1:10)-(13/22_A1:9)-(20_1:10)-(21_1:10)-"},"styleUrl":"#icon-1739-E65100","icon-scale":1,"icon":"images/icon-1.png","descripción":"Código: 5010\nCoordenadas: -41.133555 -71.315969\nGarita: \nCartel: 1\nObservaciones: \nConexiones: (10_A1:10)-(10_B1:10)-(10_C1:10)-(13/22_A1:9)-(20_1:10)-(21_1:10)-","Código":"5010","Coordenadas":"-41.133555 -71.315969","Garita":"","Cartel":"1.0","Observaciones":"","Conexiones":"(10_A1:10)-(10_B1:10)-(10_C1:10)-(13/22_A1:9)-(20_1:10)-(21_1:10)-"}},
{"type":"Feature","geometry":{"type":"Point","coordinates":[-71.318776,-41.132925,0]},"properties":{"name":"San Martín - Monolito","description":{"@type":"html","value":"descripción: Código: 5011<br>Coordenadas: -41.1329249 -71.318776<br>Garita: <br>Cartel: 1<br>Observaciones: <br>Conexiones: (10_A1:11)-(10_B1:11)-(10_C1:11)-(13/22_A1:10)-(20_1:11)-(21_1:11)-<br>Código: 5011<br>Coordenadas: -41.1329249 -71.318776<br>Garita: <br>Cartel: 1.0<br>Observaciones: <br>Conexiones: (10_A1:11)-(10_B1:11)-(10_C1:11)-(13/22_A1:10)-(20_1:11)-(21_1:11)-"},"styleUrl":"#icon-1739-E65100","icon-scale":1,"icon":"images/icon-1.png","descripción":"Código: 5011\nCoordenadas: -41.1329249 -71.318776\nGarita: \nCartel: 1\nObservaciones: \nConexiones: (10_A1:11)-(10_B1:11)-(10_C1:11)-(13/22_A1:10)-(20_1:11)-(21_1:11)-","Código":"5011","Coordenadas":"-41.1329249 -71.318776","Garita":"","Cartel":"1.0","Observaciones":"","Conexiones":"(10_A1:11)-(10_B1:11)-(10_C1:11)-(13/22_A1:10)-(20_1:11)-(21_1:11)-"}},
{"type":"Feature","geometry":{"type":"Point","coordinates":[-71.365856,-41.17971,0]},"properties":{"name":"RN 40 y De Los Pañiles -a","description":{"@type":"html","value":"descripción: Código: 5012<br>Coordenadas: -41.1797098 -71.3658561<br>Garita: <br>Cartel: <br>Observaciones: <br>Conexiones: (41_1:35)-<br>Código: 5012<br>Coordenadas: -41.1797098 -71.3658561<br>Garita: <br>Cartel: <br>Observaciones: <br>Conexiones: (41_1:35)-"},"styleUrl":"#icon-1739-E65100","icon-scale":1,"icon":"images/icon-1.png","descripción":"Código: 5012\nCoordenadas: -41.1797098 -71.3658561\nGarita: \nCartel: \nObservaciones: \nConexiones: (41_1:35)-","Código":"5012","Coordenadas":"-41.1797098 -71.3658561","Garita":"","Cartel":"","Observaciones":"","Conexiones":"(41_1:35)-"}},
{"type":"Feature","geometry":{"type":"Point","coordinates":[-71.365853,-41.179855,0]},"properties":{"name":"RN 40 y De Los Pañiles -b","description":{"@type":"html","value":"descripción: Código: 5013<br>Coordenadas: -41.1798551 -71.3658534<br>Garita: <br>Cartel: <br>Observaciones: <br>Conexiones: (41_2:16)-<br>Código: 5013<br>Coordenadas: -41.1798551 -71.3658534<br>Garita: <br>Cartel: <br>Observaciones: <br>Conexiones: (41_2:16)-"},"styleUrl":"#icon-1739-E65100","icon-scale":1,"icon":"images/icon-1.png","descripción":"Código: 5013\nCoordenadas: -41.1798551 -71.3658534\nGarita: \nCartel: \nObservaciones: \nConexiones: (41_2:16)-","Código":"5013","Coordenadas":"-41.1798551 -71.3658534","Garita":"","Cartel":"","Observaciones":"","Conexiones":"(41_2:16)-"}},
{"type":"Feature","geometry":{"type":"Point","coordinates":[-71.33029,-41.16145,0]},"properties":{"name":"Ñancu Lahuen y Cacique Nahuel -a","description":{"@type":"html","value":"descripción: Código: 5014<br>Coordenadas: -41.16145 -71.33029<br>Garita: 1<br>Cartel: <br>Observaciones: <br>Conexiones: (61_A1:53)-(61_B1:36)-(61_C1:36)-<br>Código: 5014<br>Coordenadas: -41.16145 -71.33029<br>Garita: 1.0<br>Cartel: <br>Observaciones: <br>Conexiones: (61_A1:53)-(61_B1:36)-(61_C1:36)-"},"styleUrl":"#icon-1739-E65100","icon-scale":1,"icon":"images/icon-1.png","descripción":"Código: 5014\nCoordenadas: -41.16145 -71.33029\nGarita: 1\nCartel: \nObservaciones: \nConexiones: (61_A1:53)-(61_B1:36)-(61_C1:36)-","Código":"5014","Coordenadas":"-41.16145 -71.33029","Garita":"1.0","Cartel":"","Observaciones":"","Conexiones":"(61_A1:53)-(61_B1:36)-(61_C1:36)-"}},
{"type":"Feature","geometry":{"type":"Point","coordinates":[-71.220721,-41.119985,0]},"properties":{"name":"Acceso Aeropuerto y RN 40 -a","description":{"@type":"html","value":"descripción: Código: 5015<br>Coordenadas: -41.1199849 -71.220721<br>Garita: <br>Cartel: <br>Observaciones: <br>Conexiones: (72_1:22)-<br>Código: 5015<br>Coordenadas: -41.1199849 -71.220721<br>Garita: <br>Cartel: <br>Observaciones: <br>Conexiones: (72_1:22)-"},"styleUrl":"#icon-1739-E65100","icon-scale":1,"icon":"images/icon-1.png","descripción":"Código: 5015\nCoordenadas: -41.1199849 -71.220721\nGarita: \nCartel: \nObservaciones: \nConexiones: (72_1:22)-","Código":"5015","Coordenadas":"-41.1199849 -71.220721","Garita":"","Cartel":"","Observaciones":"","Conexiones":"(72_1:22)-"}},
{"type":"Feature","geometry":{"type":"Point","coordinates":[-71.217492,-41.120353,0]},"properties":{"name":"Sociedad Rural -a","description":{"@type":"html","value":"descripción: Código: 5016<br>Coordenadas: -41.1203526 -71.2174916<br>Garita: <br>Cartel: <br>Observaciones: <br>Conexiones: (72_1:23)-<br>Código: 5016<br>Coordenadas: -41.1203526 -71.2174916<br>Garita: <br>Cartel: <br>Observaciones: <br>Conexiones: (72_1:23)-"},"styleUrl":"#icon-1739-E65100","icon-scale":1,"icon":"images/icon-1.png","descripción":"Código: 5016\nCoordenadas: -41.1203526 -71.2174916\nGarita: \nCartel: \nObservaciones: \nConexiones: (72_1:23)-","Código":"5016","Coordenadas":"-41.1203526 -71.2174916","Garita":"","Cartel":"","Observaciones":"","Conexiones":"(72_1:23)-"}},
{"type":"Feature","geometry":{"type":"Point","coordinates":[-71.285993,-41.133481,0]},"properties":{"name":"Av. 12 de Octubre y Los Ñires","description":{"@type":"html","value":"descripción: Código: 5017<br>Coordenadas: -41.1334806 -71.2859926<br>Garita: 1<br>Cartel: <br>Observaciones: <br>Conexiones: (10_A2:70)-(10_B2:71)-(10_C2:80)-(13/22_A2:73)-(20_2:72)-(21_2:54)-(55_2:47)-(60_1:38)-(61_A2:46)-(70_1:37)-(71/81_A2:39)-(71/81_B2:39)-(71/81_C2:40)-(82_1:25)-<br>Código: 5017<br>Coordenadas: -41.1334806 -71.2859926<br>Garita: 1.0<br>Cartel: <br>Observaciones: <br>Conexiones: (10_A2:70)-(10_B2:71)-(10_C2:80)-(13/22_A2:73)-(20_2:72)-(21_2:54)-(55_2:47)-(60_1:38)-(61_A2:46)-(70_1:37)-(71/81_A2:39)-(71/81_B2:39)-(71/81_C2:40)-(82_1:25)-"},"styleUrl":"#icon-1739-E65100","icon-scale":1,"icon":"images/icon-1.png","descripción":"Código: 5017\nCoordenadas: -41.1334806 -71.2859926\nGarita: 1\nCartel: \nObservaciones: \nConexiones: (10_A2:70)-(10_B2:71)-(10_C2:80)-(13/22_A2:73)-(20_2:72)-(21_2:54)-(55_2:47)-(60_1:38)-(61_A2:46)-(70_1:37)-(71/81_A2:39)-(71/81_B2:39)-(71/81_C2:40)-(82_1:25)-","Código":"5017","Coordenadas":"-41.1334806 -71.2859926","Garita":"1.0","Cartel":"","Observaciones":"","Conexiones":"(10_A2:70)-(10_B2:71)-(10_C2:80)-(13/22_A2:73)-(20_2:72)-(21_2:54)-(55_2:47)-(60_1:38)-(61_A2:46)-(70_1:37)-(71/81_A2:39)-(71/81_B2:39)-(71/81_C2:40)-(82_1:25)-"}},
{"type":"Feature","geometry":{"type":"Point","coordinates":[-71.416815,-41.131993,0]},"properties":{"name":"Acceso Catedral y Sierra de las Quijadas -b","description":{"@type":"html","value":"descripción: Código: 5018<br>Coordenadas: -41.1319932 -71.4168146<br>Garita: <br>Cartel: <br>Observaciones: <br>Conexiones: (55_2:9)-<br>Código: 5018<br>Coordenadas: -41.1319932 -71.4168146<br>Garita: <br>Cartel: <br>Observaciones: <br>Conexiones: (55_2:9)-"},"styleUrl":"#icon-1739-E65100","icon-scale":1,"icon":"images/icon-1.png","descripción":"Código: 5018\nCoordenadas: -41.1319932 -71.4168146\nGarita: \nCartel: \nObservaciones: \nConexiones: (55_2:9)-","Código":"5018","Coordenadas":"-41.1319932 -71.4168146","Garita":"","Cartel":"","Observaciones":"","Conexiones":"(55_2:9)-"}},
{"type":"Feature","geometry":{"type":"Point","coordinates":[-71.416644,-41.13189,0]},"properties":{"name":"Acceso Catedral y Sierra de las Quijadas -a","description":{"@type":"html","value":"descripción: Código: 5019<br>Coordenadas: -41.1318901 -71.4166441<br>Garita: <br>Cartel: <br>Observaciones: <br>Conexiones: (55_1:39)-<br>Código: 5019<br>Coordenadas: -41.1318901 -71.4166441<br>Garita: <br>Cartel: <br>Observaciones: <br>Conexiones: (55_1:39)-"},"styleUrl":"#icon-1739-E65100","icon-scale":1,"icon":"images/icon-1.png","descripción":"Código: 5019\nCoordenadas: -41.1318901 -71.4166441\nGarita: \nCartel: \nObservaciones: \nConexiones: (55_1:39)-","Código":"5019","Coordenadas":"-41.1318901 -71.4166441","Garita":"","Cartel":"","Observaciones":"","Conexiones":"(55_1:39)-"}},
{"type":"Feature","geometry":{"type":"Point","coordinates":[-71.439152,-41.151213,0]},"properties":{"name":"Acceso a Cerro Catedral - Puesto Policial -b","description":{"@type":"html","value":"descripción: Código: 5020<br>Coordenadas: -41.1512128 -71.4391517<br>Garita: <br>Cartel: <br>Observaciones: <br>Conexiones: (55_2:8)-<br>Código: 5020<br>Coordenadas: -41.1512128 -71.4391517<br>Garita: <br>Cartel: <br>Observaciones: <br>Conexiones: (55_2:8)-"},"styleUrl":"#icon-1739-E65100","icon-scale":1,"icon":"images/icon-1.png","descripción":"Código: 5020\nCoordenadas: -41.1512128 -71.4391517\nGarita: \nCartel: \nObservaciones: \nConexiones: (55_2:8)-","Código":"5020","Coordenadas":"-41.1512128 -71.4391517","Garita":"","Cartel":"","Observaciones":"","Conexiones":"(55_2:8)-"}},
{"type":"Feature","geometry":{"type":"Point","coordinates":[-71.436048,-41.150616,0]},"properties":{"name":"Acceso a Cerro Catedral - Viejo camino -b","description":{"@type":"html","value":"descripción: Código: 5021<br>Coordenadas: -41.1506161 -71.4360484<br>Garita: <br>Cartel: <br>Observaciones: <br>Conexiones: (55_2:6)-<br>Código: 5021<br>Coordenadas: -41.1506161 -71.4360484<br>Garita: <br>Cartel: <br>Observaciones: <br>Conexiones: (55_2:6)-"},"styleUrl":"#icon-1739-E65100","icon-scale":1,"icon":"images/icon-1.png","descripción":"Código: 5021\nCoordenadas: -41.1506161 -71.4360484\nGarita: \nCartel: \nObservaciones: \nConexiones: (55_2:6)-","Código":"5021","Coordenadas":"-41.1506161 -71.4360484","Garita":"","Cartel":"","Observaciones":"","Conexiones":"(55_2:6)-"}},
{"type":"Feature","geometry":{"type":"Point","coordinates":[-71.497229,-41.072702,0]},"properties":{"name":"RP 77 Circuito Chico - Laguna El Trébol -b","description":{"@type":"html","value":"descripción: Código: 5022<br>Coordenadas: -41.0727019 -71.4972293<br>Garita: <br>Cartel: <br>Observaciones: <br>Conexiones: (10_C2:23)-(13/22_B1:15)-(13_1:24)-<br>Código: 5022<br>Coordenadas: -41.0727019 -71.4972293<br>Garita: <br>Cartel: <br>Observaciones: <br>Conexiones: (10_C2:23)-(13/22_B1:15)-(13_1:24)-"},"styleUrl":"#icon-1739-E65100","icon-scale":1,"icon":"images/icon-1.png","descripción":"Código: 5022\nCoordenadas: -41.0727019 -71.4972293\nGarita: \nCartel: \nObservaciones: \nConexiones: (10_C2:23)-(13/22_B1:15)-(13_1:24)-","Código":"5022","Coordenadas":"-41.0727019 -71.4972293","Garita":"","Cartel":"","Observaciones":"","Conexiones":"(10_C2:23)-(13/22_B1:15)-(13_1:24)-"}},
{"type":"Feature","geometry":{"type":"Point","coordinates":[-71.366146,-41.17413,0]},"properties":{"name":"De los Pañiles y De los Espinos -a","description":{"@type":"html","value":"descripción: Código: 5023<br>Coordenadas: -41.1741299 -71.3661465<br>Garita: <br>Cartel: <br>Observaciones: <br>Conexiones: (41_1:38)-(41_2:9)-<br>Código: 5023<br>Coordenadas: -41.1741299 -71.3661465<br>Garita: <br>Cartel: <br>Observaciones: <br>Conexiones: (41_1:38)-(41_2:9)-"},"styleUrl":"#icon-1739-E65100","icon-scale":1,"icon":"images/icon-1.png","descripción":"Código: 5023\nCoordenadas: -41.1741299 -71.3661465\nGarita: \nCartel: \nObservaciones: \nConexiones: (41_1:38)-(41_2:9)-","Código":"5023","Coordenadas":"-41.1741299 -71.3661465","Garita":"","Cartel":"","Observaciones":"","Conexiones":"(41_1:38)-(41_2:9)-"}},
{"type":"Feature","geometry":{"type":"Point","coordinates":[-71.366047,-41.171167,0]},"properties":{"name":"De los Pañiles y De las Moras -a","description":{"@type":"html","value":"descripción: Código: 5024<br>Coordenadas: -41.1711672 -71.3660474<br>Garita: <br>Cartel: <br>Observaciones: <br>Conexiones: (41_1:39)-(41_2:10)-<br>Código: 5024<br>Coordenadas: -41.1711672 -71.3660474<br>Garita: <br>Cartel: <br>Observaciones: <br>Conexiones: (41_1:39)-(41_2:10)-"},"styleUrl":"#icon-1739-E65100","icon-scale":1,"icon":"images/icon-1.png","descripción":"Código: 5024\nCoordenadas: -41.1711672 -71.3660474\nGarita: \nCartel: \nObservaciones: \nConexiones: (41_1:39)-(41_2:10)-","Código":"5024","Coordenadas":"-41.1711672 -71.3660474","Garita":"","Cartel":"","Observaciones":"","Conexiones":"(41_1:39)-(41_2:10)-"}},
{"type":"Feature","geometry":{"type":"Point","coordinates":[-71.390466,-41.175364,0]},"properties":{"name":"RP 82 Km.6 -b","description":{"@type":"html","value":"descripción: Código: 5025<br>Coordenadas: -41.1753637 -71.3904661<br>Garita: <br>Cartel: <br>Observaciones: <br>Conexiones: (41_2:3)-(50_A1:65)-(50_B1:57)-<br>Código: 5025<br>Coordenadas: -41.1753637 -71.3904661<br>Garita: <br>Cartel: <br>Observaciones: <br>Conexiones: (41_2:3)-(50_A1:65)-(50_B1:57)-"},"styleUrl":"#icon-1739-E65100","icon-scale":1,"icon":"images/icon-1.png","descripción":"Código: 5025\nCoordenadas: -41.1753637 -71.3904661\nGarita: \nCartel: \nObservaciones: \nConexiones: (41_2:3)-(50_A1:65)-(50_B1:57)-","Código":"5025","Coordenadas":"-41.1753637 -71.3904661","Garita":"","Cartel":"","Observaciones":"","Conexiones":"(41_2:3)-(50_A1:65)-(50_B1:57)-"}},
{"type":"Feature","geometry":{"type":"Point","coordinates":[-71.312466,-41.158053,0]},"properties":{"name":"Av. Juan Herman y Miramar -b","description":{"@type":"html","value":"descripción: Código: 5027<br>Coordenadas: -41.1580532 -71.3124656<br>Garita: 1<br>Cartel: <br>Observaciones: <br>Conexiones: (40_2:21)-(61_B2:24)-(81_B2:28)-<br>Código: 5027<br>Coordenadas: -41.1580532 -71.3124656<br>Garita: 1.0<br>Cartel: <br>Observaciones: <br>Conexiones: (40_2:21)-(61_B2:24)-(81_B2:28)-"},"styleUrl":"#icon-1739-E65100","icon-scale":1,"icon":"images/icon-1.png","descripción":"Código: 5027\nCoordenadas: -41.1580532 -71.3124656\nGarita: 1\nCartel: \nObservaciones: \nConexiones: (40_2:21)-(61_B2:24)-(81_B2:28)-","Código":"5027","Coordenadas":"-41.1580532 -71.3124656","Garita":"1.0","Cartel":"","Observaciones":"","Conexiones":"(40_2:21)-(61_B2:24)-(81_B2:28)-"}},
{"type":"Feature","geometry":{"type":"Point","coordinates":[-71.489634,-41.072524,0]},"properties":{"name":"RP 77 Circuito Chico y C. Paramela -a","description":{"@type":"html","value":"descripción: Código: 5028<br>Coordenadas: -41.0725238 -71.489634<br>Garita: 1<br>Cartel: <br>Observaciones: <br>Conexiones: (10_A1:60)-(10_B1:60)-(10_C1:60)-(13/22_B2:22)-(13_2:3)-<br>Código: 5028<br>Coordenadas: -41.0725238 -71.489634<br>Garita: 1.0<br>Cartel: <br>Observaciones: <br>Conexiones: (10_A1:60)-(10_B1:60)-(10_C1:60)-(13/22_B2:22)-(13_2:3)-"},"styleUrl":"#icon-1739-E65100","icon-scale":1,"icon":"images/icon-1.png","descripción":"Código: 5028\nCoordenadas: -41.0725238 -71.489634\nGarita: 1\nCartel: \nObservaciones: \nConexiones: (10_A1:60)-(10_B1:60)-(10_C1:60)-(13/22_B2:22)-(13_2:3)-","Código":"5028","Coordenadas":"-41.0725238 -71.489634","Garita":"1.0","Cartel":"","Observaciones":"","Conexiones":"(10_A1:60)-(10_B1:60)-(10_C1:60)-(13/22_B2:22)-(13_2:3)-"}},
{"type":"Feature","geometry":{"type":"Point","coordinates":[-71.507478,-41.087851,0]},"properties":{"name":"Genoveva Beveraggi 1480 -b","description":{"@type":"html","value":"descripción: Código: 5029<br>Coordenadas: -41.0878507 -71.5074775<br>Garita: <br>Cartel: <br>Observaciones: <br>Conexiones: (10_A2:8)-(13/22_B1:9)-<br>Código: 5029<br>Coordenadas: -41.0878507 -71.5074775<br>Garita: <br>Cartel: <br>Observaciones: <br>Conexiones: (10_A2:8)-(13/22_B1:9)-"},"styleUrl":"#icon-1739-E65100","icon-scale":1,"icon":"images/icon-1.png","descripción":"Código: 5029\nCoordenadas: -41.0878507 -71.5074775\nGarita: \nCartel: \nObservaciones: \nConexiones: (10_A2:8)-(13/22_B1:9)-","Código":"5029","Coordenadas":"-41.0878507 -71.5074775","Garita":"","Cartel":"","Observaciones":"","Conexiones":"(10_A2:8)-(13/22_B1:9)-"}},
{"type":"Feature","geometry":{"type":"Point","coordinates":[-71.507312,-41.086626,0]},"properties":{"name":"Genoveva Beveraggi - Escarpa -b","description":{"@type":"html","value":"descripción: Código: 5030<br>Coordenadas: -41.0866257 -71.5073118<br>Garita: <br>Cartel: <br>Observaciones: <br>Conexiones: (10_A2:9)-(13/22_B1:10)-<br>Código: 5030<br>Coordenadas: -41.0866257 -71.5073118<br>Garita: <br>Cartel: <br>Observaciones: <br>Conexiones: (10_A2:9)-(13/22_B1:10)-"},"styleUrl":"#icon-1739-E65100","icon-scale":1,"icon":"images/icon-1.png","descripción":"Código: 5030\nCoordenadas: -41.0866257 -71.5073118\nGarita: \nCartel: \nObservaciones: \nConexiones: (10_A2:9)-(13/22_B1:10)-","Código":"5030","Coordenadas":"-41.0866257 -71.5073118","Garita":"","Cartel":"","Observaciones":"","Conexiones":"(10_A2:9)-(13/22_B1:10)-"}},
{"type":"Feature","geometry":{"type":"Point","coordinates":[-71.508471,-41.084038,0]},"properties":{"name":"Genoveva Beveraggi - Curva -b","description":{"@type":"html","value":"descripción: Código: 5031<br>Coordenadas: -41.0840384 -71.5084708<br>Garita: <br>Cartel: <br>Observaciones: <br>Conexiones: (10_A2:10)-(13/22_B1:11)-<br>Código: 5031<br>Coordenadas: -41.0840384 -71.5084708<br>Garita: <br>Cartel: <br>Observaciones: <br>Conexiones: (10_A2:10)-(13/22_B1:11)-"},"styleUrl":"#icon-1739-E65100","icon-scale":1,"icon":"images/icon-1.png","descripción":"Código: 5031\nCoordenadas: -41.0840384 -71.5084708\nGarita: \nCartel: \nObservaciones: \nConexiones: (10_A2:10)-(13/22_B1:11)-","Código":"5031","Coordenadas":"-41.0840384 -71.5084708","Garita":"","Cartel":"","Observaciones":"","Conexiones":"(10_A2:10)-(13/22_B1:11)-"}},
{"type":"Feature","geometry":{"type":"Point","coordinates":[-71.506712,-41.095535,0]},"properties":{"name":"Camping Colonia Suiza -b","description":{"@type":"html","value":"descripción: Código: 5032<br>Coordenadas: -41.0955353 -71.5067123<br>Garita: <br>Cartel: <br>Observaciones: <br>Conexiones: (10_A2:5)-(13/22_B1:6)-<br>Código: 5032<br>Coordenadas: -41.0955353 -71.5067123<br>Garita: <br>Cartel: <br>Observaciones: <br>Conexiones: (10_A2:5)-(13/22_B1:6)-"},"styleUrl":"#icon-1739-E65100","icon-scale":1,"icon":"images/icon-1.png","descripción":"Código: 5032\nCoordenadas: -41.0955353 -71.5067123\nGarita: \nCartel: \nObservaciones: \nConexiones: (10_A2:5)-(13/22_B1:6)-","Código":"5032","Coordenadas":"-41.0955353 -71.5067123","Garita":"","Cartel":"","Observaciones":"","Conexiones":"(10_A2:5)-(13/22_B1:6)-"}},
{"type":"Feature","geometry":{"type":"Point","coordinates":[-71.508877,-41.09348,0]},"properties":{"name":"Beveraggi y Zurich -b","description":{"@type":"html","value":"descripción: Código: 5033<br>Coordenadas: -41.0934798 -71.5088768<br>Garita: <br>Cartel: <br>Observaciones: <br>Conexiones: (10_A2:6)-(13/22_B1:7)-<br>Código: 5033<br>Coordenadas: -41.0934798 -71.5088768<br>Garita: <br>Cartel: <br>Observaciones: <br>Conexiones: (10_A2:6)-(13/22_B1:7)-"},"styleUrl":"#icon-1739-E65100","icon-scale":1,"icon":"images/icon-1.png","descripción":"Código: 5033\nCoordenadas: -41.0934798 -71.5088768\nGarita: \nCartel: \nObservaciones: \nConexiones: (10_A2:6)-(13/22_B1:7)-","Código":"5033","Coordenadas":"-41.0934798 -71.5088768","Garita":"","Cartel":"","Observaciones":"","Conexiones":"(10_A2:6)-(13/22_B1:7)-"}},
{"type":"Feature","geometry":{"type":"Point","coordinates":[-71.510945,-41.092817,0]},"properties":{"name":"Destacamento Colonia Suiza -b","description":{"@type":"html","value":"descripción: Código: 5034<br>Coordenadas: -41.0928168 -71.5109448<br>Garita: <br>Cartel: <br>Observaciones: <br>Conexiones: (10_A2:7)-(13/22_B1:8)-<br>Código: 5034<br>Coordenadas: -41.0928168 -71.5109448<br>Garita: <br>Cartel: <br>Observaciones: <br>Conexiones: (10_A2:7)-(13/22_B1:8)-"},"styleUrl":"#icon-1739-E65100","icon-scale":1,"icon":"images/icon-1.png","descripción":"Código: 5034\nCoordenadas: -41.0928168 -71.5109448\nGarita: \nCartel: \nObservaciones: \nConexiones: (10_A2:7)-(13/22_B1:8)-","Código":"5034","Coordenadas":"-41.0928168 -71.5109448","Garita":"","Cartel":"","Observaciones":"","Conexiones":"(10_A2:7)-(13/22_B1:8)-"}},
{"type":"Feature","geometry":{"type":"Point","coordinates":[-71.494698,-41.073374,0]},"properties":{"name":"RP 77 Circuito Chico Km.20 -b","description":{"@type":"html","value":"descripción: Código: 5035<br>Coordenadas: -41.0733742 -71.4946977<br>Garita: <br>Cartel: <br>Observaciones: <br>Conexiones: (10_A2:14)-(10_B2:15)-(10_C2:24)-(13/22_B1:16)-(13_1:25)-<br>Código: 5035<br>Coordenadas: -41.0733742 -71.4946977<br>Garita: <br>Cartel: <br>Observaciones: <br>Conexiones: (10_A2:14)-(10_B2:15)-(10_C2:24)-(13/22_B1:16)-(13_1:25)-"},"styleUrl":"#icon-1739-E65100","icon-scale":1,"icon":"images/icon-1.png","descripción":"Código: 5035\nCoordenadas: -41.0733742 -71.4946977\nGarita: \nCartel: \nObservaciones: \nConexiones: (10_A2:14)-(10_B2:15)-(10_C2:24)-(13/22_B1:16)-(13_1:25)-","Código":"5035","Coordenadas":"-41.0733742 -71.4946977","Garita":"","Cartel":"","Observaciones":"","Conexiones":"(10_A2:14)-(10_B2:15)-(10_C2:24)-(13/22_B1:16)-(13_1:25)-"}},
{"type":"Feature","geometry":{"type":"Point","coordinates":[-71.280335,-41.135859,0]},"properties":{"name":"Esandi - Delegación Municipal -b","description":{"@type":"html","value":"descripción: Código: 5036<br>Coordenadas: -41.1358593 -71.2803353<br>Garita: <br>Cartel: <br>Observaciones: <br>Conexiones: (82_2:18)-<br>Código: 5036<br>Coordenadas: -41.1358593 -71.2803353<br>Garita: <br>Cartel: <br>Observaciones: <br>Conexiones: (82_2:18)-"},"styleUrl":"#icon-1739-E65100","icon-scale":1,"icon":"images/icon-1.png","descripción":"Código: 5036\nCoordenadas: -41.1358593 -71.2803353\nGarita: \nCartel: \nObservaciones: \nConexiones: (82_2:18)-","Código":"5036","Coordenadas":"-41.1358593 -71.2803353","Garita":"","Cartel":"","Observaciones":"","Conexiones":"(82_2:18)-"}},
{"type":"Feature","geometry":{"type":"Point","coordinates":[-71.260632,-41.147212,0]},"properties":{"name":"Av. Las Victorias y Bacacay -b","description":{"@type":"html","value":"descripción: Código: 5037<br>Coordenadas: -41.1472125 -71.260632<br>Garita: <br>Cartel: <br>Observaciones: <br>Conexiones: (70_2:2)-<br>Código: 5037<br>Coordenadas: -41.1472125 -71.260632<br>Garita: <br>Cartel: <br>Observaciones: <br>Conexiones: (70_2:2)-"},"styleUrl":"#icon-1739-E65100","icon-scale":1,"icon":"images/icon-1.png","descripción":"Código: 5037\nCoordenadas: -41.1472125 -71.260632\nGarita: \nCartel: \nObservaciones: \nConexiones: (70_2:2)-","Código":"5037","Coordenadas":"-41.1472125 -71.260632","Garita":"","Cartel":"","Observaciones":"","Conexiones":"(70_2:2)-"}},
{"type":"Feature","geometry":{"type":"Point","coordinates":[-71.26089,-41.144943,0]},"properties":{"name":"Av. Las Victorias y Carabobo -b","description":{"@type":"html","value":"descripción: Código: 5038<br>Coordenadas: -41.1449429 -71.2608902<br>Garita: <br>Cartel: <br>Observaciones: <br>Conexiones: (70_2:3)-<br>Código: 5038<br>Coordenadas: -41.1449429 -71.2608902<br>Garita: <br>Cartel: <br>Observaciones: <br>Conexiones: (70_2:3)-"},"styleUrl":"#icon-1739-E65100","icon-scale":1,"icon":"images/icon-1.png","descripción":"Código: 5038\nCoordenadas: -41.1449429 -71.2608902\nGarita: \nCartel: \nObservaciones: \nConexiones: (70_2:3)-","Código":"5038","Coordenadas":"-41.1449429 -71.2608902","Garita":"","Cartel":"","Observaciones":"","Conexiones":"(70_2:3)-"}},
{"type":"Feature","geometry":{"type":"Point","coordinates":[-71.261125,-41.14313,0]},"properties":{"name":"Av. Las Victorias y Curapalihue -b","description":{"@type":"html","value":"descripción: Código: 5039<br>Coordenadas: -41.1431299 -71.2611246<br>Garita: <br>Cartel: <br>Observaciones: <br>Conexiones: (70_2:4)-<br>Código: 5039<br>Coordenadas: -41.1431299 -71.2611246<br>Garita: <br>Cartel: <br>Observaciones: <br>Conexiones: (70_2:4)-"},"styleUrl":"#icon-1739-E65100","icon-scale":1,"icon":"images/icon-1.png","descripción":"Código: 5039\nCoordenadas: -41.1431299 -71.2611246\nGarita: \nCartel: \nObservaciones: \nConexiones: (70_2:4)-","Código":"5039","Coordenadas":"-41.1431299 -71.2611246","Garita":"","Cartel":"","Observaciones":"","Conexiones":"(70_2:4)-"}},
{"type":"Feature","geometry":{"type":"Point","coordinates":[-71.31326,-41.13428,0]},"properties":{"name":"San Martin y Libertad -a","description":{"@type":"html","value":"descripción: Código: 5040<br>Coordenadas: -41.13428 -71.31326<br>Garita: <br>Cartel: 1<br>Observaciones: <br>Conexiones: (10_A2:61)-(10_B2:62)-(10_C2:71)-(13/22_A2:64)-(20_2:65)-(21_2:47)-<br>Código: 5040<br>Coordenadas: -41.13428 -71.31326<br>Garita: <br>Cartel: 1.0<br>Observaciones: <br>Conexiones: (10_A2:61)-(10_B2:62)-(10_C2:71)-(13/22_A2:64)-(20_2:65)-(21_2:47)-"},"styleUrl":"#icon-1739-E65100","icon-scale":1,"icon":"images/icon-1.png","descripción":"Código: 5040\nCoordenadas: -41.13428 -71.31326\nGarita: \nCartel: 1\nObservaciones: \nConexiones: (10_A2:61)-(10_B2:62)-(10_C2:71)-(13/22_A2:64)-(20_2:65)-(21_2:47)-","Código":"5040","Coordenadas":"-41.13428 -71.31326","Garita":"","Cartel":"1.0","Observaciones":"","Conexiones":"(10_A2:61)-(10_B2:62)-(10_C2:71)-(13/22_A2:64)-(20_2:65)-(21_2:47)-"}},
{"type":"Feature","geometry":{"type":"Point","coordinates":[-71.439537,-41.153486,0]},"properties":{"name":"Acceso a Cerro Catedral - Playa Norte -b","description":{"@type":"html","value":"descripción: Código: 5041<br>Coordenadas: -41.1534865 -71.4395369<br>Garita: <br>Cartel: <br>Observaciones: <br>Conexiones: (55_2:7)-<br>Código: 5041<br>Coordenadas: -41.1534865 -71.4395369<br>Garita: <br>Cartel: <br>Observaciones: <br>Conexiones: (55_2:7)-"},"styleUrl":"#icon-1739-E65100","icon-scale":1,"icon":"images/icon-1.png","descripción":"Código: 5041\nCoordenadas: -41.1534865 -71.4395369\nGarita: \nCartel: \nObservaciones: \nConexiones: (55_2:7)-","Código":"5041","Coordenadas":"-41.1534865 -71.4395369","Garita":"","Cartel":"","Observaciones":"","Conexiones":"(55_2:7)-"}},
{"type":"Feature","geometry":{"type":"Point","coordinates":[-71.414551,-41.161599,0]},"properties":{"name":"Balcón Gutiérrez y Pque. Nac. Arrayanes -a","description":{"@type":"html","value":"descripción: Código: 5042<br>Coordenadas: -41.1615993 -71.4145512<br>Garita: <br>Cartel: <br>Observaciones: <br>Conexiones: (50_A1:56)-(50_B2:12)-(50_C1:55)-<br>Código: 5042<br>Coordenadas: -41.1615993 -71.4145512<br>Garita: <br>Cartel: <br>Observaciones: <br>Conexiones: (50_A1:56)-(50_B2:12)-(50_C1:55)-"},"styleUrl":"#icon-1739-E65100","icon-scale":1,"icon":"images/icon-1.png","descripción":"Código: 5042\nCoordenadas: -41.1615993 -71.4145512\nGarita: \nCartel: \nObservaciones: \nConexiones: (50_A1:56)-(50_B2:12)-(50_C1:55)-","Código":"5042","Coordenadas":"-41.1615993 -71.4145512","Garita":"","Cartel":"","Observaciones":"","Conexiones":"(50_A1:56)-(50_B2:12)-(50_C1:55)-"}},
{"type":"Feature","geometry":{"type":"Point","coordinates":[-71.414597,-41.16171,0]},"properties":{"name":"Balcón Gutiérrez y Pque. Nac. Arrayanes -b","description":{"@type":"html","value":"descripción: Código: 5043<br>Coordenadas: -41.1617104 -71.4145968<br>Garita: <br>Cartel: <br>Observaciones: <br>Conexiones: (50_A1:58)-(50_B2:9)-(50_C2:3)-<br>Código: 5043<br>Coordenadas: -41.1617104 -71.4145968<br>Garita: <br>Cartel: <br>Observaciones: <br>Conexiones: (50_A1:58)-(50_B2:9)-(50_C2:3)-"},"styleUrl":"#icon-1739-E65100","icon-scale":1,"icon":"images/icon-1.png","descripción":"Código: 5043\nCoordenadas: -41.1617104 -71.4145968\nGarita: \nCartel: \nObservaciones: \nConexiones: (50_A1:58)-(50_B2:9)-(50_C2:3)-","Código":"5043","Coordenadas":"-41.1617104 -71.4145968","Garita":"","Cartel":"","Observaciones":"","Conexiones":"(50_A1:58)-(50_B2:9)-(50_C2:3)-"}},
{"type":"Feature","geometry":{"type":"Point","coordinates":[-71.416731,-41.16003,0]},"properties":{"name":"Pque. Nac. Nahuel Huapi y Pque. Nac. Lihuel Calel","description":{"@type":"html","value":"descripción: Código: 5044<br>Coordenadas: -41.1600301 -71.4167306<br>Garita: <br>Cartel: <br>Observaciones: <br>Conexiones: (50_B2:10)-(50_C2:2)-<br>Código: 5044<br>Coordenadas: -41.1600301 -71.4167306<br>Garita: <br>Cartel: <br>Observaciones: <br>Conexiones: (50_B2:10)-(50_C2:2)-"},"styleUrl":"#icon-1739-E65100","icon-scale":1,"icon":"images/icon-1.png","descripción":"Código: 5044\nCoordenadas: -41.1600301 -71.4167306\nGarita: \nCartel: \nObservaciones: \nConexiones: (50_B2:10)-(50_C2:2)-","Código":"5044","Coordenadas":"-41.1600301 -71.4167306","Garita":"","Cartel":"","Observaciones":"","Conexiones":"(50_B2:10)-(50_C2:2)-"}},
{"type":"Feature","geometry":{"type":"Point","coordinates":[-71.391986,-41.173651,0]},"properties":{"name":"RP 82 Playa Lago Gutiérrez -a","description":{"@type":"html","value":"descripción: Código: 5045<br>Coordenadas: -41.1736508 -71.3919862<br>Garita: <br>Cartel: <br>Observaciones: <br>Conexiones: (41_1:48)-(50_A2:4)-(50_B2:4)-<br>Código: 5045<br>Coordenadas: -41.1736508 -71.3919862<br>Garita: <br>Cartel: <br>Observaciones: <br>Conexiones: (41_1:48)-(50_A2:4)-(50_B2:4)-"},"styleUrl":"#icon-1739-E65100","icon-scale":1,"icon":"images/icon-1.png","descripción":"Código: 5045\nCoordenadas: -41.1736508 -71.3919862\nGarita: \nCartel: \nObservaciones: \nConexiones: (41_1:48)-(50_A2:4)-(50_B2:4)-","Código":"5045","Coordenadas":"-41.1736508 -71.3919862","Garita":"","Cartel":"","Observaciones":"","Conexiones":"(41_1:48)-(50_A2:4)-(50_B2:4)-"}},
{"type":"Feature","geometry":{"type":"Point","coordinates":[-71.392138,-41.17368,0]},"properties":{"name":"RP 82 Playa Lago Gutiérrez -b","description":{"@type":"html","value":"descripción: Código: 5046<br>Coordenadas: -41.1736801 -71.3921377<br>Garita: <br>Cartel: <br>Observaciones: <br>Conexiones: (41_2:2)-(50_A1:64)-(50_B1:56)-<br>Código: 5046<br>Coordenadas: -41.1736801 -71.3921377<br>Garita: <br>Cartel: <br>Observaciones: <br>Conexiones: (41_2:2)-(50_A1:64)-(50_B1:56)-"},"styleUrl":"#icon-1739-E65100","icon-scale":1,"icon":"images/icon-1.png","descripción":"Código: 5046\nCoordenadas: -41.1736801 -71.3921377\nGarita: \nCartel: \nObservaciones: \nConexiones: (41_2:2)-(50_A1:64)-(50_B1:56)-","Código":"5046","Coordenadas":"-41.1736801 -71.3921377","Garita":"","Cartel":"","Observaciones":"","Conexiones":"(41_2:2)-(50_A1:64)-(50_B1:56)-"}},
{"type":"Feature","geometry":{"type":"Point","coordinates":[-71.320416,-41.132314,0]},"properties":{"name":"Av. Bustillo - Sanatorio -a","description":{"@type":"html","value":"descripción: Código: 5047<br>Coordenadas: -41.1323143 -71.3204155<br>Garita: <br>Cartel: <br>Observaciones: <br>Conexiones: (10_A1:12)-(10_B1:12)-(10_C1:12)-(13/22_A1:11)-(20_1:12)-(21_1:12)-<br>Código: 5047<br>Coordenadas: -41.1323143 -71.3204155<br>Garita: <br>Cartel: <br>Observaciones: <br>Conexiones: (10_A1:12)-(10_B1:12)-(10_C1:12)-(13/22_A1:11)-(20_1:12)-(21_1:12)-"},"styleUrl":"#icon-1739-E65100","icon-scale":1,"icon":"images/icon-1.png","descripción":"Código: 5047\nCoordenadas: -41.1323143 -71.3204155\nGarita: \nCartel: \nObservaciones: \nConexiones: (10_A1:12)-(10_B1:12)-(10_C1:12)-(13/22_A1:11)-(20_1:12)-(21_1:12)-","Código":"5047","Coordenadas":"-41.1323143 -71.3204155","Garita":"","Cartel":"","Observaciones":"","Conexiones":"(10_A1:12)-(10_B1:12)-(10_C1:12)-(13/22_A1:11)-(20_1:12)-(21_1:12)-"}},
{"type":"Feature","geometry":{"type":"Point","coordinates":[-71.315965,-41.136789,0]},"properties":{"name":"20 de Junio y 24 de Septiembre","description":{"@type":"html","value":"descripción: Código: 5048<br>Coordenadas: -41.1367887 -71.3159653<br>Garita: <br>Cartel: <br>Observaciones: <br>Conexiones: (50_A1:18)-(50_B1:18)-(50_C1:18)-(51_1:19)-(55_1:10)-<br>Código: 5048<br>Coordenadas: -41.1367887 -71.3159653<br>Garita: <br>Cartel: <br>Observaciones: <br>Conexiones: (50_A1:18)-(50_B1:18)-(50_C1:18)-(51_1:19)-(55_1:10)-"},"styleUrl":"#icon-1739-E65100","icon-scale":1,"icon":"images/icon-1.png","descripción":"Código: 5048\nCoordenadas: -41.1367887 -71.3159653\nGarita: \nCartel: \nObservaciones: \nConexiones: (50_A1:18)-(50_B1:18)-(50_C1:18)-(51_1:19)-(55_1:10)-","Código":"5048","Coordenadas":"-41.1367887 -71.3159653","Garita":"","Cartel":"","Observaciones":"","Conexiones":"(50_A1:18)-(50_B1:18)-(50_C1:18)-(51_1:19)-(55_1:10)-"}},
{"type":"Feature","geometry":{"type":"Point","coordinates":[-71.314953,-41.139805,0]},"properties":{"name":"20 de Febrero y Güemes","description":{"@type":"html","value":"descripción: Código: 5049<br>Coordenadas: -41.1398054 -71.3149534<br>Garita: <br>Cartel: <br>Observaciones: <br>Conexiones: (50_A2:40)-(50_B2:49)-(50_C2:40)-(51_2:50)-(55_2:36)-<br>Código: 5049<br>Coordenadas: -41.1398054 -71.3149534<br>Garita: <br>Cartel: <br>Observaciones: <br>Conexiones: (50_A2:40)-(50_B2:49)-(50_C2:40)-(51_2:50)-(55_2:36)-"},"styleUrl":"#icon-1739-E65100","icon-scale":1,"icon":"images/icon-1.png","descripción":"Código: 5049\nCoordenadas: -41.1398054 -71.3149534\nGarita: \nCartel: \nObservaciones: \nConexiones: (50_A2:40)-(50_B2:49)-(50_C2:40)-(51_2:50)-(55_2:36)-","Código":"5049","Coordenadas":"-41.1398054 -71.3149534","Garita":"","Cartel":"","Observaciones":"","Conexiones":"(50_A2:40)-(50_B2:49)-(50_C2:40)-(51_2:50)-(55_2:36)-"}},
{"type":"Feature","geometry":{"type":"Point","coordinates":[-71.363575,-41.123042,0]},"properties":{"name":"Av. Bustillo Km.4.800 -a","description":{"@type":"html","value":"descripción: Código: 5050<br>Coordenadas: -41.1230423 -71.3635747<br>Garita: <br>Cartel: <br>Observaciones: <br>Conexiones: (10_A1:24)-(10_B1:24)-(10_C1:24)-(13/22_A1:23)-(20_1:24)-(21_1:24)-<br>Código: 5050<br>Coordenadas: -41.1230423 -71.3635747<br>Garita: <br>Cartel: <br>Observaciones: <br>Conexiones: (10_A1:24)-(10_B1:24)-(10_C1:24)-(13/22_A1:23)-(20_1:24)-(21_1:24)-"},"styleUrl":"#icon-1739-E65100","icon-scale":1,"icon":"images/icon-1.png","descripción":"Código: 5050\nCoordenadas: -41.1230423 -71.3635747\nGarita: \nCartel: \nObservaciones: \nConexiones: (10_A1:24)-(10_B1:24)-(10_C1:24)-(13/22_A1:23)-(20_1:24)-(21_1:24)-","Código":"5050","Coordenadas":"-41.1230423 -71.3635747","Garita":"","Cartel":"","Observaciones":"","Conexiones":"(10_A1:24)-(10_B1:24)-(10_C1:24)-(13/22_A1:23)-(20_1:24)-(21_1:24)-"}},
{"type":"Feature","geometry":{"type":"Point","coordinates":[-71.363614,-41.12316,0]},"properties":{"name":"Av. Bustillo Km.4.800 -b","description":{"@type":"html","value":"descripción: Código: 5051<br>Coordenadas: -41.1231603 -71.3636138<br>Garita: <br>Cartel: <br>Observaciones: <br>Conexiones: (10_A2:48)-(10_B2:49)-(10_C2:58)-(13/22_A2:51)-(20_2:52)-(21_2:34)-<br>Código: 5051<br>Coordenadas: -41.1231603 -71.3636138<br>Garita: <br>Cartel: <br>Observaciones: <br>Conexiones: (10_A2:48)-(10_B2:49)-(10_C2:58)-(13/22_A2:51)-(20_2:52)-(21_2:34)-"},"styleUrl":"#icon-1739-E65100","icon-scale":1,"icon":"images/icon-1.png","descripción":"Código: 5051\nCoordenadas: -41.1231603 -71.3636138\nGarita: \nCartel: \nObservaciones: \nConexiones: (10_A2:48)-(10_B2:49)-(10_C2:58)-(13/22_A2:51)-(20_2:52)-(21_2:34)-","Código":"5051","Coordenadas":"-41.1231603 -71.3636138","Garita":"","Cartel":"","Observaciones":"","Conexiones":"(10_A2:48)-(10_B2:49)-(10_C2:58)-(13/22_A2:51)-(20_2:52)-(21_2:34)-"}},
{"type":"Feature","geometry":{"type":"Point","coordinates":[-71.331103,-41.13185,0]},"properties":{"name":"Av. Bustillo Km.1.700 - Mirador -b","description":{"@type":"html","value":"descripción: Código: 5052<br>Coordenadas: -41.1318504 -71.3311034<br>Garita: <br>Cartel: <br>Observaciones: <br>Conexiones: (10_A2:57)-(10_B2:58)-(10_C2:67)-(13/22_A2:60)-(20_2:61)-(21_2:43)-<br>Código: 5052<br>Coordenadas: -41.1318504 -71.3311034<br>Garita: <br>Cartel: <br>Observaciones: <br>Conexiones: (10_A2:57)-(10_B2:58)-(10_C2:67)-(13/22_A2:60)-(20_2:61)-(21_2:43)-"},"styleUrl":"#icon-1739-E65100","icon-scale":1,"icon":"images/icon-1.png","descripción":"Código: 5052\nCoordenadas: -41.1318504 -71.3311034\nGarita: \nCartel: \nObservaciones: \nConexiones: (10_A2:57)-(10_B2:58)-(10_C2:67)-(13/22_A2:60)-(20_2:61)-(21_2:43)-","Código":"5052","Coordenadas":"-41.1318504 -71.3311034","Garita":"","Cartel":"","Observaciones":"","Conexiones":"(10_A2:57)-(10_B2:58)-(10_C2:67)-(13/22_A2:60)-(20_2:61)-(21_2:43)-"}},
{"type":"Feature","geometry":{"type":"Point","coordinates":[-71.40938,-41.148282,0]},"properties":{"name":"RP 82 y Centro Secundario -b","description":{"@type":"html","value":"descripción: Código: 5053<br>Coordenadas: -41.1482821 -71.4093796<br>Garita: <br>Cartel: <br>Observaciones: <br>Conexiones: (50_A2:9)-(50_B2:18)-(50_C2:9)-<br>Código: 5053<br>Coordenadas: -41.1482821 -71.4093796<br>Garita: <br>Cartel: <br>Observaciones: <br>Conexiones: (50_A2:9)-(50_B2:18)-(50_C2:9)-"},"styleUrl":"#icon-1739-E65100","icon-scale":1,"icon":"images/icon-1.png","descripción":"Código: 5053\nCoordenadas: -41.1482821 -71.4093796\nGarita: \nCartel: \nObservaciones: \nConexiones: (50_A2:9)-(50_B2:18)-(50_C2:9)-","Código":"5053","Coordenadas":"-41.1482821 -71.4093796","Garita":"","Cartel":"","Observaciones":"","Conexiones":"(50_A2:9)-(50_B2:18)-(50_C2:9)-"}},
{"type":"Feature","geometry":{"type":"Point","coordinates":[-71.297953,-41.135786,0]},"properties":{"name":"Moreno y Onelli","description":{"@type":"html","value":"descripción: Código: 8001<br>Coordenadas: -41.1357863 -71.2979526<br>Garita: <br>Cartel: 1<br>Observaciones: <br>Conexiones: (10_A1:6)-(10_B1:6)-(10_C1:6)-(13/22_A1:5)-(20_1:6)-(21_1:6)-(50_A1:14)-(50_B1:14)-(50_C1:14)-(51_1:15)-(55_1:6)-<br>Código: 8001<br>Coordenadas: -41.1357863 -71.2979526<br>Garita: <br>Cartel: 1.0<br>Observaciones: <br>Conexiones: (10_A1:6)-(10_B1:6)-(10_C1:6)-(13/22_A1:5)-(20_1:6)-(21_1:6)-(50_A1:14)-(50_B1:14)-(50_C1:14)-(51_1:15)-(55_1:6)-"},"styleUrl":"#icon-1739-E65100","icon-scale":1,"icon":"images/icon-1.png","descripción":"Código: 8001\nCoordenadas: -41.1357863 -71.2979526\nGarita: \nCartel: 1\nObservaciones: \nConexiones: (10_A1:6)-(10_B1:6)-(10_C1:6)-(13/22_A1:5)-(20_1:6)-(21_1:6)-(50_A1:14)-(50_B1:14)-(50_C1:14)-(51_1:15)-(55_1:6)-","Código":"8001","Coordenadas":"-41.1357863 -71.2979526","Garita":"","Cartel":"1.0","Observaciones":"","Conexiones":"(10_A1:6)-(10_B1:6)-(10_C1:6)-(13/22_A1:5)-(20_1:6)-(21_1:6)-(50_A1:14)-(50_B1:14)-(50_C1:14)-(51_1:15)-(55_1:6)-"}},
{"type":"Feature","geometry":{"type":"Point","coordinates":[-71.299,-41.135669,0]},"properties":{"name":"Moreno - Hospital A","description":{"@type":"html","value":"descripción: Código: 8002<br>Coordenadas: -41.1356691 -71.299<br>Garita: <br>Cartel: 1<br>Observaciones: <br>Conexiones: (70_1:26)-(70_2:16)-(71/81_A1:6)-(71/81_B1:23)-(71/81_C1:23)-(80_2:31)-(81_A2:30)-(81_B2:47)-(82_2:24)-(84_2:31)-<br>Código: 8002<br>Coordenadas: -41.1356691 -71.299<br>Garita: <br>Cartel: 1.0<br>Observaciones: <br>Conexiones: (70_1:26)-(70_2:16)-(71/81_A1:6)-(71/81_B1:23)-(71/81_C1:23)-(80_2:31)-(81_A2:30)-(81_B2:47)-(82_2:24)-(84_2:31)-"},"styleUrl":"#icon-1739-E65100","icon-scale":1,"icon":"images/icon-1.png","descripción":"Código: 8002\nCoordenadas: -41.1356691 -71.299\nGarita: \nCartel: 1\nObservaciones: \nConexiones: (70_1:26)-(70_2:16)-(71/81_A1:6)-(71/81_B1:23)-(71/81_C1:23)-(80_2:31)-(81_A2:30)-(81_B2:47)-(82_2:24)-(84_2:31)-","Código":"8002","Coordenadas":"-41.1356691 -71.299","Garita":"","Cartel":"1.0","Observaciones":"","Conexiones":"(70_1:26)-(70_2:16)-(71/81_A1:6)-(71/81_B1:23)-(71/81_C1:23)-(80_2:31)-(81_A2:30)-(81_B2:47)-(82_2:24)-(84_2:31)-"}},
{"type":"Feature","geometry":{"type":"Point","coordinates":[-71.299577,-41.135619,0]},"properties":{"name":"Moreno - Hospital B","description":{"@type":"html","value":"descripción: Código: 8003<br>Coordenadas: -41.1356186 -71.2995766<br>Garita: <br>Cartel: 1<br>Observaciones: <br>Conexiones: (31_2:32)-(41_2:43)-(60_1:28)-(60_2:29)-(61_A1:17)-(61_A2:36)-(61_B2:38)-(61_C2:19)-<br>Código: 8003<br>Coordenadas: -41.1356186 -71.2995766<br>Garita: <br>Cartel: 1.0<br>Observaciones: <br>Conexiones: (31_2:32)-(41_2:43)-(60_1:28)-(60_2:29)-(61_A1:17)-(61_A2:36)-(61_B2:38)-(61_C2:19)-"},"styleUrl":"#icon-1739-E65100","icon-scale":1,"icon":"images/icon-1.png","descripción":"Código: 8003\nCoordenadas: -41.1356186 -71.2995766\nGarita: \nCartel: 1\nObservaciones: \nConexiones: (31_2:32)-(41_2:43)-(60_1:28)-(60_2:29)-(61_A1:17)-(61_A2:36)-(61_B2:38)-(61_C2:19)-","Código":"8003","Coordenadas":"-41.1356186 -71.2995766","Garita":"","Cartel":"1.0","Observaciones":"","Conexiones":"(31_2:32)-(41_2:43)-(60_1:28)-(60_2:29)-(61_A1:17)-(61_A2:36)-(61_B2:38)-(61_C2:19)-"}},
{"type":"Feature","geometry":{"type":"Point","coordinates":[-71.299817,-41.135592,0]},"properties":{"name":"Moreno - Hospital C","description":{"@type":"html","value":"descripción: Código: 8004<br>Coordenadas: -41.1355924 -71.2998167<br>Garita: <br>Cartel: 1<br>Observaciones: <br>Conexiones: (40_2:35)-<br>Código: 8004<br>Coordenadas: -41.1355924 -71.2998167<br>Garita: <br>Cartel: 1.0<br>Observaciones: <br>Conexiones: (40_2:35)-"},"styleUrl":"#icon-1739-E65100","icon-scale":1,"icon":"images/icon-1.png","descripción":"Código: 8004\nCoordenadas: -41.1355924 -71.2998167\nGarita: \nCartel: 1\nObservaciones: \nConexiones: (40_2:35)-","Código":"8004","Coordenadas":"-41.1355924 -71.2998167","Garita":"","Cartel":"1.0","Observaciones":"","Conexiones":"(40_2:35)-"}},
{"type":"Feature","geometry":{"type":"Point","coordinates":[-71.303236,-41.135216,0]},"properties":{"name":"Moreno y Beschtedt A","description":{"@type":"html","value":"descripción: Código: 8005<br>Coordenadas: -41.1352165 -71.3032359<br>Garita: <br>Cartel: <br>Observaciones: <br>Conexiones: (31_1:1)-(60_1:29)-(60_2:30)-<br>Código: 8005<br>Coordenadas: -41.1352165 -71.3032359<br>Garita: <br>Cartel: <br>Observaciones: <br>Conexiones: (31_1:1)-(60_1:29)-(60_2:30)-"},"styleUrl":"#icon-1739-E65100","icon-scale":1,"icon":"images/icon-1.png","descripción":"Código: 8005\nCoordenadas: -41.1352165 -71.3032359\nGarita: \nCartel: \nObservaciones: \nConexiones: (31_1:1)-(60_1:29)-(60_2:30)-","Código":"8005","Coordenadas":"-41.1352165 -71.3032359","Garita":"","Cartel":"","Observaciones":"","Conexiones":"(31_1:1)-(60_1:29)-(60_2:30)-"}},
{"type":"Feature","geometry":{"type":"Point","coordinates":[-71.303454,-41.135189,0]},"properties":{"name":"Moreno y Beschtedt B","description":{"@type":"html","value":"descripción: Código: 8006<br>Coordenadas: -41.1351892 -71.3034545<br>Garita: <br>Cartel: <br>Observaciones: <br>Conexiones: (20_1:7)-(21_1:7)-(50_A1:15)-(50_B1:15)-(50_C1:15)-(51_1:16)-<br>Código: 8006<br>Coordenadas: -41.1351892 -71.3034545<br>Garita: <br>Cartel: <br>Observaciones: <br>Conexiones: (20_1:7)-(21_1:7)-(50_A1:15)-(50_B1:15)-(50_C1:15)-(51_1:16)-"},"styleUrl":"#icon-1739-E65100","icon-scale":1,"icon":"images/icon-1.png","descripción":"Código: 8006\nCoordenadas: -41.1351892 -71.3034545\nGarita: \nCartel: \nObservaciones: \nConexiones: (20_1:7)-(21_1:7)-(50_A1:15)-(50_B1:15)-(50_C1:15)-(51_1:16)-","Código":"8006","Coordenadas":"-41.1351892 -71.3034545","Garita":"","Cartel":"","Observaciones":"","Conexiones":"(20_1:7)-(21_1:7)-(50_A1:15)-(50_B1:15)-(50_C1:15)-(51_1:16)-"}},
{"type":"Feature","geometry":{"type":"Point","coordinates":[-71.3037,-41.135165,0]},"properties":{"name":"Moreno y Beschtedt C","description":{"@type":"html","value":"descripción: Código: 8007<br>Coordenadas: -41.1351649 -71.3036999<br>Garita: 1<br>Cartel: <br>Observaciones: <br>Conexiones: (10_A1:7)-(10_B1:7)-(10_C1:7)-(13/22_A1:6)-(55_1:7)-(72_1:1)-(72_2:20)-<br>Código: 8007<br>Coordenadas: -41.1351649 -71.3036999<br>Garita: 1.0<br>Cartel: <br>Observaciones: <br>Conexiones: (10_A1:7)-(10_B1:7)-(10_C1:7)-(13/22_A1:6)-(55_1:7)-(72_1:1)-(72_2:20)-"},"styleUrl":"#icon-1739-E65100","icon-scale":1,"icon":"images/icon-1.png","descripción":"Código: 8007\nCoordenadas: -41.1351649 -71.3036999\nGarita: 1\nCartel: \nObservaciones: \nConexiones: (10_A1:7)-(10_B1:7)-(10_C1:7)-(13/22_A1:6)-(55_1:7)-(72_1:1)-(72_2:20)-","Código":"8007","Coordenadas":"-41.1351649 -71.3036999","Garita":"1.0","Cartel":"","Observaciones":"","Conexiones":"(10_A1:7)-(10_B1:7)-(10_C1:7)-(13/22_A1:6)-(55_1:7)-(72_1:1)-(72_2:20)-"}},
{"type":"Feature","geometry":{"type":"Point","coordinates":[-71.304589,-41.135124,0]},"properties":{"name":"Moreno y Palacios A","description":{"@type":"html","value":"descripción: Código: 8008<br>Coordenadas: -41.1351245 -71.3045891<br>Garita: <br>Cartel: <br>Observaciones: <br>Conexiones: (80_1:1)-(80_2:32)-(81_A1:1)-(81_A2:31)-(81_B1:1)-(81_B2:48)-<br>Código: 8008<br>Coordenadas: -41.1351245 -71.3045891<br>Garita: <br>Cartel: <br>Observaciones: <br>Conexiones: (80_1:1)-(80_2:32)-(81_A1:1)-(81_A2:31)-(81_B1:1)-(81_B2:48)-"},"styleUrl":"#icon-1739-E65100","icon-scale":1,"icon":"images/icon-1.png","descripción":"Código: 8008\nCoordenadas: -41.1351245 -71.3045891\nGarita: \nCartel: \nObservaciones: \nConexiones: (80_1:1)-(80_2:32)-(81_A1:1)-(81_A2:31)-(81_B1:1)-(81_B2:48)-","Código":"8008","Coordenadas":"-41.1351245 -71.3045891","Garita":"","Cartel":"","Observaciones":"","Conexiones":"(80_1:1)-(80_2:32)-(81_A1:1)-(81_A2:31)-(81_B1:1)-(81_B2:48)-"}},
{"type":"Feature","geometry":{"type":"Point","coordinates":[-71.304759,-41.135107,0]},"properties":{"name":"Moreno y Palacios B","description":{"@type":"html","value":"descripción: Código: 8009<br>Coordenadas: -41.1351074 -71.3047594<br>Garita: <br>Cartel: <br>Observaciones: <br>Conexiones: (70_1:27)-(70_2:17)-(82_2:25)-(84_1:1)-<br>Código: 8009<br>Coordenadas: -41.1351074 -71.3047594<br>Garita: <br>Cartel: <br>Observaciones: <br>Conexiones: (70_1:27)-(70_2:17)-(82_2:25)-(84_1:1)-"},"styleUrl":"#icon-1739-E65100","icon-scale":1,"icon":"images/icon-1.png","descripción":"Código: 8009\nCoordenadas: -41.1351074 -71.3047594\nGarita: \nCartel: \nObservaciones: \nConexiones: (70_1:27)-(70_2:17)-(82_2:25)-(84_1:1)-","Código":"8009","Coordenadas":"-41.1351074 -71.3047594","Garita":"","Cartel":"","Observaciones":"","Conexiones":"(70_1:27)-(70_2:17)-(82_2:25)-(84_1:1)-"}},
{"type":"Feature","geometry":{"type":"Point","coordinates":[-71.304922,-41.13509,0]},"properties":{"name":"Moreno y Palacios C","description":{"@type":"html","value":"descripción: Código: 8010<br>Coordenadas: -41.1350902 -71.3049217<br>Garita: <br>Cartel: <br>Observaciones: <br>Conexiones: (71/81_A1:7)-(71/81_B1:24)-(71/81_C1:24)-<br>Código: 8010<br>Coordenadas: -41.1350902 -71.3049217<br>Garita: <br>Cartel: <br>Observaciones: <br>Conexiones: (71/81_A1:7)-(71/81_B1:24)-(71/81_C1:24)-"},"styleUrl":"#icon-1739-E65100","icon-scale":1,"icon":"images/icon-1.png","descripción":"Código: 8010\nCoordenadas: -41.1350902 -71.3049217\nGarita: \nCartel: \nObservaciones: \nConexiones: (71/81_A1:7)-(71/81_B1:24)-(71/81_C1:24)-","Código":"8010","Coordenadas":"-41.1350902 -71.3049217","Garita":"","Cartel":"","Observaciones":"","Conexiones":"(71/81_A1:7)-(71/81_B1:24)-(71/81_C1:24)-"}},
{"type":"Feature","geometry":{"type":"Point","coordinates":[-71.305065,-41.135077,0]},"properties":{"name":"Moreno y Palacios D","description":{"@type":"html","value":"descripción: Código: 8011<br>Coordenadas: -41.1350771 -71.3050652<br>Garita: <br>Cartel: <br>Observaciones: <br>Conexiones: (40_1:1)-(41_1:1)-(61_A1:18)-(61_A2:37)-(61_B1:1)-(61_B2:39)-(61_C1:1)-(61_C2:20)-<br>Código: 8011<br>Coordenadas: -41.1350771 -71.3050652<br>Garita: <br>Cartel: <br>Observaciones: <br>Conexiones: (40_1:1)-(41_1:1)-(61_A1:18)-(61_A2:37)-(61_B1:1)-(61_B2:39)-(61_C1:1)-(61_C2:20)-"},"styleUrl":"#icon-1739-E65100","icon-scale":1,"icon":"images/icon-1.png","descripción":"Código: 8011\nCoordenadas: -41.1350771 -71.3050652\nGarita: \nCartel: \nObservaciones: \nConexiones: (40_1:1)-(41_1:1)-(61_A1:18)-(61_A2:37)-(61_B1:1)-(61_B2:39)-(61_C1:1)-(61_C2:20)-","Código":"8011","Coordenadas":"-41.1350771 -71.3050652","Garita":"","Cartel":"","Observaciones":"","Conexiones":"(40_1:1)-(41_1:1)-(61_A1:18)-(61_A2:37)-(61_B1:1)-(61_B2:39)-(61_C1:1)-(61_C2:20)-"}}
]}
